{"type": "FeatureCollection", "properties": {"source": "Litto3D Bretagne 2018-2021, Shom - IGN 2024", "zh_ign69": -6.289}, "features": [{"type": "Feature", "geometry": {"type": "Point", "coordinates": [-1.8296785, 48.7212622]}, "properties": {"id": "auto00001", "nom": "A0001", "auto": true, "z": 7.84, "saillie": 15.76}}, {"type": "Feature", "geometry": {"type": "Point", "coordinates": [-1.8313654, 48.7206532]}, "properties": {"id": "auto00002", "nom": "A0002", "auto": true, "z": 9.22, "saillie": 12.82}}, {"type": "Feature", "geometry": {"type": "Point", "coordinates": [-1.8313454, 48.7204377]}, "properties": {"id": "auto00003", "nom": "A0003", "auto": true, "z": -0.19, "saillie": 3.41}}, {"type": "Feature", "geometry": {"type": "Point", "coordinates": [-1.8327773, 48.7182531]}, "properties": {"id": "auto00004", "nom": "A0004", "auto": true, "z": 1.0, "saillie": 7.59}}, {"type": "Feature", "geometry": {"type": "Point", "coordinates": [-1.833371, 48.7181929]}, "properties": {"id": "auto00005", "nom": "A0005", "auto": true, "z": 0.05, "saillie": 7.34}}, {"type": "Feature", "geometry": {"type": "Point", "coordinates": [-1.8328526, 48.7178896]}, "properties": {"id": "auto00006", "nom": "A0006", "auto": true, "z": 7.3, "saillie": 10.51}}, {"type": "Feature", "geometry": {"type": "Point", "coordinates": [-1.8485728, 48.7176476]}, "properties": {"id": "auto00007", "nom": "A0007", "auto": true, "z": -1.38, "saillie": 9.13}}, {"type": "Feature", "geometry": {"type": "Point", "coordinates": [-1.8332602, 48.7175847]}, "properties": {"id": "auto00008", "nom": "A0008", "auto": true, "z": 6.51, "saillie": 9.0}}, {"type": "Feature", "geometry": {"type": "Point", "coordinates": [-1.848946, 48.7175603]}, "properties": {"id": "auto00009", "nom": "A0009", "auto": true, "z": -1.69, "saillie": 7.1}}, {"type": "Feature", "geometry": {"type": "Point", "coordinates": [-1.8335558, 48.7172483]}, "properties": {"id": "auto00010", "nom": "A0010", "auto": true, "z": 9.58, "saillie": 10.22}}, {"type": "Feature", "geometry": {"type": "Point", "coordinates": [-1.8340653, 48.7168672]}, "properties": {"id": "auto00011", "nom": "A0011", "auto": true, "z": 11.88, "saillie": 11.56}}, {"type": "Feature", "geometry": {"type": "Point", "coordinates": [-1.849639, 48.7168112]}, "properties": {"id": "auto00012", "nom": "A0012", "auto": true, "z": 0.48, "saillie": 9.85}}, {"type": "Feature", "geometry": {"type": "Point", "coordinates": [-1.8332014, 48.7163615]}, "properties": {"id": "auto00013", "nom": "A0013", "auto": true, "z": -1.09, "saillie": 4.0}}, {"type": "Feature", "geometry": {"type": "Point", "coordinates": [-1.8343853, 48.7162054]}, "properties": {"id": "auto00014", "nom": "A0014", "auto": true, "z": 12.57, "saillie": 11.53}}, {"type": "Feature", "geometry": {"type": "Point", "coordinates": [-1.8339888, 48.7160412]}, "properties": {"id": "auto00015", "nom": "A0015", "auto": true, "z": 9.37, "saillie": 12.82}}, {"type": "Feature", "geometry": {"type": "Point", "coordinates": [-1.8522313, 48.7159848]}, "properties": {"id": "auto00016", "nom": "A0016", "auto": true, "z": -2.3, "saillie": 8.75}}, {"type": "Feature", "geometry": {"type": "Point", "coordinates": [-1.9690821, 48.7148826]}, "properties": {"id": "auto00017", "nom": "A0017", "auto": true, "z": 1.11, "saillie": 10.76}}, {"type": "Feature", "geometry": {"type": "Point", "coordinates": [-1.9694854, 48.7145414]}, "properties": {"id": "auto00018", "nom": "A0018", "auto": true, "z": -0.17, "saillie": 6.92}}, {"type": "Feature", "geometry": {"type": "Point", "coordinates": [-1.9704655, 48.7145365]}, "properties": {"id": "auto00019", "nom": "A0019", "auto": true, "z": 1.43, "saillie": 8.55}}, {"type": "Feature", "geometry": {"type": "Point", "coordinates": [-1.9733852, 48.7143066]}, "properties": {"id": "auto00020", "nom": "A0020", "auto": true, "z": 0.77, "saillie": 8.8}}, {"type": "Feature", "geometry": {"type": "Point", "coordinates": [-1.973002, 48.7142865]}, "properties": {"id": "auto00021", "nom": "A0021", "auto": true, "z": 3.63, "saillie": 11.11}}, {"type": "Feature", "geometry": {"type": "Point", "coordinates": [-1.9715302, 48.7142758]}, "properties": {"id": "auto00022", "nom": "A0022", "auto": true, "z": 7.45, "saillie": 14.15}}, {"type": "Feature", "geometry": {"type": "Point", "coordinates": [-1.9703296, 48.7142538]}, "properties": {"id": "auto00023", "nom": "A0023", "auto": true, "z": 4.45, "saillie": 10.72}}, {"type": "Feature", "geometry": {"type": "Point", "coordinates": [-1.8363186, 48.7141445]}, "properties": {"id": "auto00024", "nom": "A0024", "auto": true, "z": 5.85, "saillie": 12.76}}, {"type": "Feature", "geometry": {"type": "Point", "coordinates": [-1.9719506, 48.7141141]}, "properties": {"id": "auto00025", "nom": "A0025", "auto": true, "z": 7.19, "saillie": 11.06}}, {"type": "Feature", "geometry": {"type": "Point", "coordinates": [-1.9712349, 48.7140358]}, "properties": {"id": "auto00026", "nom": "A0026", "auto": true, "z": 10.16, "saillie": 11.46}}, {"type": "Feature", "geometry": {"type": "Point", "coordinates": [-1.9707432, 48.7140203]}, "properties": {"id": "auto00027", "nom": "A0027", "auto": true, "z": 9.11, "saillie": 15.44}}, {"type": "Feature", "geometry": {"type": "Point", "coordinates": [-1.8365157, 48.7139202]}, "properties": {"id": "auto00028", "nom": "A0028", "auto": true, "z": 6.36, "saillie": 13.01}}, {"type": "Feature", "geometry": {"type": "Point", "coordinates": [-1.8437595, 48.7139144]}, "properties": {"id": "auto00029", "nom": "A0029", "auto": true, "z": 3.82, "saillie": 7.6}}, {"type": "Feature", "geometry": {"type": "Point", "coordinates": [-1.8441394, 48.7138989]}, "properties": {"id": "auto00030", "nom": "A0030", "auto": true, "z": 2.99, "saillie": 8.42}}, {"type": "Feature", "geometry": {"type": "Point", "coordinates": [-1.84494, 48.7137222]}, "properties": {"id": "auto00031", "nom": "A0031", "auto": true, "z": 1.9, "saillie": 7.53}}, {"type": "Feature", "geometry": {"type": "Point", "coordinates": [-1.8419422, 48.7136999]}, "properties": {"id": "auto00032", "nom": "A0032", "auto": true, "z": 0.6, "saillie": 9.01}}, {"type": "Feature", "geometry": {"type": "Point", "coordinates": [-1.8547409, 48.7136838]}, "properties": {"id": "auto00033", "nom": "A0033", "auto": true, "z": -1.71, "saillie": 4.13}}, {"type": "Feature", "geometry": {"type": "Point", "coordinates": [-1.8441703, 48.7136454]}, "properties": {"id": "auto00034", "nom": "A0034", "auto": true, "z": 5.28, "saillie": 5.13}}, {"type": "Feature", "geometry": {"type": "Point", "coordinates": [-1.9720043, 48.7135351]}, "properties": {"id": "auto00035", "nom": "A0035", "auto": true, "z": 3.3, "saillie": 9.0}}, {"type": "Feature", "geometry": {"type": "Point", "coordinates": [-1.8435601, 48.713526]}, "properties": {"id": "auto00036", "nom": "A0036", "auto": true, "z": 10.2, "saillie": 9.94}}, {"type": "Feature", "geometry": {"type": "Point", "coordinates": [-1.930112, 48.7135092]}, "properties": {"id": "auto00037", "nom": "A0037", "auto": true, "z": 1.49, "saillie": 5.88}}, {"type": "Feature", "geometry": {"type": "Point", "coordinates": [-1.8422411, 48.7133993]}, "properties": {"id": "auto00038", "nom": "A0038", "auto": true, "z": -2.05, "saillie": 4.61}}, {"type": "Feature", "geometry": {"type": "Point", "coordinates": [-1.8552568, 48.7133744]}, "properties": {"id": "auto00039", "nom": "A0039", "auto": true, "z": 1.51, "saillie": 7.72}}, {"type": "Feature", "geometry": {"type": "Point", "coordinates": [-1.8559079, 48.7133479]}, "properties": {"id": "auto00040", "nom": "A0040", "auto": true, "z": 3.24, "saillie": 10.82}}, {"type": "Feature", "geometry": {"type": "Point", "coordinates": [-1.9272634, 48.7133387]}, "properties": {"id": "auto00041", "nom": "A0041", "auto": true, "z": -1.78, "saillie": 6.72}}, {"type": "Feature", "geometry": {"type": "Point", "coordinates": [-1.8541615, 48.7133109]}, "properties": {"id": "auto00042", "nom": "A0042", "auto": true, "z": -1.52, "saillie": 5.47}}, {"type": "Feature", "geometry": {"type": "Point", "coordinates": [-1.8438014, 48.7131918]}, "properties": {"id": "auto00043", "nom": "A0043", "auto": true, "z": 9.41, "saillie": 8.05}}, {"type": "Feature", "geometry": {"type": "Point", "coordinates": [-1.8551725, 48.7130534]}, "properties": {"id": "auto00044", "nom": "A0044", "auto": true, "z": 4.63, "saillie": 8.75}}, {"type": "Feature", "geometry": {"type": "Point", "coordinates": [-1.9214067, 48.71304]}, "properties": {"id": "auto00045", "nom": "A0045", "auto": true, "z": -0.39, "saillie": 7.4}}, {"type": "Feature", "geometry": {"type": "Point", "coordinates": [-1.8376263, 48.712974]}, "properties": {"id": "auto00046", "nom": "A0046", "auto": true, "z": 3.68, "saillie": 11.32}}, {"type": "Feature", "geometry": {"type": "Point", "coordinates": [-1.845355, 48.7129123]}, "properties": {"id": "auto00047", "nom": "A0047", "auto": true, "z": 4.02, "saillie": 9.63}}, {"type": "Feature", "geometry": {"type": "Point", "coordinates": [-1.9210099, 48.7128761]}, "properties": {"id": "auto00048", "nom": "A0048", "auto": true, "z": -0.92, "saillie": 5.0}}, {"type": "Feature", "geometry": {"type": "Point", "coordinates": [-1.8555899, 48.7128562]}, "properties": {"id": "auto00049", "nom": "A0049", "auto": true, "z": 2.95, "saillie": 11.26}}, {"type": "Feature", "geometry": {"type": "Point", "coordinates": [-1.8423982, 48.7127442]}, "properties": {"id": "auto00050", "nom": "A0050", "auto": true, "z": -1.93, "saillie": 1.51}}, {"type": "Feature", "geometry": {"type": "Point", "coordinates": [-1.8432664, 48.7127089]}, "properties": {"id": "auto00051", "nom": "A0051", "auto": true, "z": 9.21, "saillie": 10.01}}, {"type": "Feature", "geometry": {"type": "Point", "coordinates": [-1.8457691, 48.7126792]}, "properties": {"id": "auto00052", "nom": "A0052", "auto": true, "z": 5.45, "saillie": 12.18}}, {"type": "Feature", "geometry": {"type": "Point", "coordinates": [-1.8378034, 48.7125343]}, "properties": {"id": "auto00053", "nom": "A0053", "auto": true, "z": 12.53, "saillie": 16.63}}, {"type": "Feature", "geometry": {"type": "Point", "coordinates": [-1.9254423, 48.7125128]}, "properties": {"id": "auto00054", "nom": "A0054", "auto": true, "z": 1.77, "saillie": 6.26}}, {"type": "Feature", "geometry": {"type": "Point", "coordinates": [-1.8411235, 48.7125076]}, "properties": {"id": "auto00055", "nom": "A0055", "auto": true, "z": -1.99, "saillie": 8.24}}, {"type": "Feature", "geometry": {"type": "Point", "coordinates": [-1.918687, 48.7125034]}, "properties": {"id": "auto00056", "nom": "A0056", "auto": true, "z": -0.89, "saillie": 5.16}}, {"type": "Feature", "geometry": {"type": "Point", "coordinates": [-1.8428599, 48.712437]}, "properties": {"id": "auto00057", "nom": "A0057", "auto": true, "z": 0.78, "saillie": 2.82}}, {"type": "Feature", "geometry": {"type": "Point", "coordinates": [-1.8457458, 48.7124279]}, "properties": {"id": "auto00058", "nom": "A0058", "auto": true, "z": 6.33, "saillie": 6.26}}, {"type": "Feature", "geometry": {"type": "Point", "coordinates": [-1.9260324, 48.7124163]}, "properties": {"id": "auto00059", "nom": "A0059", "auto": true, "z": -0.77, "saillie": 3.91}}, {"type": "Feature", "geometry": {"type": "Point", "coordinates": [-1.9740686, 48.7123314]}, "properties": {"id": "auto00060", "nom": "A0060", "auto": true, "z": -0.58, "saillie": 5.29}}, {"type": "Feature", "geometry": {"type": "Point", "coordinates": [-1.9197519, 48.7122432]}, "properties": {"id": "auto00061", "nom": "A0061", "auto": true, "z": 0.57, "saillie": 7.19}}, {"type": "Feature", "geometry": {"type": "Point", "coordinates": [-1.9733495, 48.7122172]}, "properties": {"id": "auto00062", "nom": "A0062", "auto": true, "z": 0.93, "saillie": 6.0}}, {"type": "Feature", "geometry": {"type": "Point", "coordinates": [-1.9736717, 48.7121677]}, "properties": {"id": "auto00063", "nom": "A0063", "auto": true, "z": 0.19, "saillie": 5.63}}, {"type": "Feature", "geometry": {"type": "Point", "coordinates": [-1.8462075, 48.7121207]}, "properties": {"id": "auto00064", "nom": "A0064", "auto": true, "z": 3.83, "saillie": 8.39}}, {"type": "Feature", "geometry": {"type": "Point", "coordinates": [-1.8418974, 48.7120436]}, "properties": {"id": "auto00065", "nom": "A0065", "auto": true, "z": 4.16, "saillie": 7.16}}, {"type": "Feature", "geometry": {"type": "Point", "coordinates": [-1.9209253, 48.7119784]}, "properties": {"id": "auto00066", "nom": "A0066", "auto": true, "z": 6.2, "saillie": 9.83}}, {"type": "Feature", "geometry": {"type": "Point", "coordinates": [-1.9253915, 48.7119742]}, "properties": {"id": "auto00067", "nom": "A0067", "auto": true, "z": 2.19, "saillie": 6.47}}, {"type": "Feature", "geometry": {"type": "Point", "coordinates": [-1.927243, 48.7119697]}, "properties": {"id": "auto00068", "nom": "A0068", "auto": true, "z": 0.83, "saillie": 4.9}}, {"type": "Feature", "geometry": {"type": "Point", "coordinates": [-1.9216307, 48.7119493]}, "properties": {"id": "auto00069", "nom": "A0069", "auto": true, "z": -0.64, "saillie": 5.35}}, {"type": "Feature", "geometry": {"type": "Point", "coordinates": [-1.9313803, 48.7119428]}, "properties": {"id": "auto00070", "nom": "A0070", "auto": true, "z": -1.79, "saillie": 5.87}}, {"type": "Feature", "geometry": {"type": "Point", "coordinates": [-1.9295219, 48.7118755]}, "properties": {"id": "auto00071", "nom": "A0071", "auto": true, "z": 1.75, "saillie": 5.8}}, {"type": "Feature", "geometry": {"type": "Point", "coordinates": [-1.8459062, 48.7118086]}, "properties": {"id": "auto00072", "nom": "A0072", "auto": true, "z": 5.45, "saillie": 7.3}}, {"type": "Feature", "geometry": {"type": "Point", "coordinates": [-1.9192196, 48.7117965]}, "properties": {"id": "auto00073", "nom": "A0073", "auto": true, "z": 4.51, "saillie": 5.29}}, {"type": "Feature", "geometry": {"type": "Point", "coordinates": [-1.9247743, 48.7117834]}, "properties": {"id": "auto00074", "nom": "A0074", "auto": true, "z": 0.44, "saillie": 6.51}}, {"type": "Feature", "geometry": {"type": "Point", "coordinates": [-1.9279857, 48.7117588]}, "properties": {"id": "auto00075", "nom": "A0075", "auto": true, "z": 1.29, "saillie": 7.94}}, {"type": "Feature", "geometry": {"type": "Point", "coordinates": [-1.9254729, 48.7116824]}, "properties": {"id": "auto00076", "nom": "A0076", "auto": true, "z": 5.69, "saillie": 7.03}}, {"type": "Feature", "geometry": {"type": "Point", "coordinates": [-1.9309733, 48.7116712]}, "properties": {"id": "auto00077", "nom": "A0077", "auto": true, "z": -0.26, "saillie": 4.67}}, {"type": "Feature", "geometry": {"type": "Point", "coordinates": [-1.8455097, 48.7116445]}, "properties": {"id": "auto00078", "nom": "A0078", "auto": true, "z": 8.28, "saillie": 7.49}}, {"type": "Feature", "geometry": {"type": "Point", "coordinates": [-1.9187686, 48.7116349]}, "properties": {"id": "auto00079", "nom": "A0079", "auto": true, "z": 7.23, "saillie": 5.81}}, {"type": "Feature", "geometry": {"type": "Point", "coordinates": [-1.9215934, 48.7115543]}, "properties": {"id": "auto00080", "nom": "A0080", "auto": true, "z": 0.33, "saillie": 6.06}}, {"type": "Feature", "geometry": {"type": "Point", "coordinates": [-1.9294914, 48.7115523]}, "properties": {"id": "auto00081", "nom": "A0081", "auto": true, "z": 1.57, "saillie": 5.24}}, {"type": "Feature", "geometry": {"type": "Point", "coordinates": [-1.9260595, 48.71155]}, "properties": {"id": "auto00082", "nom": "A0082", "auto": true, "z": 4.82, "saillie": 5.12}}, {"type": "Feature", "geometry": {"type": "Point", "coordinates": [-1.9199012, 48.7115161]}, "properties": {"id": "auto00083", "nom": "A0083", "auto": true, "z": 6.43, "saillie": 6.92}}, {"type": "Feature", "geometry": {"type": "Point", "coordinates": [-1.9317194, 48.7114962]}, "properties": {"id": "auto00084", "nom": "A0084", "auto": true, "z": 2.04, "saillie": 10.1}}, {"type": "Feature", "geometry": {"type": "Point", "coordinates": [-1.9302408, 48.7114132]}, "properties": {"id": "auto00085", "nom": "A0085", "auto": true, "z": -0.88, "saillie": 3.99}}, {"type": "Feature", "geometry": {"type": "Point", "coordinates": [-1.9308885, 48.7113503]}, "properties": {"id": "auto00086", "nom": "A0086", "auto": true, "z": 0.83, "saillie": 5.5}}, {"type": "Feature", "geometry": {"type": "Point", "coordinates": [-1.8509834, 48.7113497]}, "properties": {"id": "auto00087", "nom": "A0087", "auto": true, "z": 1.19, "saillie": 7.71}}, {"type": "Feature", "geometry": {"type": "Point", "coordinates": [-1.9269107, 48.7113346]}, "properties": {"id": "auto00088", "nom": "A0088", "auto": true, "z": 7.6, "saillie": 8.15}}, {"type": "Feature", "geometry": {"type": "Point", "coordinates": [-1.8513632, 48.7113342]}, "properties": {"id": "auto00089", "nom": "A0089", "auto": true, "z": 1.34, "saillie": 6.39}}, {"type": "Feature", "geometry": {"type": "Point", "coordinates": [-1.9252762, 48.7113301]}, "properties": {"id": "auto00090", "nom": "A0090", "auto": true, "z": 5.95, "saillie": 5.38}}, {"type": "Feature", "geometry": {"type": "Point", "coordinates": [-1.9272905, 48.7113189]}, "properties": {"id": "auto00091", "nom": "A0091", "auto": true, "z": 1.02, "saillie": 1.57}}, {"type": "Feature", "geometry": {"type": "Point", "coordinates": [-1.9188466, 48.7113073]}, "properties": {"id": "auto00092", "nom": "A0092", "auto": true, "z": 8.32, "saillie": 7.86}}, {"type": "Feature", "geometry": {"type": "Point", "coordinates": [-1.9195452, 48.7112063]}, "properties": {"id": "auto00093", "nom": "A0093", "auto": true, "z": 9.15, "saillie": 6.75}}, {"type": "Feature", "geometry": {"type": "Point", "coordinates": [-1.9316888, 48.711173]}, "properties": {"id": "auto00094", "nom": "A0094", "auto": true, "z": 2.16, "saillie": 8.53}}, {"type": "Feature", "geometry": {"type": "Point", "coordinates": [-1.9311971, 48.7111573]}, "properties": {"id": "auto00095", "nom": "A0095", "auto": true, "z": 0.45, "saillie": 3.09}}, {"type": "Feature", "geometry": {"type": "Point", "coordinates": [-1.8505836, 48.7111497]}, "properties": {"id": "auto00096", "nom": "A0096", "auto": true, "z": 4.43, "saillie": 10.71}}, {"type": "Feature", "geometry": {"type": "Point", "coordinates": [-1.9237875, 48.7111393]}, "properties": {"id": "auto00097", "nom": "A0097", "auto": true, "z": 2.74, "saillie": 8.02}}, {"type": "Feature", "geometry": {"type": "Point", "coordinates": [-1.9267276, 48.7111259]}, "properties": {"id": "auto00098", "nom": "A0098", "auto": true, "z": 8.64, "saillie": 9.1}}, {"type": "Feature", "geometry": {"type": "Point", "coordinates": [-1.9207898, 48.7111189]}, "properties": {"id": "auto00099", "nom": "A0099", "auto": true, "z": 5.48, "saillie": 7.56}}, {"type": "Feature", "geometry": {"type": "Point", "coordinates": [-1.9278162, 48.7111169]}, "properties": {"id": "auto00100", "nom": "A0100", "auto": true, "z": 1.05, "saillie": 4.94}}, {"type": "Feature", "geometry": {"type": "Point", "coordinates": [-1.8517197, 48.7110674]}, "properties": {"id": "auto00101", "nom": "A0101", "auto": true, "z": -0.79, "saillie": 4.93}}, {"type": "Feature", "geometry": {"type": "Point", "coordinates": [-1.9290031, 48.7109957]}, "properties": {"id": "auto00102", "nom": "A0102", "auto": true, "z": -0.16, "saillie": 4.55}}, {"type": "Feature", "geometry": {"type": "Point", "coordinates": [-1.9203964, 48.710991]}, "properties": {"id": "auto00103", "nom": "A0103", "auto": true, "z": 6.66, "saillie": 7.06}}, {"type": "Feature", "geometry": {"type": "Point", "coordinates": [-1.8520929, 48.7109801]}, "properties": {"id": "auto00104", "nom": "A0104", "auto": true, "z": -1.16, "saillie": 5.55}}, {"type": "Feature", "geometry": {"type": "Point", "coordinates": [-1.9250219, 48.7109441]}, "properties": {"id": "auto00105", "nom": "A0105", "auto": true, "z": 3.24, "saillie": 7.68}}, {"type": "Feature", "geometry": {"type": "Point", "coordinates": [-1.9183754, 48.7109302]}, "properties": {"id": "auto00106", "nom": "A0106", "auto": true, "z": 0.87, "saillie": 4.27}}, {"type": "Feature", "geometry": {"type": "Point", "coordinates": [-1.9318821, 48.7109127]}, "properties": {"id": "auto00107", "nom": "A0107", "auto": true, "z": 2.34, "saillie": 8.75}}, {"type": "Feature", "geometry": {"type": "Point", "coordinates": [-1.9362397, 48.7109125]}, "properties": {"id": "auto00108", "nom": "A0108", "auto": true, "z": 6.31, "saillie": 12.56}}, {"type": "Feature", "geometry": {"type": "Point", "coordinates": [-1.9216952, 48.7109013]}, "properties": {"id": "auto00109", "nom": "A0109", "auto": true, "z": 1.99, "saillie": 6.13}}, {"type": "Feature", "geometry": {"type": "Point", "coordinates": [-1.9258866, 48.7108723]}, "properties": {"id": "auto00110", "nom": "A0110", "auto": true, "z": 7.35, "saillie": 5.68}}, {"type": "Feature", "geometry": {"type": "Point", "coordinates": [-1.9198946, 48.7108675]}, "properties": {"id": "auto00111", "nom": "A0111", "auto": true, "z": 9.22, "saillie": 6.52}}, {"type": "Feature", "geometry": {"type": "Point", "coordinates": [-1.9262122, 48.7108588]}, "properties": {"id": "auto00112", "nom": "A0112", "auto": true, "z": 8.03, "saillie": 4.64}}, {"type": "Feature", "geometry": {"type": "Point", "coordinates": [-1.9230992, 48.7107712]}, "properties": {"id": "auto00113", "nom": "A0113", "auto": true, "z": 3.6, "saillie": 4.92}}, {"type": "Feature", "geometry": {"type": "Point", "coordinates": [-1.9298508, 48.7107444]}, "properties": {"id": "auto00114", "nom": "A0114", "auto": true, "z": 6.44, "saillie": 7.61}}, {"type": "Feature", "geometry": {"type": "Point", "coordinates": [-1.9234722, 48.7106837]}, "properties": {"id": "auto00115", "nom": "A0115", "auto": true, "z": 3.78, "saillie": 7.63}}, {"type": "Feature", "geometry": {"type": "Point", "coordinates": [-1.9293523, 48.7106569]}, "properties": {"id": "auto00116", "nom": "A0116", "auto": true, "z": 3.72, "saillie": 4.16}}, {"type": "Feature", "geometry": {"type": "Point", "coordinates": [-1.9192198, 48.710643]}, "properties": {"id": "auto00117", "nom": "A0117", "auto": true, "z": 3.99, "saillie": 4.79}}, {"type": "Feature", "geometry": {"type": "Point", "coordinates": [-1.936538, 48.7106117]}, "properties": {"id": "auto00118", "nom": "A0118", "auto": true, "z": 3.4, "saillie": 10.21}}, {"type": "Feature", "geometry": {"type": "Point", "coordinates": [-1.9265683, 48.7105918]}, "properties": {"id": "auto00119", "nom": "A0119", "auto": true, "z": 9.33, "saillie": 8.42}}, {"type": "Feature", "geometry": {"type": "Point", "coordinates": [-1.9310343, 48.7105873]}, "properties": {"id": "auto00120", "nom": "A0120", "auto": true, "z": 3.6, "saillie": 3.95}}, {"type": "Feature", "geometry": {"type": "Point", "coordinates": [-1.9306986, 48.710493]}, "properties": {"id": "auto00121", "nom": "A0121", "auto": true, "z": 4.34, "saillie": 4.91}}, {"type": "Feature", "geometry": {"type": "Point", "coordinates": [-1.9229636, 48.7104884]}, "properties": {"id": "auto00122", "nom": "A0122", "auto": true, "z": 1.35, "saillie": 2.88}}, {"type": "Feature", "geometry": {"type": "Point", "coordinates": [-1.9256866, 48.710484]}, "properties": {"id": "auto00123", "nom": "A0123", "auto": true, "z": 7.82, "saillie": 7.84}}, {"type": "Feature", "geometry": {"type": "Point", "coordinates": [-1.9184331, 48.7103871]}, "properties": {"id": "auto00124", "nom": "A0124", "auto": true, "z": 1.61, "saillie": 4.99}}, {"type": "Feature", "geometry": {"type": "Point", "coordinates": [-1.9195759, 48.710376]}, "properties": {"id": "auto00125", "nom": "A0125", "auto": true, "z": 6.59, "saillie": 5.19}}, {"type": "Feature", "geometry": {"type": "Point", "coordinates": [-1.929705, 48.7103539]}, "properties": {"id": "auto00126", "nom": "A0126", "auto": true, "z": 6.47, "saillie": 6.39}}, {"type": "Feature", "geometry": {"type": "Point", "coordinates": [-1.929159, 48.7103404]}, "properties": {"id": "auto00127", "nom": "A0127", "auto": true, "z": 4.17, "saillie": 5.44}}, {"type": "Feature", "geometry": {"type": "Point", "coordinates": [-1.9342761, 48.7103089]}, "properties": {"id": "auto00128", "nom": "A0128", "auto": true, "z": -1.0, "saillie": 7.44}}, {"type": "Feature", "geometry": {"type": "Point", "coordinates": [-1.9252831, 48.7102484]}, "properties": {"id": "auto00129", "nom": "A0129", "auto": true, "z": 3.75, "saillie": 6.2}}, {"type": "Feature", "geometry": {"type": "Point", "coordinates": [-1.9308376, 48.7102349]}, "properties": {"id": "auto00130", "nom": "A0130", "auto": true, "z": 3.77, "saillie": 2.86}}, {"type": "Feature", "geometry": {"type": "Point", "coordinates": [-1.8515853, 48.7102078]}, "properties": {"id": "auto00131", "nom": "A0131", "auto": true, "z": -0.23, "saillie": 4.32}}, {"type": "Feature", "geometry": {"type": "Point", "coordinates": [-1.8477162, 48.710185]}, "properties": {"id": "auto00132", "nom": "A0132", "auto": true, "z": -1.15, "saillie": 2.6}}, {"type": "Feature", "geometry": {"type": "Point", "coordinates": [-1.9227703, 48.710172]}, "properties": {"id": "auto00133", "nom": "A0133", "auto": true, "z": 4.22, "saillie": 7.23}}, {"type": "Feature", "geometry": {"type": "Point", "coordinates": [-1.9194471, 48.710165]}, "properties": {"id": "auto00134", "nom": "A0134", "auto": true, "z": 4.65, "saillie": 4.19}}, {"type": "Feature", "geometry": {"type": "Point", "coordinates": [-1.9335538, 48.7101586]}, "properties": {"id": "auto00135", "nom": "A0135", "auto": true, "z": -0.64, "saillie": 5.37}}, {"type": "Feature", "geometry": {"type": "Point", "coordinates": [-1.9303934, 48.7101452]}, "properties": {"id": "auto00136", "nom": "A0136", "auto": true, "z": 3.51, "saillie": 3.62}}, {"type": "Feature", "geometry": {"type": "Point", "coordinates": [-1.9181924, 48.7101447]}, "properties": {"id": "auto00137", "nom": "A0137", "auto": true, "z": 3.25, "saillie": 9.03}}, {"type": "Feature", "geometry": {"type": "Point", "coordinates": [-1.9267955, 48.7101137]}, "properties": {"id": "auto00138", "nom": "A0138", "auto": true, "z": 6.9, "saillie": 4.68}}, {"type": "Feature", "geometry": {"type": "Point", "coordinates": [-1.9346932, 48.7101114]}, "properties": {"id": "auto00139", "nom": "A0139", "auto": true, "z": -2.15, "saillie": 5.23}}, {"type": "Feature", "geometry": {"type": "Point", "coordinates": [-1.93431, 48.7100912]}, "properties": {"id": "auto00140", "nom": "A0140", "auto": true, "z": -0.66, "saillie": 5.28}}, {"type": "Feature", "geometry": {"type": "Point", "coordinates": [-1.9263546, 48.7100599]}, "properties": {"id": "auto00141", "nom": "A0141", "auto": true, "z": 10.14, "saillie": 7.07}}, {"type": "Feature", "geometry": {"type": "Point", "coordinates": [-1.9226415, 48.709961]}, "properties": {"id": "auto00142", "nom": "A0142", "auto": true, "z": 3.77, "saillie": 7.78}}, {"type": "Feature", "geometry": {"type": "Point", "coordinates": [-1.9193183, 48.7099541]}, "properties": {"id": "auto00143", "nom": "A0143", "auto": true, "z": 4.57, "saillie": 3.99}}, {"type": "Feature", "geometry": {"type": "Point", "coordinates": [-1.8527048, 48.7099459]}, "properties": {"id": "auto00144", "nom": "A0144", "auto": true, "z": 0.01, "saillie": 5.52}}, {"type": "Feature", "geometry": {"type": "Point", "coordinates": [-1.9302611, 48.7098983]}, "properties": {"id": "auto00145", "nom": "A0145", "auto": true, "z": 3.64, "saillie": 2.11}}, {"type": "Feature", "geometry": {"type": "Point", "coordinates": [-1.9229602, 48.7098757]}, "properties": {"id": "auto00146", "nom": "A0146", "auto": true, "z": 2.73, "saillie": 6.83}}, {"type": "Feature", "geometry": {"type": "Point", "coordinates": [-1.851491, 48.7097791]}, "properties": {"id": "auto00147", "nom": "A0147", "auto": true, "z": -2.28, "saillie": 2.81}}, {"type": "Feature", "geometry": {"type": "Point", "coordinates": [-1.930685, 48.7097726]}, "properties": {"id": "auto00148", "nom": "A0148", "auto": true, "z": 3.04, "saillie": 4.26}}, {"type": "Feature", "geometry": {"type": "Point", "coordinates": [-1.9335708, 48.7097613]}, "properties": {"id": "auto00149", "nom": "A0149", "auto": true, "z": 0.76, "saillie": 4.77}}, {"type": "Feature", "geometry": {"type": "Point", "coordinates": [-1.8417385, 48.7097432]}, "properties": {"id": "auto00150", "nom": "A0150", "auto": true, "z": 2.54, "saillie": 6.49}}, {"type": "Feature", "geometry": {"type": "Point", "coordinates": [-1.9323703, 48.7097389]}, "properties": {"id": "auto00151", "nom": "A0151", "auto": true, "z": -0.2, "saillie": 3.3}}, {"type": "Feature", "geometry": {"type": "Point", "coordinates": [-1.918969, 48.7097161]}, "properties": {"id": "auto00152", "nom": "A0152", "auto": true, "z": 3.8, "saillie": 8.73}}, {"type": "Feature", "geometry": {"type": "Point", "coordinates": [-1.9193488, 48.7097005]}, "properties": {"id": "auto00153", "nom": "A0153", "auto": true, "z": 5.7, "saillie": 11.64}}, {"type": "Feature", "geometry": {"type": "Point", "coordinates": [-1.9302408, 48.7096829]}, "properties": {"id": "auto00154", "nom": "A0154", "auto": true, "z": 3.72, "saillie": 4.47}}, {"type": "Feature", "geometry": {"type": "Point", "coordinates": [-1.9197829, 48.7096825]}, "properties": {"id": "auto00155", "nom": "A0155", "auto": true, "z": 1.52, "saillie": 9.4}}, {"type": "Feature", "geometry": {"type": "Point", "coordinates": [-1.9342693, 48.7096603]}, "properties": {"id": "auto00156", "nom": "A0156", "auto": true, "z": 1.98, "saillie": 5.29}}, {"type": "Feature", "geometry": {"type": "Point", "coordinates": [-1.9293659, 48.709647]}, "properties": {"id": "auto00157", "nom": "A0157", "auto": true, "z": 3.22, "saillie": 5.55}}, {"type": "Feature", "geometry": {"type": "Point", "coordinates": [-1.9339404, 48.7096379]}, "properties": {"id": "auto00158", "nom": "A0158", "auto": true, "z": 1.34, "saillie": 2.28}}, {"type": "Feature", "geometry": {"type": "Point", "coordinates": [-1.9259783, 48.7095347]}, "properties": {"id": "auto00159", "nom": "A0159", "auto": true, "z": 6.61, "saillie": 4.4}}, {"type": "Feature", "geometry": {"type": "Point", "coordinates": [-1.9228178, 48.7095211]}, "properties": {"id": "auto00160", "nom": "A0160", "auto": true, "z": 3.89, "saillie": 8.11}}, {"type": "Feature", "geometry": {"type": "Point", "coordinates": [-1.9299491, 48.7094786]}, "properties": {"id": "auto00161", "nom": "A0161", "auto": true, "z": 2.14, "saillie": 3.79}}, {"type": "Feature", "geometry": {"type": "Point", "coordinates": [-1.9320176, 48.7094651]}, "properties": {"id": "auto00162", "nom": "A0162", "auto": true, "z": 1.35, "saillie": 3.93}}, {"type": "Feature", "geometry": {"type": "Point", "coordinates": [-1.8532582, 48.7094548]}, "properties": {"id": "auto00163", "nom": "A0163", "auto": true, "z": 0.8, "saillie": 6.71}}, {"type": "Feature", "geometry": {"type": "Point", "coordinates": [-1.9329909, 48.7093888]}, "properties": {"id": "auto00164", "nom": "A0164", "auto": true, "z": 2.17, "saillie": 3.54}}, {"type": "Feature", "geometry": {"type": "Point", "coordinates": [-1.8516171, 48.7093774]}, "properties": {"id": "auto00165", "nom": "A0165", "auto": true, "z": -0.9, "saillie": 3.35}}, {"type": "Feature", "geometry": {"type": "Point", "coordinates": [-1.92471, 48.7093709]}, "properties": {"id": "auto00166", "nom": "A0166", "auto": true, "z": -0.18, "saillie": 3.12}}, {"type": "Feature", "geometry": {"type": "Point", "coordinates": [-1.8498165, 48.7093426]}, "properties": {"id": "auto00167", "nom": "A0167", "auto": true, "z": -0.37, "saillie": 3.59}}, {"type": "Feature", "geometry": {"type": "Point", "coordinates": [-1.8494334, 48.7093221]}, "properties": {"id": "auto00168", "nom": "A0168", "auto": true, "z": -0.45, "saillie": 3.27}}, {"type": "Feature", "geometry": {"type": "Point", "coordinates": [-1.850193, 48.7092912]}, "properties": {"id": "auto00169", "nom": "A0169", "auto": true, "z": -1.8, "saillie": 1.53}}, {"type": "Feature", "geometry": {"type": "Point", "coordinates": [-1.9191997, 48.709274]}, "properties": {"id": "auto00170", "nom": "A0170", "auto": true, "z": 0.21, "saillie": 7.86}}, {"type": "Feature", "geometry": {"type": "Point", "coordinates": [-1.8508984, 48.7092625]}, "properties": {"id": "auto00171", "nom": "A0171", "auto": true, "z": -1.69, "saillie": 2.39}}, {"type": "Feature", "geometry": {"type": "Point", "coordinates": [-1.9335741, 48.7092205]}, "properties": {"id": "auto00172", "nom": "A0172", "auto": true, "z": 1.16, "saillie": 2.86}}, {"type": "Feature", "geometry": {"type": "Point", "coordinates": [-1.8534519, 48.7091946]}, "properties": {"id": "auto00173", "nom": "A0173", "auto": true, "z": -1.21, "saillie": 5.16}}, {"type": "Feature", "geometry": {"type": "Point", "coordinates": [-1.9329603, 48.7090656]}, "properties": {"id": "auto00174", "nom": "A0174", "auto": true, "z": 4.41, "saillie": 3.9}}, {"type": "Feature", "geometry": {"type": "Point", "coordinates": [-1.924076, 48.7090005]}, "properties": {"id": "auto00175", "nom": "A0175", "auto": true, "z": 1.16, "saillie": 6.97}}, {"type": "Feature", "geometry": {"type": "Point", "coordinates": [-1.9246185, 48.7089781]}, "properties": {"id": "auto00176", "nom": "A0176", "auto": true, "z": 4.87, "saillie": 9.89}}, {"type": "Feature", "geometry": {"type": "Point", "coordinates": [-1.9336046, 48.7089669]}, "properties": {"id": "auto00177", "nom": "A0177", "auto": true, "z": 0.86, "saillie": 6.92}}, {"type": "Feature", "geometry": {"type": "Point", "coordinates": [-1.8530996, 48.7089205]}, "properties": {"id": "auto00178", "nom": "A0178", "auto": true, "z": 4.0, "saillie": 8.62}}, {"type": "Feature", "geometry": {"type": "Point", "coordinates": [-1.9316378, 48.7089041]}, "properties": {"id": "auto00179", "nom": "A0179", "auto": true, "z": 1.95, "saillie": 3.71}}, {"type": "Feature", "geometry": {"type": "Point", "coordinates": [-1.9252628, 48.7088794]}, "properties": {"id": "auto00180", "nom": "A0180", "auto": true, "z": -0.53, "saillie": 5.13}}, {"type": "Feature", "geometry": {"type": "Point", "coordinates": [-1.852764, 48.7088261]}, "properties": {"id": "auto00181", "nom": "A0181", "auto": true, "z": 3.38, "saillie": 8.17}}, {"type": "Feature", "geometry": {"type": "Point", "coordinates": [-1.9263445, 48.7087986]}, "properties": {"id": "auto00182", "nom": "A0182", "auto": true, "z": 2.01, "saillie": 4.46}}, {"type": "Feature", "geometry": {"type": "Point", "coordinates": [-1.9238929, 48.7087918]}, "properties": {"id": "auto00183", "nom": "A0183", "auto": true, "z": 0.94, "saillie": 8.59}}, {"type": "Feature", "geometry": {"type": "Point", "coordinates": [-1.9267243, 48.7087829]}, "properties": {"id": "auto00184", "nom": "A0184", "auto": true, "z": 1.53, "saillie": 3.03}}, {"type": "Feature", "geometry": {"type": "Point", "coordinates": [-1.930373, 48.7087762]}, "properties": {"id": "auto00185", "nom": "A0185", "auto": true, "z": 3.57, "saillie": 6.85}}, {"type": "Feature", "geometry": {"type": "Point", "coordinates": [-1.9243812, 48.7087716]}, "properties": {"id": "auto00186", "nom": "A0186", "auto": true, "z": 3.21, "saillie": 10.46}}, {"type": "Feature", "geometry": {"type": "Point", "coordinates": [-1.9315632, 48.7086909]}, "properties": {"id": "auto00187", "nom": "A0187", "auto": true, "z": 1.43, "saillie": 7.47}}, {"type": "Feature", "geometry": {"type": "Point", "coordinates": [-1.8423473, 48.7086731]}, "properties": {"id": "auto00188", "nom": "A0188", "auto": true, "z": 2.5, "saillie": 8.08}}, {"type": "Feature", "geometry": {"type": "Point", "coordinates": [-1.925568, 48.7086505]}, "properties": {"id": "auto00189", "nom": "A0189", "auto": true, "z": -0.03, "saillie": 6.53}}, {"type": "Feature", "geometry": {"type": "Point", "coordinates": [-1.9286673, 48.7085944]}, "properties": {"id": "auto00190", "nom": "A0190", "auto": true, "z": -1.79, "saillie": 5.02}}, {"type": "Feature", "geometry": {"type": "Point", "coordinates": [-1.8499635, 48.7085796]}, "properties": {"id": "auto00191", "nom": "A0191", "auto": true, "z": 9.22, "saillie": 9.36}}, {"type": "Feature", "geometry": {"type": "Point", "coordinates": [-1.9296982, 48.7085518]}, "properties": {"id": "auto00192", "nom": "A0192", "auto": true, "z": -0.22, "saillie": 7.48}}, {"type": "Feature", "geometry": {"type": "Point", "coordinates": [-1.8490853, 48.7085072]}, "properties": {"id": "auto00193", "nom": "A0193", "auto": true, "z": 8.62, "saillie": 8.15}}, {"type": "Feature", "geometry": {"type": "Point", "coordinates": [-1.8512081, 48.7084929]}, "properties": {"id": "auto00194", "nom": "A0194", "auto": true, "z": 0.47, "saillie": 3.87}}, {"type": "Feature", "geometry": {"type": "Point", "coordinates": [-1.9303425, 48.708453]}, "properties": {"id": "auto00195", "nom": "A0195", "auto": true, "z": -0.92, "saillie": 6.78}}, {"type": "Feature", "geometry": {"type": "Point", "coordinates": [-1.9265243, 48.7083947]}, "properties": {"id": "auto00196", "nom": "A0196", "auto": true, "z": 0.28, "saillie": 7.64}}, {"type": "Feature", "geometry": {"type": "Point", "coordinates": [-1.8495603, 48.7083437]}, "properties": {"id": "auto00197", "nom": "A0197", "auto": true, "z": 8.99, "saillie": 5.98}}, {"type": "Feature", "geometry": {"type": "Point", "coordinates": [-1.8402355, 48.7082182]}, "properties": {"id": "auto00198", "nom": "A0198", "auto": true, "z": 9.86, "saillie": 18.29}}, {"type": "Feature", "geometry": {"type": "Point", "coordinates": [-1.9272126, 48.708186]}, "properties": {"id": "auto00199", "nom": "A0199", "auto": true, "z": 0.93, "saillie": 7.87}}, {"type": "Feature", "geometry": {"type": "Point", "coordinates": [-1.8428465, 48.7081842]}, "properties": {"id": "auto00200", "nom": "A0200", "auto": true, "z": 8.87, "saillie": 11.68}}, {"type": "Feature", "geometry": {"type": "Point", "coordinates": [-1.8499168, 48.7080769]}, "properties": {"id": "auto00201", "nom": "A0201", "auto": true, "z": 7.75, "saillie": 7.01}}, {"type": "Feature", "geometry": {"type": "Point", "coordinates": [-1.9322651, 48.708049]}, "properties": {"id": "auto00202", "nom": "A0202", "auto": true, "z": 0.29, "saillie": 8.49}}, {"type": "Feature", "geometry": {"type": "Point", "coordinates": [-1.9331738, 48.7078672]}, "properties": {"id": "auto00203", "nom": "A0203", "auto": true, "z": 0.53, "saillie": 9.71}}, {"type": "Feature", "geometry": {"type": "Point", "coordinates": [-1.8563225, 48.7078521]}, "properties": {"id": "auto00204", "nom": "A0204", "auto": true, "z": 1.32, "saillie": 6.57}}, {"type": "Feature", "geometry": {"type": "Point", "coordinates": [-1.866068, 48.7078149]}, "properties": {"id": "auto00205", "nom": "A0205", "auto": true, "z": 3.31, "saillie": 10.46}}, {"type": "Feature", "geometry": {"type": "Point", "coordinates": [-1.8430745, 48.7077064]}, "properties": {"id": "auto00206", "nom": "A0206", "auto": true, "z": 0.8, "saillie": 5.12}}, {"type": "Feature", "geometry": {"type": "Point", "coordinates": [-1.9328313, 48.7077012]}, "properties": {"id": "auto00207", "nom": "A0207", "auto": true, "z": -0.76, "saillie": 7.48}}, {"type": "Feature", "geometry": {"type": "Point", "coordinates": [-1.83986, 48.7076928]}, "properties": {"id": "auto00208", "nom": "A0208", "auto": true, "z": 10.94, "saillie": 15.22}}, {"type": "Feature", "geometry": {"type": "Point", "coordinates": [-1.8563534, 48.7075985]}, "properties": {"id": "auto00209", "nom": "A0209", "auto": true, "z": 3.17, "saillie": 5.81}}, {"type": "Feature", "geometry": {"type": "Point", "coordinates": [-1.8657699, 48.7075387]}, "properties": {"id": "auto00210", "nom": "A0210", "auto": true, "z": 0.38, "saillie": 6.24}}, {"type": "Feature", "geometry": {"type": "Point", "coordinates": [-1.8553634, 48.7074946]}, "properties": {"id": "auto00211", "nom": "A0211", "auto": true, "z": 2.55, "saillie": 6.43}}, {"type": "Feature", "geometry": {"type": "Point", "coordinates": [-1.8399961, 48.7073989]}, "properties": {"id": "auto00212", "nom": "A0212", "auto": true, "z": 3.35, "saillie": 10.24}}, {"type": "Feature", "geometry": {"type": "Point", "coordinates": [-1.8563266, 48.7073112]}, "properties": {"id": "auto00213", "nom": "A0213", "auto": true, "z": 6.39, "saillie": 6.53}}, {"type": "Feature", "geometry": {"type": "Point", "coordinates": [-1.8571405, 48.707278]}, "properties": {"id": "auto00214", "nom": "A0214", "auto": true, "z": 2.01, "saillie": 6.74}}, {"type": "Feature", "geometry": {"type": "Point", "coordinates": [-1.8649226, 48.7072129]}, "properties": {"id": "auto00215", "nom": "A0215", "auto": true, "z": 4.02, "saillie": 11.37}}, {"type": "Feature", "geometry": {"type": "Point", "coordinates": [-1.8663366, 48.7071912]}, "properties": {"id": "auto00216", "nom": "A0216", "auto": true, "z": -2.01, "saillie": 4.57}}, {"type": "Feature", "geometry": {"type": "Point", "coordinates": [-1.853153, 48.7071521]}, "properties": {"id": "auto00217", "nom": "A0217", "auto": true, "z": -1.47, "saillie": 1.6}}, {"type": "Feature", "geometry": {"type": "Point", "coordinates": [-1.8563542, 48.7070217]}, "properties": {"id": "auto00218", "nom": "A0218", "auto": true, "z": 8.43, "saillie": 8.17}}, {"type": "Feature", "geometry": {"type": "Point", "coordinates": [-1.8591822, 48.7069785]}, "properties": {"id": "auto00219", "nom": "A0219", "auto": true, "z": -1.69, "saillie": 6.11}}, {"type": "Feature", "geometry": {"type": "Point", "coordinates": [-1.8575954, 48.706899]}, "properties": {"id": "auto00220", "nom": "A0220", "auto": true, "z": 1.69, "saillie": 7.49}}, {"type": "Feature", "geometry": {"type": "Point", "coordinates": [-1.8655369, 48.7067913]}, "properties": {"id": "auto00221", "nom": "A0221", "auto": true, "z": 0.65, "saillie": 6.6}}, {"type": "Feature", "geometry": {"type": "Point", "coordinates": [-1.8655168, 48.7065758]}, "properties": {"id": "auto00222", "nom": "A0222", "auto": true, "z": -0.6, "saillie": 5.66}}, {"type": "Feature", "geometry": {"type": "Point", "coordinates": [-1.8575895, 48.7062504]}, "properties": {"id": "auto00223", "nom": "A0223", "auto": true, "z": 2.09, "saillie": 5.46}}, {"type": "Feature", "geometry": {"type": "Point", "coordinates": [-1.928291, 48.7051855]}, "properties": {"id": "auto00224", "nom": "A0224", "auto": true, "z": 0.95, "saillie": 9.05}}, {"type": "Feature", "geometry": {"type": "Point", "coordinates": [-1.9677589, 48.7049883]}, "properties": {"id": "auto00225", "nom": "A0225", "auto": true, "z": 0.24, "saillie": 7.89}}, {"type": "Feature", "geometry": {"type": "Point", "coordinates": [-1.9406298, 48.7049268]}, "properties": {"id": "auto00226", "nom": "A0226", "auto": true, "z": -1.18, "saillie": 5.88}}, {"type": "Feature", "geometry": {"type": "Point", "coordinates": [-1.928369, 48.7048578]}, "properties": {"id": "auto00227", "nom": "A0227", "auto": true, "z": -1.54, "saillie": 6.78}}, {"type": "Feature", "geometry": {"type": "Point", "coordinates": [-1.8587104, 48.704835]}, "properties": {"id": "auto00228", "nom": "A0228", "auto": true, "z": -2.1, "saillie": 1.55}}, {"type": "Feature", "geometry": {"type": "Point", "coordinates": [-1.9288369, 48.7046222]}, "properties": {"id": "auto00229", "nom": "A0229", "auto": true, "z": -0.95, "saillie": 5.93}}, {"type": "Feature", "geometry": {"type": "Point", "coordinates": [-1.9301932, 48.704566]}, "properties": {"id": "auto00230", "nom": "A0230", "auto": true, "z": -1.44, "saillie": 7.72}}, {"type": "Feature", "geometry": {"type": "Point", "coordinates": [-1.9677819, 48.7040861]}, "properties": {"id": "auto00231", "nom": "A0231", "auto": true, "z": -0.85, "saillie": 6.69}}, {"type": "Feature", "geometry": {"type": "Point", "coordinates": [-1.8941404, 48.7039977]}, "properties": {"id": "auto00232", "nom": "A0232", "auto": true, "z": 1.52, "saillie": 9.07}}, {"type": "Feature", "geometry": {"type": "Point", "coordinates": [-1.8600474, 48.7039875]}, "properties": {"id": "auto00233", "nom": "A0233", "auto": true, "z": -2.37, "saillie": 1.34}}, {"type": "Feature", "geometry": {"type": "Point", "coordinates": [-1.8867827, 48.7039393]}, "properties": {"id": "auto00234", "nom": "A0234", "auto": true, "z": 1.06, "saillie": 7.1}}, {"type": "Feature", "geometry": {"type": "Point", "coordinates": [-1.8700634, 48.703939]}, "properties": {"id": "auto00235", "nom": "A0235", "auto": true, "z": -0.48, "saillie": 5.88}}, {"type": "Feature", "geometry": {"type": "Point", "coordinates": [-1.9293624, 48.7038434]}, "properties": {"id": "auto00236", "nom": "A0236", "auto": true, "z": 7.28, "saillie": 10.17}}, {"type": "Feature", "geometry": {"type": "Point", "coordinates": [-1.9285453, 48.7038412]}, "properties": {"id": "auto00237", "nom": "A0237", "auto": true, "z": 3.99, "saillie": 11.59}}, {"type": "Feature", "geometry": {"type": "Point", "coordinates": [-1.9306678, 48.7038254]}, "properties": {"id": "auto00238", "nom": "A0238", "auto": true, "z": 1.49, "saillie": 8.46}}, {"type": "Feature", "geometry": {"type": "Point", "coordinates": [-1.8430944, 48.7038127]}, "properties": {"id": "auto00239", "nom": "A0239", "auto": true, "z": 6.09, "saillie": 8.45}}, {"type": "Feature", "geometry": {"type": "Point", "coordinates": [-1.8876949, 48.7037937]}, "properties": {"id": "auto00240", "nom": "A0240", "auto": true, "z": 0.04, "saillie": 5.82}}, {"type": "Feature", "geometry": {"type": "Point", "coordinates": [-1.8703756, 48.703782]}, "properties": {"id": "auto00241", "nom": "A0241", "auto": true, "z": 0.23, "saillie": 5.71}}, {"type": "Feature", "geometry": {"type": "Point", "coordinates": [-1.9301592, 48.7036302]}, "properties": {"id": "auto00242", "nom": "A0242", "auto": true, "z": 2.59, "saillie": 10.75}}, {"type": "Feature", "geometry": {"type": "Point", "coordinates": [-1.9440981, 48.7035933]}, "properties": {"id": "auto00243", "nom": "A0243", "auto": true, "z": -1.63, "saillie": 4.97}}, {"type": "Feature", "geometry": {"type": "Point", "coordinates": [-1.9298269, 48.7035719]}, "properties": {"id": "auto00244", "nom": "A0244", "auto": true, "z": 0.5, "saillie": 8.56}}, {"type": "Feature", "geometry": {"type": "Point", "coordinates": [-1.8878917, 48.7035694]}, "properties": {"id": "auto00245", "nom": "A0245", "auto": true, "z": 0.39, "saillie": 5.1}}, {"type": "Feature", "geometry": {"type": "Point", "coordinates": [-1.9279723, 48.7035404]}, "properties": {"id": "auto00246", "nom": "A0246", "auto": true, "z": 0.94, "saillie": 7.55}}, {"type": "Feature", "geometry": {"type": "Point", "coordinates": [-1.893171, 48.7035329]}, "properties": {"id": "auto00247", "nom": "A0247", "auto": true, "z": 2.7, "saillie": 9.86}}, {"type": "Feature", "geometry": {"type": "Point", "coordinates": [-1.8703521, 48.7035306]}, "properties": {"id": "auto00248", "nom": "A0248", "auto": true, "z": 1.8, "saillie": 6.51}}, {"type": "Feature", "geometry": {"type": "Point", "coordinates": [-1.8708846, 48.7034007]}, "properties": {"id": "auto00249", "nom": "A0249", "auto": true, "z": 6.72, "saillie": 10.4}}, {"type": "Feature", "geometry": {"type": "Point", "coordinates": [-1.9130333, 48.7033644]}, "properties": {"id": "auto00250", "nom": "A0250", "auto": true, "z": 1.32, "saillie": 9.07}}, {"type": "Feature", "geometry": {"type": "Point", "coordinates": [-1.8877054, 48.7033247]}, "properties": {"id": "auto00251", "nom": "A0251", "auto": true, "z": -1.62, "saillie": 3.84}}, {"type": "Feature", "geometry": {"type": "Point", "coordinates": [-1.9472275, 48.7032832]}, "properties": {"id": "auto00252", "nom": "A0252", "auto": true, "z": -2.16, "saillie": 5.24}}, {"type": "Feature", "geometry": {"type": "Point", "coordinates": [-1.9136775, 48.7032657]}, "properties": {"id": "auto00253", "nom": "A0253", "auto": true, "z": 4.26, "saillie": 12.71}}, {"type": "Feature", "geometry": {"type": "Point", "coordinates": [-1.9498925, 48.7032446]}, "properties": {"id": "auto00254", "nom": "A0254", "auto": true, "z": 0.66, "saillie": 6.78}}, {"type": "Feature", "geometry": {"type": "Point", "coordinates": [-1.8938459, 48.7031808]}, "properties": {"id": "auto00255", "nom": "A0255", "auto": true, "z": 3.2, "saillie": 8.75}}, {"type": "Feature", "geometry": {"type": "Point", "coordinates": [-1.8667246, 48.7031742]}, "properties": {"id": "auto00256", "nom": "A0256", "auto": true, "z": 1.17, "saillie": 6.32}}, {"type": "Feature", "geometry": {"type": "Point", "coordinates": [-1.9274433, 48.7031297]}, "properties": {"id": "auto00257", "nom": "A0257", "auto": true, "z": -0.72, "saillie": 5.84}}, {"type": "Feature", "geometry": {"type": "Point", "coordinates": [-1.948682, 48.7031146]}, "properties": {"id": "auto00258", "nom": "A0258", "auto": true, "z": 1.72, "saillie": 8.79}}, {"type": "Feature", "geometry": {"type": "Point", "coordinates": [-1.9278231, 48.703114]}, "properties": {"id": "auto00259", "nom": "A0259", "auto": true, "z": -1.35, "saillie": 3.96}}, {"type": "Feature", "geometry": {"type": "Point", "coordinates": [-1.9261346, 48.7031118]}, "properties": {"id": "auto00260", "nom": "A0260", "auto": true, "z": 1.36, "saillie": 9.25}}, {"type": "Feature", "geometry": {"type": "Point", "coordinates": [-1.9366997, 48.703107]}, "properties": {"id": "auto00261", "nom": "A0261", "auto": true, "z": 4.01, "saillie": 6.93}}, {"type": "Feature", "geometry": {"type": "Point", "coordinates": [-1.9378931, 48.7030576]}, "properties": {"id": "auto00262", "nom": "A0262", "auto": true, "z": 5.17, "saillie": 7.5}}, {"type": "Feature", "geometry": {"type": "Point", "coordinates": [-1.8696542, 48.7030545]}, "properties": {"id": "auto00263", "nom": "A0263", "auto": true, "z": -0.37, "saillie": 5.05}}, {"type": "Feature", "geometry": {"type": "Point", "coordinates": [-1.8663857, 48.7030439]}, "properties": {"id": "auto00264", "nom": "A0264", "auto": true, "z": 3.89, "saillie": 7.49}}, {"type": "Feature", "geometry": {"type": "Point", "coordinates": [-1.91382, 48.7030435]}, "properties": {"id": "auto00265", "nom": "A0265", "auto": true, "z": 5.26, "saillie": 12.53}}, {"type": "Feature", "geometry": {"type": "Point", "coordinates": [-1.9490549, 48.703027]}, "properties": {"id": "auto00266", "nom": "A0266", "auto": true, "z": 2.36, "saillie": 9.18}}, {"type": "Feature", "geometry": {"type": "Point", "coordinates": [-1.8687252, 48.7030204]}, "properties": {"id": "auto00267", "nom": "A0267", "auto": true, "z": 0.64, "saillie": 6.51}}, {"type": "Feature", "geometry": {"type": "Point", "coordinates": [-1.9357096, 48.7030039]}, "properties": {"id": "auto00268", "nom": "A0268", "auto": true, "z": 9.04, "saillie": 11.3}}, {"type": "Feature", "geometry": {"type": "Point", "coordinates": [-1.9472545, 48.7029937]}, "properties": {"id": "auto00269", "nom": "A0269", "auto": true, "z": 0.26, "saillie": 6.93}}, {"type": "Feature", "geometry": {"type": "Point", "coordinates": [-1.9498653, 48.7029573]}, "properties": {"id": "auto00270", "nom": "A0270", "auto": true, "z": 1.3, "saillie": 6.01}}, {"type": "Feature", "geometry": {"type": "Point", "coordinates": [-1.9345568, 48.7029074]}, "properties": {"id": "auto00271", "nom": "A0271", "auto": true, "z": 0.49, "saillie": 6.78}}, {"type": "Feature", "geometry": {"type": "Point", "coordinates": [-1.9373879, 48.7028983]}, "properties": {"id": "auto00272", "nom": "A0272", "auto": true, "z": 10.32, "saillie": 9.49}}, {"type": "Feature", "geometry": {"type": "Point", "coordinates": [-1.9161459, 48.7028755]}, "properties": {"id": "auto00273", "nom": "A0273", "auto": true, "z": 2.88, "saillie": 10.21}}, {"type": "Feature", "geometry": {"type": "Point", "coordinates": [-1.9384186, 48.7028556]}, "properties": {"id": "auto00274", "nom": "A0274", "auto": true, "z": -1.0, "saillie": 2.43}}, {"type": "Feature", "geometry": {"type": "Point", "coordinates": [-1.9348721, 48.7027862]}, "properties": {"id": "auto00275", "nom": "A0275", "auto": true, "z": 0.46, "saillie": 6.58}}, {"type": "Feature", "geometry": {"type": "Point", "coordinates": [-1.8688102, 48.7027646]}, "properties": {"id": "auto00276", "nom": "A0276", "auto": true, "z": -0.65, "saillie": 3.47}}, {"type": "Feature", "geometry": {"type": "Point", "coordinates": [-1.9140099, 48.7027473]}, "properties": {"id": "auto00277", "nom": "A0277", "auto": true, "z": 1.76, "saillie": 9.29}}, {"type": "Feature", "geometry": {"type": "Point", "coordinates": [-1.9431993, 48.7027294]}, "properties": {"id": "auto00278", "nom": "A0278", "auto": true, "z": -1.64, "saillie": 3.95}}, {"type": "Feature", "geometry": {"type": "Point", "coordinates": [-1.9502246, 48.7027261]}, "properties": {"id": "auto00279", "nom": "A0279", "auto": true, "z": 1.48, "saillie": 7.97}}, {"type": "Feature", "geometry": {"type": "Point", "coordinates": [-1.9498414, 48.702706]}, "properties": {"id": "auto00280", "nom": "A0280", "auto": true, "z": 1.18, "saillie": 4.2}}, {"type": "Feature", "geometry": {"type": "Point", "coordinates": [-1.8695088, 48.702664]}, "properties": {"id": "auto00281", "nom": "A0281", "auto": true, "z": 2.42, "saillie": 5.01}}, {"type": "Feature", "geometry": {"type": "Point", "coordinates": [-1.9247241, 48.7025933]}, "properties": {"id": "auto00282", "nom": "A0282", "auto": true, "z": 5.13, "saillie": 13.44}}, {"type": "Feature", "geometry": {"type": "Point", "coordinates": [-1.9472137, 48.7025628]}, "properties": {"id": "auto00283", "nom": "A0283", "auto": true, "z": 1.26, "saillie": 5.25}}, {"type": "Feature", "geometry": {"type": "Point", "coordinates": [-1.9466136, 48.7025516]}, "properties": {"id": "auto00284", "nom": "A0284", "auto": true, "z": -1.75, "saillie": 2.52}}, {"type": "Feature", "geometry": {"type": "Point", "coordinates": [-1.9510789, 48.7025464]}, "properties": {"id": "auto00285", "nom": "A0285", "auto": true, "z": 0.91, "saillie": 7.82}}, {"type": "Feature", "geometry": {"type": "Point", "coordinates": [-1.8705838, 48.7025119]}, "properties": {"id": "auto00286", "nom": "A0286", "auto": true, "z": 7.29, "saillie": 10.57}}, {"type": "Feature", "geometry": {"type": "Point", "coordinates": [-1.8698718, 48.7024689]}, "properties": {"id": "auto00287", "nom": "A0287", "auto": true, "z": 3.99, "saillie": 4.77}}, {"type": "Feature", "geometry": {"type": "Point", "coordinates": [-1.9159426, 48.7024513]}, "properties": {"id": "auto00288", "nom": "A0288", "auto": true, "z": 2.72, "saillie": 7.52}}, {"type": "Feature", "geometry": {"type": "Point", "coordinates": [-1.938761, 48.7024448]}, "properties": {"id": "auto00289", "nom": "A0289", "auto": true, "z": 3.72, "saillie": 8.62}}, {"type": "Feature", "geometry": {"type": "Point", "coordinates": [-1.8686682, 48.7024099]}, "properties": {"id": "auto00290", "nom": "A0290", "auto": true, "z": -2.28, "saillie": 1.48}}, {"type": "Feature", "geometry": {"type": "Point", "coordinates": [-1.9381032, 48.7024]}, "properties": {"id": "auto00291", "nom": "A0291", "auto": true, "z": 3.78, "saillie": 4.65}}, {"type": "Feature", "geometry": {"type": "Point", "coordinates": [-1.916258, 48.7023302]}, "properties": {"id": "auto00292", "nom": "A0292", "auto": true, "z": 1.61, "saillie": 9.11}}, {"type": "Feature", "geometry": {"type": "Point", "coordinates": [-1.8690956, 48.7023204]}, "properties": {"id": "auto00293", "nom": "A0293", "auto": true, "z": 1.05, "saillie": 4.03}}, {"type": "Feature", "geometry": {"type": "Point", "coordinates": [-1.8467655, 48.7022937]}, "properties": {"id": "auto00294", "nom": "A0294", "auto": true, "z": 11.36, "saillie": 6.2}}, {"type": "Feature", "geometry": {"type": "Point", "coordinates": [-1.934221, 48.7022364]}, "properties": {"id": "auto00295", "nom": "A0295", "auto": true, "z": 4.02, "saillie": 9.86}}, {"type": "Feature", "geometry": {"type": "Point", "coordinates": [-1.9154239, 48.7021483]}, "properties": {"id": "auto00296", "nom": "A0296", "auto": true, "z": 0.09, "saillie": 8.33}}, {"type": "Feature", "geometry": {"type": "Point", "coordinates": [-1.8658646, 48.702128]}, "properties": {"id": "auto00297", "nom": "A0297", "auto": true, "z": -2.15, "saillie": 1.75}}, {"type": "Feature", "geometry": {"type": "Point", "coordinates": [-1.8646101, 48.7021071]}, "properties": {"id": "auto00298", "nom": "A0298", "auto": true, "z": -1.78, "saillie": 1.41}}, {"type": "Feature", "geometry": {"type": "Point", "coordinates": [-1.9383473, 48.7021015]}, "properties": {"id": "auto00299", "nom": "A0299", "auto": true, "z": 6.54, "saillie": 8.18}}, {"type": "Feature", "geometry": {"type": "Point", "coordinates": [-1.9504888, 48.7020663]}, "properties": {"id": "auto00300", "nom": "A0300", "auto": true, "z": 1.95, "saillie": 8.8}}, {"type": "Feature", "geometry": {"type": "Point", "coordinates": [-1.8673836, 48.7020659]}, "properties": {"id": "auto00301", "nom": "A0301", "auto": true, "z": -1.93, "saillie": 1.17}}, {"type": "Feature", "geometry": {"type": "Point", "coordinates": [-1.9498344, 48.7020574]}, "properties": {"id": "auto00302", "nom": "A0302", "auto": true, "z": 1.61, "saillie": 8.39}}, {"type": "Feature", "geometry": {"type": "Point", "coordinates": [-1.9343092, 48.7020165]}, "properties": {"id": "auto00303", "nom": "A0303", "auto": true, "z": 4.74, "saillie": 7.43}}, {"type": "Feature", "geometry": {"type": "Point", "coordinates": [-1.9478679, 48.7019949]}, "properties": {"id": "auto00304", "nom": "A0304", "auto": true, "z": -1.91, "saillie": 3.54}}, {"type": "Feature", "geometry": {"type": "Point", "coordinates": [-1.9393136, 48.7019533]}, "properties": {"id": "auto00305", "nom": "A0305", "auto": true, "z": -0.93, "saillie": 1.86}}, {"type": "Feature", "geometry": {"type": "Point", "coordinates": [-1.8692215, 48.7019187]}, "properties": {"id": "auto00306", "nom": "A0306", "auto": true, "z": 5.88, "saillie": 8.22}}, {"type": "Feature", "geometry": {"type": "Point", "coordinates": [-1.9501462, 48.7019002]}, "properties": {"id": "auto00307", "nom": "A0307", "auto": true, "z": 1.75, "saillie": 9.5}}, {"type": "Feature", "geometry": {"type": "Point", "coordinates": [-1.869764, 48.7018966]}, "properties": {"id": "auto00308", "nom": "A0308", "auto": true, "z": 7.4, "saillie": 8.55}}, {"type": "Feature", "geometry": {"type": "Point", "coordinates": [-1.9428465, 48.7018789]}, "properties": {"id": "auto00309", "nom": "A0309", "auto": true, "z": -2.42, "saillie": 2.73}}, {"type": "Feature", "geometry": {"type": "Point", "coordinates": [-1.8645834, 48.7018198]}, "properties": {"id": "auto00310", "nom": "A0310", "auto": true, "z": -1.6, "saillie": 1.34}}, {"type": "Feature", "geometry": {"type": "Point", "coordinates": [-1.8430164, 48.7017973]}, "properties": {"id": "auto00311", "nom": "A0311", "auto": true, "z": 2.86, "saillie": 9.41}}, {"type": "Feature", "geometry": {"type": "Point", "coordinates": [-1.9486611, 48.7017456]}, "properties": {"id": "auto00312", "nom": "A0312", "auto": true, "z": 1.77, "saillie": 7.34}}, {"type": "Feature", "geometry": {"type": "Point", "coordinates": [-1.8434471, 48.7017437]}, "properties": {"id": "auto00313", "nom": "A0313", "auto": true, "z": 4.08, "saillie": 9.39}}, {"type": "Feature", "geometry": {"type": "Point", "coordinates": [-1.8663703, 48.7017108]}, "properties": {"id": "auto00314", "nom": "A0314", "auto": true, "z": -0.23, "saillie": 2.1}}, {"type": "Feature", "geometry": {"type": "Point", "coordinates": [-1.9398865, 48.7016772]}, "properties": {"id": "auto00315", "nom": "A0315", "auto": true, "z": 0.64, "saillie": 4.5}}, {"type": "Feature", "geometry": {"type": "Point", "coordinates": [-1.8657126, 48.7016656]}, "properties": {"id": "auto00316", "nom": "A0316", "auto": true, "z": 0.69, "saillie": 3.45}}, {"type": "Feature", "geometry": {"type": "Point", "coordinates": [-1.861461, 48.7016229]}, "properties": {"id": "auto00317", "nom": "A0317", "auto": true, "z": 12.07, "saillie": 10.96}}, {"type": "Feature", "geometry": {"type": "Point", "coordinates": [-1.948973, 48.7015885]}, "properties": {"id": "auto00318", "nom": "A0318", "auto": true, "z": 2.29, "saillie": 8.91}}, {"type": "Feature", "geometry": {"type": "Point", "coordinates": [-1.94761, 48.701573]}, "properties": {"id": "auto00319", "nom": "A0319", "auto": true, "z": -1.5, "saillie": 3.63}}, {"type": "Feature", "geometry": {"type": "Point", "coordinates": [-1.8704391, 48.7015445]}, "properties": {"id": "auto00320", "nom": "A0320", "auto": true, "z": 1.12, "saillie": 4.83}}, {"type": "Feature", "geometry": {"type": "Point", "coordinates": [-1.9598564, 48.7014964]}, "properties": {"id": "auto00321", "nom": "A0321", "auto": true, "z": -2.41, "saillie": 6.63}}, {"type": "Feature", "geometry": {"type": "Point", "coordinates": [-1.938398, 48.7014866]}, "properties": {"id": "auto00322", "nom": "A0322", "auto": true, "z": 5.14, "saillie": 5.84}}, {"type": "Feature", "geometry": {"type": "Point", "coordinates": [-1.869344, 48.7014812]}, "properties": {"id": "auto00323", "nom": "A0323", "auto": true, "z": 12.77, "saillie": 10.6}}, {"type": "Feature", "geometry": {"type": "Point", "coordinates": [-1.9393677, 48.7013743]}, "properties": {"id": "auto00324", "nom": "A0324", "auto": true, "z": 4.17, "saillie": 5.7}}, {"type": "Feature", "geometry": {"type": "Point", "coordinates": [-1.9388218, 48.7013609]}, "properties": {"id": "auto00325", "nom": "A0325", "auto": true, "z": 2.39, "saillie": 2.6}}, {"type": "Feature", "geometry": {"type": "Point", "coordinates": [-1.9475862, 48.7013217]}, "properties": {"id": "auto00326", "nom": "A0326", "auto": true, "z": -1.75, "saillie": 2.96}}, {"type": "Feature", "geometry": {"type": "Point", "coordinates": [-1.870792, 48.7012417]}, "properties": {"id": "auto00327", "nom": "A0327", "auto": true, "z": 5.18, "saillie": 9.12}}, {"type": "Feature", "geometry": {"type": "Point", "coordinates": [-1.9389065, 48.701105]}, "properties": {"id": "auto00328", "nom": "A0328", "auto": true, "z": 2.96, "saillie": 4.75}}, {"type": "Feature", "geometry": {"type": "Point", "coordinates": [-1.9489796, 48.7010835]}, "properties": {"id": "auto00329", "nom": "A0329", "auto": true, "z": 2.28, "saillie": 9.09}}, {"type": "Feature", "geometry": {"type": "Point", "coordinates": [-1.9443448, 48.7010236]}, "properties": {"id": "auto00330", "nom": "A0330", "auto": true, "z": 0.1, "saillie": 3.94}}, {"type": "Feature", "geometry": {"type": "Point", "coordinates": [-1.8711517, 48.7010108]}, "properties": {"id": "auto00331", "nom": "A0331", "auto": true, "z": 0.07, "saillie": 4.2}}, {"type": "Feature", "geometry": {"type": "Point", "coordinates": [-1.9155768, 48.7008803]}, "properties": {"id": "auto00332", "nom": "A0332", "auto": true, "z": -0.6, "saillie": 5.05}}, {"type": "Feature", "geometry": {"type": "Point", "coordinates": [-1.8707485, 48.7007749]}, "properties": {"id": "auto00333", "nom": "A0333", "auto": true, "z": 9.47, "saillie": 11.78}}, {"type": "Feature", "geometry": {"type": "Point", "coordinates": [-1.9486743, 48.7007357]}, "properties": {"id": "auto00334", "nom": "A0334", "auto": true, "z": -0.18, "saillie": 7.16}}, {"type": "Feature", "geometry": {"type": "Point", "coordinates": [-1.8704163, 48.7007164]}, "properties": {"id": "auto00335", "nom": "A0335", "auto": true, "z": 9.15, "saillie": 9.38}}, {"type": "Feature", "geometry": {"type": "Point", "coordinates": [-1.9439819, 48.7006422]}, "properties": {"id": "auto00336", "nom": "A0336", "auto": true, "z": -0.06, "saillie": 4.46}}, {"type": "Feature", "geometry": {"type": "Point", "coordinates": [-1.8777058, 48.7006345]}, "properties": {"id": "auto00337", "nom": "A0337", "auto": true, "z": -0.13, "saillie": 6.49}}, {"type": "Feature", "geometry": {"type": "Point", "coordinates": [-1.916316, 48.7006335]}, "properties": {"id": "auto00338", "nom": "A0338", "auto": true, "z": 0.23, "saillie": 6.07}}, {"type": "Feature", "geometry": {"type": "Point", "coordinates": [-1.9392963, 48.7006202]}, "properties": {"id": "auto00339", "nom": "A0339", "auto": true, "z": -0.71, "saillie": 2.4}}, {"type": "Feature", "geometry": {"type": "Point", "coordinates": [-1.9423443, 48.700602]}, "properties": {"id": "auto00340", "nom": "A0340", "auto": true, "z": 0.14, "saillie": 4.76}}, {"type": "Feature", "geometry": {"type": "Point", "coordinates": [-1.94169, 48.7005931]}, "properties": {"id": "auto00341", "nom": "A0341", "auto": true, "z": -1.4, "saillie": 2.88}}, {"type": "Feature", "geometry": {"type": "Point", "coordinates": [-1.8695623, 48.7003188]}, "properties": {"id": "auto00342", "nom": "A0342", "auto": true, "z": 11.14, "saillie": 7.94}}, {"type": "Feature", "geometry": {"type": "Point", "coordinates": [-1.9923664, 48.7003187]}, "properties": {"id": "auto00343", "nom": "A0343", "auto": true, "z": 0.09, "saillie": 10.5}}, {"type": "Feature", "geometry": {"type": "Point", "coordinates": [-1.9559262, 48.700254]}, "properties": {"id": "auto00344", "nom": "A0344", "auto": true, "z": 3.86, "saillie": 10.61}}, {"type": "Feature", "geometry": {"type": "Point", "coordinates": [-1.9544548, 48.7002431]}, "properties": {"id": "auto00345", "nom": "A0345", "auto": true, "z": 0.43, "saillie": 6.18}}, {"type": "Feature", "geometry": {"type": "Point", "coordinates": [-1.8876299, 48.7001917]}, "properties": {"id": "auto00346", "nom": "A0346", "auto": true, "z": 7.42, "saillie": 8.28}}, {"type": "Feature", "geometry": {"type": "Point", "coordinates": [-1.9927866, 48.7001569]}, "properties": {"id": "auto00347", "nom": "A0347", "auto": true, "z": -1.58, "saillie": 6.28}}, {"type": "Feature", "geometry": {"type": "Point", "coordinates": [-1.8897965, 48.7000668]}, "properties": {"id": "auto00348", "nom": "A0348", "auto": true, "z": -2.23, "saillie": 3.9}}, {"type": "Feature", "geometry": {"type": "Point", "coordinates": [-1.8974724, 48.7000398]}, "properties": {"id": "auto00349", "nom": "A0349", "auto": true, "z": 0.73, "saillie": 7.23}}, {"type": "Feature", "geometry": {"type": "Point", "coordinates": [-1.954536, 48.6999514]}, "properties": {"id": "auto00350", "nom": "A0350", "auto": true, "z": 4.18, "saillie": 9.44}}, {"type": "Feature", "geometry": {"type": "Point", "coordinates": [-1.9506676, 48.699932]}, "properties": {"id": "auto00351", "nom": "A0351", "auto": true, "z": -1.28, "saillie": 4.03}}, {"type": "Feature", "geometry": {"type": "Point", "coordinates": [-1.8880404, 48.6999225]}, "properties": {"id": "auto00352", "nom": "A0352", "auto": true, "z": 11.49, "saillie": 11.73}}, {"type": "Feature", "geometry": {"type": "Point", "coordinates": [-1.9562176, 48.6998814]}, "properties": {"id": "auto00353", "nom": "A0353", "auto": true, "z": 5.97, "saillie": 12.39}}, {"type": "Feature", "geometry": {"type": "Point", "coordinates": [-1.9555632, 48.6998726]}, "properties": {"id": "auto00354", "nom": "A0354", "auto": true, "z": 5.15, "saillie": 10.21}}, {"type": "Feature", "geometry": {"type": "Point", "coordinates": [-1.8892881, 48.6998713]}, "properties": {"id": "auto00355", "nom": "A0355", "auto": true, "z": 3.64, "saillie": 6.75}}, {"type": "Feature", "geometry": {"type": "Point", "coordinates": [-1.9314373, 48.6998644]}, "properties": {"id": "auto00356", "nom": "A0356", "auto": true, "z": 2.47, "saillie": 5.51}}, {"type": "Feature", "geometry": {"type": "Point", "coordinates": [-1.9915046, 48.6998501]}, "properties": {"id": "auto00357", "nom": "A0357", "auto": true, "z": 6.0, "saillie": 12.53}}, {"type": "Feature", "geometry": {"type": "Point", "coordinates": [-1.9926472, 48.6998383]}, "properties": {"id": "auto00358", "nom": "A0358", "auto": true, "z": -0.13, "saillie": 8.56}}, {"type": "Feature", "geometry": {"type": "Point", "coordinates": [-1.9903587, 48.699826]}, "properties": {"id": "auto00359", "nom": "A0359", "auto": true, "z": 8.19, "saillie": 15.45}}, {"type": "Feature", "geometry": {"type": "Point", "coordinates": [-1.9952577, 48.699801]}, "properties": {"id": "auto00360", "nom": "A0360", "auto": true, "z": 2.83, "saillie": 9.47}}, {"type": "Feature", "geometry": {"type": "Point", "coordinates": [-1.9592587, 48.6997909]}, "properties": {"id": "auto00361", "nom": "A0361", "auto": true, "z": 4.3, "saillie": 9.28}}, {"type": "Feature", "geometry": {"type": "Point", "coordinates": [-1.938018, 48.699772]}, "properties": {"id": "auto00362", "nom": "A0362", "auto": true, "z": 6.62, "saillie": 5.21}}, {"type": "Feature", "geometry": {"type": "Point", "coordinates": [-1.8956485, 48.6997543]}, "properties": {"id": "auto00363", "nom": "A0363", "auto": true, "z": -1.51, "saillie": 6.09}}, {"type": "Feature", "geometry": {"type": "Point", "coordinates": [-1.9601706, 48.6996448]}, "properties": {"id": "auto00364", "nom": "A0364", "auto": true, "z": 6.35, "saillie": 14.59}}, {"type": "Feature", "geometry": {"type": "Point", "coordinates": [-1.887905, 48.6996397]}, "properties": {"id": "auto00365", "nom": "A0365", "auto": true, "z": 10.39, "saillie": 7.77}}, {"type": "Feature", "geometry": {"type": "Point", "coordinates": [-1.9903381, 48.6996106]}, "properties": {"id": "auto00366", "nom": "A0366", "auto": true, "z": 10.75, "saillie": 12.07}}, {"type": "Feature", "geometry": {"type": "Point", "coordinates": [-1.9956203, 48.6996055]}, "properties": {"id": "auto00367", "nom": "A0367", "auto": true, "z": 8.04, "saillie": 13.44}}, {"type": "Feature", "geometry": {"type": "Point", "coordinates": [-1.9585297, 48.6995689]}, "properties": {"id": "auto00368", "nom": "A0368", "auto": true, "z": 3.55, "saillie": 9.23}}, {"type": "Feature", "geometry": {"type": "Point", "coordinates": [-1.9562412, 48.699556]}, "properties": {"id": "auto00369", "nom": "A0369", "auto": true, "z": 5.83, "saillie": 8.91}}, {"type": "Feature", "geometry": {"type": "Point", "coordinates": [-1.9909856, 48.6995474]}, "properties": {"id": "auto00370", "nom": "A0370", "auto": true, "z": 10.22, "saillie": 9.01}}, {"type": "Feature", "geometry": {"type": "Point", "coordinates": [-1.9919111, 48.6995447]}, "properties": {"id": "auto00371", "nom": "A0371", "auto": true, "z": 1.21, "saillie": 9.64}}, {"type": "Feature", "geometry": {"type": "Point", "coordinates": [-1.9913653, 48.6995315]}, "properties": {"id": "auto00372", "nom": "A0372", "auto": true, "z": 11.33, "saillie": 12.12}}, {"type": "Feature", "geometry": {"type": "Point", "coordinates": [-1.9526982, 48.6995231]}, "properties": {"id": "auto00373", "nom": "A0373", "auto": true, "z": 5.31, "saillie": 9.95}}, {"type": "Feature", "geometry": {"type": "Point", "coordinates": [-1.8979677, 48.6995148]}, "properties": {"id": "auto00374", "nom": "A0374", "auto": true, "z": 0.19, "saillie": 5.24}}, {"type": "Feature", "geometry": {"type": "Point", "coordinates": [-1.9523659, 48.6994648]}, "properties": {"id": "auto00375", "nom": "A0375", "auto": true, "z": 3.99, "saillie": 8.13}}, {"type": "Feature", "geometry": {"type": "Point", "coordinates": [-1.9558512, 48.6994641]}, "properties": {"id": "auto00376", "nom": "A0376", "auto": true, "z": 6.17, "saillie": 9.27}}, {"type": "Feature", "geometry": {"type": "Point", "coordinates": [-1.9309084, 48.6994537]}, "properties": {"id": "auto00377", "nom": "A0377", "auto": true, "z": -0.31, "saillie": 7.34}}, {"type": "Feature", "geometry": {"type": "Point", "coordinates": [-1.9502402, 48.699445]}, "properties": {"id": "auto00378", "nom": "A0378", "auto": true, "z": -0.0, "saillie": 5.1}}, {"type": "Feature", "geometry": {"type": "Point", "coordinates": [-1.9952776, 48.6994396]}, "properties": {"id": "auto00379", "nom": "A0379", "auto": true, "z": 3.54, "saillie": 5.15}}, {"type": "Feature", "geometry": {"type": "Point", "coordinates": [-1.9537763, 48.6994062]}, "properties": {"id": "auto00380", "nom": "A0380", "auto": true, "z": 11.83, "saillie": 12.65}}, {"type": "Feature", "geometry": {"type": "Point", "coordinates": [-1.9893377, 48.6994002]}, "properties": {"id": "auto00381", "nom": "A0381", "auto": true, "z": 4.51, "saillie": 11.22}}, {"type": "Feature", "geometry": {"type": "Point", "coordinates": [-1.9506131, 48.6993574]}, "properties": {"id": "auto00382", "nom": "A0382", "auto": true, "z": -1.87, "saillie": 3.02}}, {"type": "Feature", "geometry": {"type": "Point", "coordinates": [-1.991782, 48.6993338]}, "properties": {"id": "auto00383", "nom": "A0383", "auto": true, "z": 0.87, "saillie": 8.69}}, {"type": "Feature", "geometry": {"type": "Point", "coordinates": [-1.9375399, 48.6993232]}, "properties": {"id": "auto00384", "nom": "A0384", "auto": true, "z": 10.19, "saillie": 5.11}}, {"type": "Feature", "geometry": {"type": "Point", "coordinates": [-1.9897648, 48.6993102]}, "properties": {"id": "auto00385", "nom": "A0385", "auto": true, "z": 5.54, "saillie": 10.57}}, {"type": "Feature", "geometry": {"type": "Point", "coordinates": [-1.9907411, 48.6992693]}, "properties": {"id": "auto00386", "nom": "A0386", "auto": true, "z": 7.32, "saillie": 3.0}}, {"type": "Feature", "geometry": {"type": "Point", "coordinates": [-1.9960775, 48.6992619]}, "properties": {"id": "auto00387", "nom": "A0387", "auto": true, "z": 2.43, "saillie": 7.37}}, {"type": "Feature", "geometry": {"type": "Point", "coordinates": [-1.9419439, 48.6992488]}, "properties": {"id": "auto00388", "nom": "A0388", "auto": true, "z": -1.51, "saillie": 2.79}}, {"type": "Feature", "geometry": {"type": "Point", "coordinates": [-1.9318678, 48.6992337]}, "properties": {"id": "auto00389", "nom": "A0389", "auto": true, "z": 9.85, "saillie": 8.27}}, {"type": "Feature", "geometry": {"type": "Point", "coordinates": [-1.9593669, 48.6992096]}, "properties": {"id": "auto00390", "nom": "A0390", "auto": true, "z": 7.6, "saillie": 11.87}}, {"type": "Feature", "geometry": {"type": "Point", "coordinates": [-1.8941808, 48.6992018]}, "properties": {"id": "auto00391", "nom": "A0391", "auto": true, "z": -1.85, "saillie": 3.72}}, {"type": "Feature", "geometry": {"type": "Point", "coordinates": [-1.9892628, 48.699187]}, "properties": {"id": "auto00392", "nom": "A0392", "auto": true, "z": 5.12, "saillie": 11.57}}, {"type": "Feature", "geometry": {"type": "Point", "coordinates": [-1.8980425, 48.6991513]}, "properties": {"id": "auto00393", "nom": "A0393", "auto": true, "z": -0.12, "saillie": 4.71}}, {"type": "Feature", "geometry": {"type": "Point", "coordinates": [-1.9435679, 48.6991453]}, "properties": {"id": "auto00394", "nom": "A0394", "auto": true, "z": -1.54, "saillie": 3.72}}, {"type": "Feature", "geometry": {"type": "Point", "coordinates": [-1.9553289, 48.6991253]}, "properties": {"id": "auto00395", "nom": "A0395", "auto": true, "z": 12.05, "saillie": 11.0}}, {"type": "Feature", "geometry": {"type": "Point", "coordinates": [-1.9898526, 48.6990902]}, "properties": {"id": "auto00396", "nom": "A0396", "auto": true, "z": 6.02, "saillie": 9.6}}, {"type": "Feature", "geometry": {"type": "Point", "coordinates": [-1.9911037, 48.6990738]}, "properties": {"id": "auto00397", "nom": "A0397", "auto": true, "z": 7.65, "saillie": 10.84}}, {"type": "Feature", "geometry": {"type": "Point", "coordinates": [-2.0179517, 48.6990635]}, "properties": {"id": "auto00398", "nom": "A0398", "auto": true, "z": -2.16, "saillie": 13.07}}, {"type": "Feature", "geometry": {"type": "Point", "coordinates": [-1.8916077, 48.6990552]}, "properties": {"id": "auto00399", "nom": "A0399", "auto": true, "z": 1.26, "saillie": 5.59}}, {"type": "Feature", "geometry": {"type": "Point", "coordinates": [-1.9971452, 48.6990369]}, "properties": {"id": "auto00400", "nom": "A0400", "auto": true, "z": 2.78, "saillie": 10.81}}, {"type": "Feature", "geometry": {"type": "Point", "coordinates": [-1.9963281, 48.6990351]}, "properties": {"id": "auto00401", "nom": "A0401", "auto": true, "z": 2.26, "saillie": 8.56}}, {"type": "Feature", "geometry": {"type": "Point", "coordinates": [-1.9587497, 48.699019]}, "properties": {"id": "auto00402", "nom": "A0402", "auto": true, "z": 2.11, "saillie": 6.76}}, {"type": "Feature", "geometry": {"type": "Point", "coordinates": [-1.8968864, 48.6990186]}, "properties": {"id": "auto00403", "nom": "A0403", "auto": true, "z": 1.92, "saillie": 5.63}}, {"type": "Feature", "geometry": {"type": "Point", "coordinates": [-1.9959958, 48.6989769]}, "properties": {"id": "auto00404", "nom": "A0404", "auto": true, "z": 3.48, "saillie": 7.95}}, {"type": "Feature", "geometry": {"type": "Point", "coordinates": [-1.8909433, 48.6989383]}, "properties": {"id": "auto00405", "nom": "A0405", "auto": true, "z": 13.52, "saillie": 14.65}}, {"type": "Feature", "geometry": {"type": "Point", "coordinates": [-1.9953922, 48.6989301]}, "properties": {"id": "auto00406", "nom": "A0406", "auto": true, "z": 10.68, "saillie": 9.76}}, {"type": "Feature", "geometry": {"type": "Point", "coordinates": [-1.8964424, 48.6989287]}, "properties": {"id": "auto00407", "nom": "A0407", "auto": true, "z": 3.58, "saillie": 6.88}}, {"type": "Feature", "geometry": {"type": "Point", "coordinates": [-1.9966975, 48.6989114]}, "properties": {"id": "auto00408", "nom": "A0408", "auto": true, "z": 3.41, "saillie": 10.89}}, {"type": "Feature", "geometry": {"type": "Point", "coordinates": [-1.9550881, 48.698883]}, "properties": {"id": "auto00409", "nom": "A0409", "auto": true, "z": 12.67, "saillie": 10.03}}, {"type": "Feature", "geometry": {"type": "Point", "coordinates": [-1.9518741, 48.6988725]}, "properties": {"id": "auto00410", "nom": "A0410", "auto": true, "z": -0.82, "saillie": 3.31}}, {"type": "Feature", "geometry": {"type": "Point", "coordinates": [-2.0179852, 48.6988458]}, "properties": {"id": "auto00411", "nom": "A0411", "auto": true, "z": -2.13, "saillie": 5.97}}, {"type": "Feature", "geometry": {"type": "Point", "coordinates": [-1.9661913, 48.6988172]}, "properties": {"id": "auto00412", "nom": "A0412", "auto": true, "z": -1.09, "saillie": 8.72}}, {"type": "Feature", "geometry": {"type": "Point", "coordinates": [-1.9855229, 48.6988028]}, "properties": {"id": "auto00413", "nom": "A0413", "auto": true, "z": -2.28, "saillie": 8.79}}, {"type": "Feature", "geometry": {"type": "Point", "coordinates": [-1.9906965, 48.6988025]}, "properties": {"id": "auto00414", "nom": "A0414", "auto": true, "z": 7.88, "saillie": 9.67}}, {"type": "Feature", "geometry": {"type": "Point", "coordinates": [-1.8937607, 48.6987865]}, "properties": {"id": "auto00415", "nom": "A0415", "auto": true, "z": -1.38, "saillie": 2.4}}, {"type": "Feature", "geometry": {"type": "Point", "coordinates": [-1.9592174, 48.6987833]}, "properties": {"id": "auto00416", "nom": "A0416", "auto": true, "z": 0.86, "saillie": 3.66}}, {"type": "Feature", "geometry": {"type": "Point", "coordinates": [-1.8923978, 48.6987704]}, "properties": {"id": "auto00417", "nom": "A0417", "auto": true, "z": -1.8, "saillie": 1.82}}, {"type": "Feature", "geometry": {"type": "Point", "coordinates": [-1.9892725, 48.698718]}, "properties": {"id": "auto00418", "nom": "A0418", "auto": true, "z": 3.28, "saillie": 10.05}}, {"type": "Feature", "geometry": {"type": "Point", "coordinates": [-1.9514705, 48.6986369]}, "properties": {"id": "auto00419", "nom": "A0419", "auto": true, "z": -1.86, "saillie": 1.89}}, {"type": "Feature", "geometry": {"type": "Point", "coordinates": [-1.9939984, 48.698592]}, "properties": {"id": "auto00420", "nom": "A0420", "auto": true, "z": -1.71, "saillie": 7.36}}, {"type": "Feature", "geometry": {"type": "Point", "coordinates": [-1.9595801, 48.6985879]}, "properties": {"id": "auto00421", "nom": "A0421", "auto": true, "z": 1.19, "saillie": 7.59}}, {"type": "Feature", "geometry": {"type": "Point", "coordinates": [-1.9518468, 48.6985852]}, "properties": {"id": "auto00422", "nom": "A0422", "auto": true, "z": -1.73, "saillie": 1.47}}, {"type": "Feature", "geometry": {"type": "Point", "coordinates": [-1.8947746, 48.6985646]}, "properties": {"id": "auto00423", "nom": "A0423", "auto": true, "z": -0.46, "saillie": 2.37}}, {"type": "Feature", "geometry": {"type": "Point", "coordinates": [-1.9896927, 48.6985562]}, "properties": {"id": "auto00424", "nom": "A0424", "auto": true, "z": 8.97, "saillie": 14.92}}, {"type": "Feature", "geometry": {"type": "Point", "coordinates": [-1.9906182, 48.6985534]}, "properties": {"id": "auto00425", "nom": "A0425", "auto": true, "z": 4.21, "saillie": 10.29}}, {"type": "Feature", "geometry": {"type": "Point", "coordinates": [-1.9004906, 48.6985459]}, "properties": {"id": "auto00426", "nom": "A0426", "auto": true, "z": 0.19, "saillie": 4.39}}, {"type": "Feature", "geometry": {"type": "Point", "coordinates": [-1.9658385, 48.6985435]}, "properties": {"id": "auto00427", "nom": "A0427", "auto": true, "z": 4.59, "saillie": 11.55}}, {"type": "Feature", "geometry": {"type": "Point", "coordinates": [-1.9390993, 48.6985376]}, "properties": {"id": "auto00428", "nom": "A0428", "auto": true, "z": -0.87, "saillie": 1.54}}, {"type": "Feature", "geometry": {"type": "Point", "coordinates": [-1.9138314, 48.6985371]}, "properties": {"id": "auto00429", "nom": "A0429", "auto": true, "z": -1.01, "saillie": 2.36}}, {"type": "Feature", "geometry": {"type": "Point", "coordinates": [-1.8996702, 48.6985076]}, "properties": {"id": "auto00430", "nom": "A0430", "auto": true, "z": 2.03, "saillie": 6.66}}, {"type": "Feature", "geometry": {"type": "Point", "coordinates": [-1.9555964, 48.6985014]}, "properties": {"id": "auto00431", "nom": "A0431", "auto": true, "z": 2.52, "saillie": 6.01}}, {"type": "Feature", "geometry": {"type": "Point", "coordinates": [-1.8791928, 48.6984829]}, "properties": {"id": "auto00432", "nom": "A0432", "auto": true, "z": 3.02, "saillie": 5.31}}, {"type": "Feature", "geometry": {"type": "Point", "coordinates": [-1.9414284, 48.698405]}, "properties": {"id": "auto00433", "nom": "A0433", "auto": true, "z": 1.31, "saillie": 4.8}}, {"type": "Feature", "geometry": {"type": "Point", "coordinates": [-1.8957375, 48.6983809]}, "properties": {"id": "auto00434", "nom": "A0434", "auto": true, "z": -0.18, "saillie": 2.87}}, {"type": "Feature", "geometry": {"type": "Point", "coordinates": [-1.9944117, 48.6983584]}, "properties": {"id": "auto00435", "nom": "A0435", "auto": true, "z": 2.8, "saillie": 7.21}}, {"type": "Feature", "geometry": {"type": "Point", "coordinates": [-1.9604817, 48.6983341]}, "properties": {"id": "auto00436", "nom": "A0436", "auto": true, "z": 0.55, "saillie": 8.82}}, {"type": "Feature", "geometry": {"type": "Point", "coordinates": [-1.9849867, 48.6983206]}, "properties": {"id": "auto00437", "nom": "A0437", "auto": true, "z": 3.26, "saillie": 11.17}}, {"type": "Feature", "geometry": {"type": "Point", "coordinates": [-1.8948595, 48.6983088]}, "properties": {"id": "auto00438", "nom": "A0438", "auto": true, "z": -0.5, "saillie": 1.06}}, {"type": "Feature", "geometry": {"type": "Point", "coordinates": [-1.9947845, 48.6982707]}, "properties": {"id": "auto00439", "nom": "A0439", "auto": true, "z": 2.65, "saillie": 3.73}}, {"type": "Feature", "geometry": {"type": "Point", "coordinates": [-1.8941476, 48.698266]}, "properties": {"id": "auto00440", "nom": "A0440", "auto": true, "z": -1.37, "saillie": 1.16}}, {"type": "Feature", "geometry": {"type": "Point", "coordinates": [-1.8977412, 48.6982625]}, "properties": {"id": "auto00441", "nom": "A0441", "auto": true, "z": 8.39, "saillie": 10.07}}, {"type": "Feature", "geometry": {"type": "Point", "coordinates": [-1.8997551, 48.6982518]}, "properties": {"id": "auto00442", "nom": "A0442", "auto": true, "z": 2.98, "saillie": 6.74}}, {"type": "Feature", "geometry": {"type": "Point", "coordinates": [-1.9951066, 48.6982211]}, "properties": {"id": "auto00443", "nom": "A0443", "auto": true, "z": 4.86, "saillie": 6.85}}, {"type": "Feature", "geometry": {"type": "Point", "coordinates": [-1.9594307, 48.6981616]}, "properties": {"id": "auto00444", "nom": "A0444", "auto": true, "z": 3.98, "saillie": 7.24}}, {"type": "Feature", "geometry": {"type": "Point", "coordinates": [-1.9905805, 48.6981585]}, "properties": {"id": "auto00445", "nom": "A0445", "auto": true, "z": -1.56, "saillie": 4.56}}, {"type": "Feature", "geometry": {"type": "Point", "coordinates": [-1.9941741, 48.6981521]}, "properties": {"id": "auto00446", "nom": "A0446", "auto": true, "z": 1.58, "saillie": 6.28}}, {"type": "Feature", "geometry": {"type": "Point", "coordinates": [-1.9601324, 48.6980963]}, "properties": {"id": "auto00447", "nom": "A0447", "auto": true, "z": 7.18, "saillie": 14.87}}, {"type": "Feature", "geometry": {"type": "Point", "coordinates": [-1.9897023, 48.6980871]}, "properties": {"id": "auto00448", "nom": "A0448", "auto": true, "z": -0.35, "saillie": 6.25}}, {"type": "Feature", "geometry": {"type": "Point", "coordinates": [-1.9038235, 48.6980844]}, "properties": {"id": "auto00449", "nom": "A0449", "auto": true, "z": -0.2, "saillie": 3.24}}, {"type": "Feature", "geometry": {"type": "Point", "coordinates": [-1.9889361, 48.6980471]}, "properties": {"id": "auto00450", "nom": "A0450", "auto": true, "z": 0.74, "saillie": 9.77}}, {"type": "Feature", "geometry": {"type": "Point", "coordinates": [-1.8458805, 48.6980402]}, "properties": {"id": "auto00451", "nom": "A0451", "auto": true, "z": 6.1, "saillie": 4.84}}, {"type": "Feature", "geometry": {"type": "Point", "coordinates": [-1.995903, 48.6980075]}, "properties": {"id": "auto00452", "nom": "A0452", "auto": true, "z": 0.98, "saillie": 10.29}}, {"type": "Feature", "geometry": {"type": "Point", "coordinates": [-1.9555487, 48.6979987]}, "properties": {"id": "auto00453", "nom": "A0453", "auto": true, "z": -0.61, "saillie": 3.42}}, {"type": "Feature", "geometry": {"type": "Point", "coordinates": [-1.8974431, 48.6979864]}, "properties": {"id": "auto00454", "nom": "A0454", "auto": true, "z": 12.92, "saillie": 11.92}}, {"type": "Feature", "geometry": {"type": "Point", "coordinates": [-1.984627, 48.6979751]}, "properties": {"id": "auto00455", "nom": "A0455", "auto": true, "z": 1.12, "saillie": 9.3}}, {"type": "Feature", "geometry": {"type": "Point", "coordinates": [-1.9954622, 48.6979539]}, "properties": {"id": "auto00456", "nom": "A0456", "auto": true, "z": 2.82, "saillie": 11.02}}, {"type": "Feature", "geometry": {"type": "Point", "coordinates": [-1.9597865, 48.6978944]}, "properties": {"id": "auto00457", "nom": "A0457", "auto": true, "z": 3.8, "saillie": 8.52}}, {"type": "Feature", "geometry": {"type": "Point", "coordinates": [-1.9000468, 48.6978793]}, "properties": {"id": "auto00458", "nom": "A0458", "auto": true, "z": -0.41, "saillie": 3.25}}, {"type": "Feature", "geometry": {"type": "Point", "coordinates": [-1.9592949, 48.6978788]}, "properties": {"id": "auto00459", "nom": "A0459", "auto": true, "z": 1.89, "saillie": 7.09}}, {"type": "Feature", "geometry": {"type": "Point", "coordinates": [-1.9949603, 48.6978307]}, "properties": {"id": "auto00460", "nom": "A0460", "auto": true, "z": -1.03, "saillie": 5.62}}, {"type": "Feature", "geometry": {"type": "Point", "coordinates": [-1.9902207, 48.697813]}, "properties": {"id": "auto00461", "nom": "A0461", "auto": true, "z": 1.13, "saillie": 5.58}}, {"type": "Feature", "geometry": {"type": "Point", "coordinates": [-1.98363, 48.6978005]}, "properties": {"id": "auto00462", "nom": "A0462", "auto": true, "z": 7.89, "saillie": 10.72}}, {"type": "Feature", "geometry": {"type": "Point", "coordinates": [-1.9299895, 48.6977975]}, "properties": {"id": "auto00463", "nom": "A0463", "auto": true, "z": -0.57, "saillie": 1.08}}, {"type": "Feature", "geometry": {"type": "Point", "coordinates": [-1.9030337, 48.6977924]}, "properties": {"id": "auto00464", "nom": "A0464", "auto": true, "z": -2.39, "saillie": 1.0}}, {"type": "Feature", "geometry": {"type": "Point", "coordinates": [-1.9542128, 48.6976938]}, "properties": {"id": "auto00465", "nom": "A0465", "auto": true, "z": 12.34, "saillie": 8.98}}, {"type": "Feature", "geometry": {"type": "Point", "coordinates": [-1.9309524, 48.6976134]}, "properties": {"id": "auto00466", "nom": "A0466", "auto": true, "z": -0.78, "saillie": 1.39}}, {"type": "Feature", "geometry": {"type": "Point", "coordinates": [-1.9830128, 48.6976101]}, "properties": {"id": "auto00467", "nom": "A0467", "auto": true, "z": 6.76, "saillie": 13.18}}, {"type": "Feature", "geometry": {"type": "Point", "coordinates": [-1.9710825, 48.6975678]}, "properties": {"id": "auto00468", "nom": "A0468", "auto": true, "z": 3.64, "saillie": 11.39}}, {"type": "Feature", "geometry": {"type": "Point", "coordinates": [-1.8973484, 48.6975577]}, "properties": {"id": "auto00469", "nom": "A0469", "auto": true, "z": 8.71, "saillie": 6.51}}, {"type": "Feature", "geometry": {"type": "Point", "coordinates": [-1.9952582, 48.6975298]}, "properties": {"id": "auto00470", "nom": "A0470", "auto": true, "z": -0.17, "saillie": 9.35}}, {"type": "Feature", "geometry": {"type": "Point", "coordinates": [-1.9026779, 48.6974827]}, "properties": {"id": "auto00471", "nom": "A0471", "auto": true, "z": -1.26, "saillie": 1.91}}, {"type": "Feature", "geometry": {"type": "Point", "coordinates": [-1.900064, 48.6974821]}, "properties": {"id": "auto00472", "nom": "A0472", "auto": true, "z": -1.14, "saillie": 2.31}}, {"type": "Feature", "geometry": {"type": "Point", "coordinates": [-1.971452, 48.6974442]}, "properties": {"id": "auto00473", "nom": "A0473", "auto": true, "z": 0.92, "saillie": 8.5}}, {"type": "Feature", "geometry": {"type": "Point", "coordinates": [-1.9542432, 48.6974401]}, "properties": {"id": "auto00474", "nom": "A0474", "auto": true, "z": 8.87, "saillie": 9.59}}, {"type": "Feature", "geometry": {"type": "Point", "coordinates": [-1.9718859, 48.6974261]}, "properties": {"id": "auto00475", "nom": "A0475", "auto": true, "z": -2.37, "saillie": 5.66}}, {"type": "Feature", "geometry": {"type": "Point", "coordinates": [-1.9531481, 48.6973775]}, "properties": {"id": "auto00476", "nom": "A0476", "auto": true, "z": 9.01, "saillie": 9.86}}, {"type": "Feature", "geometry": {"type": "Point", "coordinates": [-1.8931345, 48.6973343]}, "properties": {"id": "auto00477", "nom": "A0477", "auto": true, "z": 5.77, "saillie": 4.68}}, {"type": "Feature", "geometry": {"type": "Point", "coordinates": [-1.9901184, 48.6973126]}, "properties": {"id": "auto00478", "nom": "A0478", "auto": true, "z": -2.37, "saillie": 5.72}}, {"type": "Feature", "geometry": {"type": "Point", "coordinates": [-1.8971587, 48.6972771]}, "properties": {"id": "auto00479", "nom": "A0479", "auto": true, "z": 10.59, "saillie": 7.45}}, {"type": "Feature", "geometry": {"type": "Point", "coordinates": [-1.9840125, 48.6972438]}, "properties": {"id": "auto00480", "nom": "A0480", "auto": true, "z": 1.29, "saillie": 8.19}}, {"type": "Feature", "geometry": {"type": "Point", "coordinates": [-1.9171373, 48.6972112]}, "properties": {"id": "auto00481", "nom": "A0481", "auto": true, "z": 1.38, "saillie": 4.91}}, {"type": "Feature", "geometry": {"type": "Point", "coordinates": [-1.983409, 48.6971969]}, "properties": {"id": "auto00482", "nom": "A0482", "auto": true, "z": 2.94, "saillie": 8.56}}, {"type": "Feature", "geometry": {"type": "Point", "coordinates": [-1.968648, 48.6971646]}, "properties": {"id": "auto00483", "nom": "A0483", "auto": true, "z": -1.38, "saillie": 6.55}}, {"type": "Feature", "geometry": {"type": "Point", "coordinates": [-1.9704991, 48.6971595]}, "properties": {"id": "auto00484", "nom": "A0484", "auto": true, "z": 4.12, "saillie": 10.07}}, {"type": "Feature", "geometry": {"type": "Point", "coordinates": [-1.9718043, 48.6971411]}, "properties": {"id": "auto00485", "nom": "A0485", "auto": true, "z": -1.57, "saillie": 5.79}}, {"type": "Feature", "geometry": {"type": "Point", "coordinates": [-1.8789568, 48.6971228]}, "properties": {"id": "auto00486", "nom": "A0486", "auto": true, "z": 7.37, "saillie": 5.75}}, {"type": "Feature", "geometry": {"type": "Point", "coordinates": [-1.9507172, 48.69701]}, "properties": {"id": "auto00487", "nom": "A0487", "auto": true, "z": -0.05, "saillie": 1.43}}, {"type": "Feature", "geometry": {"type": "Point", "coordinates": [-1.9037189, 48.6969712]}, "properties": {"id": "auto00488", "nom": "A0488", "auto": true, "z": -0.91, "saillie": 1.52}}, {"type": "Feature", "geometry": {"type": "Point", "coordinates": [-1.9681291, 48.6968618]}, "properties": {"id": "auto00489", "nom": "A0489", "auto": true, "z": 4.5, "saillie": 11.12}}, {"type": "Feature", "geometry": {"type": "Point", "coordinates": [-1.8928162, 48.6968427]}, "properties": {"id": "auto00490", "nom": "A0490", "auto": true, "z": 8.48, "saillie": 3.01}}, {"type": "Feature", "geometry": {"type": "Point", "coordinates": [-1.9678002, 48.6968395]}, "properties": {"id": "auto00491", "nom": "A0491", "auto": true, "z": 3.71, "saillie": 11.27}}, {"type": "Feature", "geometry": {"type": "Point", "coordinates": [-1.8981489, 48.6968038]}, "properties": {"id": "auto00492", "nom": "A0492", "auto": true, "z": 7.28, "saillie": 8.06}}, {"type": "Feature", "geometry": {"type": "Point", "coordinates": [-1.8948266, 48.6967962]}, "properties": {"id": "auto00493", "nom": "A0493", "auto": true, "z": 11.21, "saillie": 4.22}}, {"type": "Feature", "geometry": {"type": "Point", "coordinates": [-1.9702988, 48.6967713]}, "properties": {"id": "auto00494", "nom": "A0494", "auto": true, "z": 0.8, "saillie": 5.36}}, {"type": "Feature", "geometry": {"type": "Point", "coordinates": [-1.8972743, 48.6967677]}, "properties": {"id": "auto00495", "nom": "A0495", "auto": true, "z": 5.06, "saillie": 3.68}}, {"type": "Feature", "geometry": {"type": "Point", "coordinates": [-1.9536292, 48.6967087]}, "properties": {"id": "auto00496", "nom": "A0496", "auto": true, "z": 9.78, "saillie": 8.99}}, {"type": "Feature", "geometry": {"type": "Point", "coordinates": [-1.9715429, 48.6966834]}, "properties": {"id": "auto00497", "nom": "A0497", "auto": true, "z": 0.92, "saillie": 4.1}}, {"type": "Feature", "geometry": {"type": "Point", "coordinates": [-1.9002035, 48.6966472]}, "properties": {"id": "auto00498", "nom": "A0498", "auto": true, "z": 6.9, "saillie": 9.51}}, {"type": "Feature", "geometry": {"type": "Point", "coordinates": [-1.8935587, 48.696632]}, "properties": {"id": "auto00499", "nom": "A0499", "auto": true, "z": 8.98, "saillie": 3.59}}, {"type": "Feature", "geometry": {"type": "Point", "coordinates": [-1.9706614, 48.696576]}, "properties": {"id": "auto00500", "nom": "A0500", "auto": true, "z": 2.5, "saillie": 4.57}}, {"type": "Feature", "geometry": {"type": "Point", "coordinates": [-1.9044955, 48.6965427]}, "properties": {"id": "auto00501", "nom": "A0501", "auto": true, "z": -0.47, "saillie": 1.7}}, {"type": "Feature", "geometry": {"type": "Point", "coordinates": [-1.9585686, 48.6965392]}, "properties": {"id": "auto00502", "nom": "A0502", "auto": true, "z": -0.62, "saillie": 6.03}}, {"type": "Feature", "geometry": {"type": "Point", "coordinates": [-1.9682068, 48.6965342]}, "properties": {"id": "auto00503", "nom": "A0503", "auto": true, "z": 8.49, "saillie": 8.9}}, {"type": "Feature", "geometry": {"type": "Point", "coordinates": [-1.9523036, 48.6965114]}, "properties": {"id": "auto00504", "nom": "A0504", "auto": true, "z": -1.78, "saillie": 1.04}}, {"type": "Feature", "geometry": {"type": "Point", "coordinates": [-1.9592737, 48.6965099]}, "properties": {"id": "auto00505", "nom": "A0505", "auto": true, "z": 1.06, "saillie": 6.74}}, {"type": "Feature", "geometry": {"type": "Point", "coordinates": [-1.8792252, 48.696499]}, "properties": {"id": "auto00506", "nom": "A0506", "auto": true, "z": 8.89, "saillie": 3.72}}, {"type": "Feature", "geometry": {"type": "Point", "coordinates": [-1.9718986, 48.6964162]}, "properties": {"id": "auto00507", "nom": "A0507", "auto": true, "z": 1.91, "saillie": 6.95}}, {"type": "Feature", "geometry": {"type": "Point", "coordinates": [-1.9164052, 48.6963762]}, "properties": {"id": "auto00508", "nom": "A0508", "auto": true, "z": 3.44, "saillie": 5.42}}, {"type": "Feature", "geometry": {"type": "Point", "coordinates": [-1.9677558, 48.6963727]}, "properties": {"id": "auto00509", "nom": "A0509", "auto": true, "z": 4.29, "saillie": 8.0}}, {"type": "Feature", "geometry": {"type": "Point", "coordinates": [-1.8938064, 48.6963695]}, "properties": {"id": "auto00510", "nom": "A0510", "auto": true, "z": 8.28, "saillie": 2.46}}, {"type": "Feature", "geometry": {"type": "Point", "coordinates": [-1.9531612, 48.6963676]}, "properties": {"id": "auto00511", "nom": "A0511", "auto": true, "z": 7.77, "saillie": 7.77}}, {"type": "Feature", "geometry": {"type": "Point", "coordinates": [-1.9176561, 48.6963606]}, "properties": {"id": "auto00512", "nom": "A0512", "auto": true, "z": 11.09, "saillie": 12.49}}, {"type": "Feature", "geometry": {"type": "Point", "coordinates": [-1.9690068, 48.6963566]}, "properties": {"id": "auto00513", "nom": "A0513", "auto": true, "z": 4.37, "saillie": 5.11}}, {"type": "Feature", "geometry": {"type": "Point", "coordinates": [-1.9064381, 48.6963546]}, "properties": {"id": "auto00514", "nom": "A0514", "auto": true, "z": -0.8, "saillie": 1.55}}, {"type": "Feature", "geometry": {"type": "Point", "coordinates": [-1.9553377, 48.6963492]}, "properties": {"id": "auto00515", "nom": "A0515", "auto": true, "z": -0.67, "saillie": 3.91}}, {"type": "Feature", "geometry": {"type": "Point", "coordinates": [-1.9197784, 48.6963451]}, "properties": {"id": "auto00516", "nom": "A0516", "auto": true, "z": 2.32, "saillie": 3.61}}, {"type": "Feature", "geometry": {"type": "Point", "coordinates": [-1.9595787, 48.6962809]}, "properties": {"id": "auto00517", "nom": "A0517", "auto": true, "z": 4.1, "saillie": 8.08}}, {"type": "Feature", "geometry": {"type": "Point", "coordinates": [-1.9526628, 48.6962802]}, "properties": {"id": "auto00518", "nom": "A0518", "auto": true, "z": 1.58, "saillie": 3.88}}, {"type": "Feature", "geometry": {"type": "Point", "coordinates": [-1.9830961, 48.6962006]}, "properties": {"id": "auto00519", "nom": "A0519", "auto": true, "z": 0.47, "saillie": 9.63}}, {"type": "Feature", "geometry": {"type": "Point", "coordinates": [-1.8929183, 48.6961897]}, "properties": {"id": "auto00520", "nom": "A0520", "auto": true, "z": 7.94, "saillie": 1.48}}, {"type": "Feature", "geometry": {"type": "Point", "coordinates": [-1.960494, 48.6961707]}, "properties": {"id": "auto00521", "nom": "A0521", "auto": true, "z": 4.33, "saillie": 10.03}}, {"type": "Feature", "geometry": {"type": "Point", "coordinates": [-1.9545579, 48.6961654]}, "properties": {"id": "auto00522", "nom": "A0522", "auto": true, "z": 0.45, "saillie": 4.11}}, {"type": "Feature", "geometry": {"type": "Point", "coordinates": [-1.9706203, 48.6961451]}, "properties": {"id": "auto00523", "nom": "A0523", "auto": true, "z": 1.23, "saillie": 3.93}}, {"type": "Feature", "geometry": {"type": "Point", "coordinates": [-1.9503608, 48.6961235]}, "properties": {"id": "auto00524", "nom": "A0524", "auto": true, "z": 5.27, "saillie": 7.4}}, {"type": "Feature", "geometry": {"type": "Point", "coordinates": [-1.9542256, 48.6961071]}, "properties": {"id": "auto00525", "nom": "A0525", "auto": true, "z": 1.75, "saillie": 4.44}}, {"type": "Feature", "geometry": {"type": "Point", "coordinates": [-1.9715424, 48.6961066]}, "properties": {"id": "auto00526", "nom": "A0526", "auto": true, "z": 1.15, "saillie": 8.73}}, {"type": "Feature", "geometry": {"type": "Point", "coordinates": [-1.9685455, 48.6960874]}, "properties": {"id": "auto00527", "nom": "A0527", "auto": true, "z": 9.71, "saillie": 10.35}}, {"type": "Feature", "geometry": {"type": "Point", "coordinates": [-1.9677285, 48.6960855]}, "properties": {"id": "auto00528", "nom": "A0528", "auto": true, "z": 2.67, "saillie": 7.76}}, {"type": "Feature", "geometry": {"type": "Point", "coordinates": [-1.9585243, 48.6960724]}, "properties": {"id": "auto00529", "nom": "A0529", "auto": true, "z": 1.92, "saillie": 5.63}}, {"type": "Feature", "geometry": {"type": "Point", "coordinates": [-1.8948643, 48.6960377]}, "properties": {"id": "auto00530", "nom": "A0530", "auto": true, "z": 8.03, "saillie": 1.63}}, {"type": "Feature", "geometry": {"type": "Point", "coordinates": [-1.9524152, 48.6959661]}, "properties": {"id": "auto00531", "nom": "A0531", "auto": true, "z": -1.13, "saillie": 1.04}}, {"type": "Feature", "geometry": {"type": "Point", "coordinates": [-1.9531712, 48.6958986]}, "properties": {"id": "auto00532", "nom": "A0532", "auto": true, "z": 5.86, "saillie": 7.54}}, {"type": "Feature", "geometry": {"type": "Point", "coordinates": [-1.9707049, 48.6958892]}, "properties": {"id": "auto00533", "nom": "A0533", "auto": true, "z": 3.03, "saillie": 9.53}}, {"type": "Feature", "geometry": {"type": "Point", "coordinates": [-1.9169036, 48.695887]}, "properties": {"id": "auto00534", "nom": "A0534", "auto": true, "z": 10.18, "saillie": 8.91}}, {"type": "Feature", "geometry": {"type": "Point", "coordinates": [-1.9699963, 48.6958827]}, "properties": {"id": "auto00535", "nom": "A0535", "auto": true, "z": 2.48, "saillie": 6.7}}, {"type": "Feature", "geometry": {"type": "Point", "coordinates": [-1.9049772, 48.695874]}, "properties": {"id": "auto00536", "nom": "A0536", "auto": true, "z": 1.22, "saillie": 2.91}}, {"type": "Feature", "geometry": {"type": "Point", "coordinates": [-1.950337, 48.6958722]}, "properties": {"id": "auto00537", "nom": "A0537", "auto": true, "z": 4.09, "saillie": 6.14}}, {"type": "Feature", "geometry": {"type": "Point", "coordinates": [-1.893105, 48.6958576]}, "properties": {"id": "auto00538", "nom": "A0538", "auto": true, "z": 8.1, "saillie": 2.03}}, {"type": "Feature", "geometry": {"type": "Point", "coordinates": [-1.9594801, 48.6958163]}, "properties": {"id": "auto00539", "nom": "A0539", "auto": true, "z": 6.4, "saillie": 7.34}}, {"type": "Feature", "geometry": {"type": "Point", "coordinates": [-1.953544, 48.695811]}, "properties": {"id": "auto00540", "nom": "A0540", "auto": true, "z": 4.33, "saillie": 6.71}}, {"type": "Feature", "geometry": {"type": "Point", "coordinates": [-1.968352, 48.6957711]}, "properties": {"id": "auto00541", "nom": "A0541", "auto": true, "z": 2.3, "saillie": 6.02}}, {"type": "Feature", "geometry": {"type": "Point", "coordinates": [-1.901099, 48.6957453]}, "properties": {"id": "auto00542", "nom": "A0542", "auto": true, "z": 1.92, "saillie": 3.66}}, {"type": "Feature", "geometry": {"type": "Point", "coordinates": [-1.9500996, 48.6956658]}, "properties": {"id": "auto00543", "nom": "A0543", "auto": true, "z": 2.3, "saillie": 4.43}}, {"type": "Feature", "geometry": {"type": "Point", "coordinates": [-1.9805936, 48.6956564]}, "properties": {"id": "auto00544", "nom": "A0544", "auto": true, "z": 0.81, "saillie": 9.29}}, {"type": "Feature", "geometry": {"type": "Point", "coordinates": [-1.9071843, 48.6956029]}, "properties": {"id": "auto00545", "nom": "A0545", "auto": true, "z": -0.36, "saillie": 1.82}}, {"type": "Feature", "geometry": {"type": "Point", "coordinates": [-1.9830921, 48.695588]}, "properties": {"id": "auto00546", "nom": "A0546", "auto": true, "z": 1.39, "saillie": 11.37}}, {"type": "Feature", "geometry": {"type": "Point", "coordinates": [-1.9687146, 48.6955757]}, "properties": {"id": "auto00547", "nom": "A0547", "auto": true, "z": 3.92, "saillie": 6.56}}, {"type": "Feature", "geometry": {"type": "Point", "coordinates": [-1.9600529, 48.6955401]}, "properties": {"id": "auto00548", "nom": "A0548", "auto": true, "z": 4.26, "saillie": 6.8}}, {"type": "Feature", "geometry": {"type": "Point", "coordinates": [-1.9493164, 48.695446]}, "properties": {"id": "auto00549", "nom": "A0549", "auto": true, "z": 3.27, "saillie": 6.01}}, {"type": "Feature", "geometry": {"type": "Point", "coordinates": [-1.9067301, 48.6954053]}, "properties": {"id": "auto00550", "nom": "A0550", "auto": true, "z": -0.61, "saillie": 1.31}}, {"type": "Feature", "geometry": {"type": "Point", "coordinates": [-1.9146798, 48.695402]}, "properties": {"id": "auto00551", "nom": "A0551", "auto": true, "z": 1.3, "saillie": 2.96}}, {"type": "Feature", "geometry": {"type": "Point", "coordinates": [-1.9480587, 48.6953901]}, "properties": {"id": "auto00552", "nom": "A0552", "auto": true, "z": -1.02, "saillie": 1.18}}, {"type": "Feature", "geometry": {"type": "Point", "coordinates": [-1.9690772, 48.6953803]}, "properties": {"id": "auto00553", "nom": "A0553", "auto": true, "z": 0.67, "saillie": 6.45}}, {"type": "Feature", "geometry": {"type": "Point", "coordinates": [-1.9686941, 48.6953603]}, "properties": {"id": "auto00554", "nom": "A0554", "auto": true, "z": 3.37, "saillie": 9.07}}, {"type": "Feature", "geometry": {"type": "Point", "coordinates": [-1.9603613, 48.6953471]}, "properties": {"id": "auto00555", "nom": "A0555", "auto": true, "z": 3.05, "saillie": 5.76}}, {"type": "Feature", "geometry": {"type": "Point", "coordinates": [-1.9833393, 48.6953253]}, "properties": {"id": "auto00556", "nom": "A0556", "auto": true, "z": -0.77, "saillie": 8.27}}, {"type": "Feature", "geometry": {"type": "Point", "coordinates": [-1.9072115, 48.6953134]}, "properties": {"id": "auto00557", "nom": "A0557", "auto": true, "z": -0.69, "saillie": 1.32}}, {"type": "Feature", "geometry": {"type": "Point", "coordinates": [-1.9593747, 48.69528]}, "properties": {"id": "auto00558", "nom": "A0558", "auto": true, "z": 5.61, "saillie": 8.42}}, {"type": "Feature", "geometry": {"type": "Point", "coordinates": [-1.9473365, 48.6952398]}, "properties": {"id": "auto00559", "nom": "A0559", "auto": true, "z": 4.66, "saillie": 7.77}}, {"type": "Feature", "geometry": {"type": "Point", "coordinates": [-1.9153172, 48.6952315]}, "properties": {"id": "auto00560", "nom": "A0560", "auto": true, "z": 3.01, "saillie": 4.27}}, {"type": "Feature", "geometry": {"type": "Point", "coordinates": [-1.9807118, 48.6951828]}, "properties": {"id": "auto00561", "nom": "A0561", "auto": true, "z": 1.99, "saillie": 9.81}}, {"type": "Feature", "geometry": {"type": "Point", "coordinates": [-1.9404648, 48.6951285]}, "properties": {"id": "auto00562", "nom": "A0562", "auto": true, "z": 0.15, "saillie": 1.02}}, {"type": "Feature", "geometry": {"type": "Point", "coordinates": [-1.9582152, 48.695112]}, "properties": {"id": "auto00563", "nom": "A0563", "auto": true, "z": -0.58, "saillie": 3.3}}, {"type": "Feature", "geometry": {"type": "Point", "coordinates": [-1.9267893, 48.695046]}, "properties": {"id": "auto00564", "nom": "A0564", "auto": true, "z": 0.93, "saillie": 1.28}}, {"type": "Feature", "geometry": {"type": "Point", "coordinates": [-1.9593474, 48.6949927]}, "properties": {"id": "auto00565", "nom": "A0565", "auto": true, "z": 3.52, "saillie": 8.37}}, {"type": "Feature", "geometry": {"type": "Point", "coordinates": [-1.9150223, 48.6949914]}, "properties": {"id": "auto00566", "nom": "A0566", "auto": true, "z": 1.52, "saillie": 2.54}}, {"type": "Feature", "geometry": {"type": "Point", "coordinates": [-1.953408, 48.6949515]}, "properties": {"id": "auto00567", "nom": "A0567", "auto": true, "z": 7.9, "saillie": 8.14}}, {"type": "Feature", "geometry": {"type": "Point", "coordinates": [-1.9475229, 48.6949076]}, "properties": {"id": "auto00568", "nom": "A0568", "auto": true, "z": 4.55, "saillie": 8.19}}, {"type": "Feature", "geometry": {"type": "Point", "coordinates": [-1.9837829, 48.6948381]}, "properties": {"id": "auto00569", "nom": "A0569", "auto": true, "z": -2.09, "saillie": 3.05}}, {"type": "Feature", "geometry": {"type": "Point", "coordinates": [-1.9823658, 48.6948253]}, "properties": {"id": "auto00570", "nom": "A0570", "auto": true, "z": 8.22, "saillie": 10.21}}, {"type": "Feature", "geometry": {"type": "Point", "coordinates": [-1.9479364, 48.6946742]}, "properties": {"id": "auto00571", "nom": "A0571", "auto": true, "z": 1.11, "saillie": 3.72}}, {"type": "Feature", "geometry": {"type": "Point", "coordinates": [-1.9583913, 48.694672]}, "properties": {"id": "auto00572", "nom": "A0572", "auto": true, "z": 0.39, "saillie": 3.68}}, {"type": "Feature", "geometry": {"type": "Point", "coordinates": [-1.9577912, 48.694661]}, "properties": {"id": "auto00573", "nom": "A0573", "auto": true, "z": -0.84, "saillie": 3.11}}, {"type": "Feature", "geometry": {"type": "Point", "coordinates": [-1.9975394, 48.6946222]}, "properties": {"id": "auto00574", "nom": "A0574", "auto": true, "z": -0.88, "saillie": 7.06}}, {"type": "Feature", "geometry": {"type": "Point", "coordinates": [-1.9821825, 48.6946166]}, "properties": {"id": "auto00575", "nom": "A0575", "auto": true, "z": 11.27, "saillie": 9.86}}, {"type": "Feature", "geometry": {"type": "Point", "coordinates": [-1.980057, 48.6945974]}, "properties": {"id": "auto00576", "nom": "A0576", "auto": true, "z": -2.49, "saillie": 4.5}}, {"type": "Feature", "geometry": {"type": "Point", "coordinates": [-1.979562, 48.694546]}, "properties": {"id": "auto00577", "nom": "A0577", "auto": true, "z": 1.78, "saillie": 5.88}}, {"type": "Feature", "geometry": {"type": "Point", "coordinates": [-1.9804772, 48.6944356]}, "properties": {"id": "auto00578", "nom": "A0578", "auto": true, "z": -1.45, "saillie": 5.61}}, {"type": "Feature", "geometry": {"type": "Point", "coordinates": [-1.9682764, 48.6944044]}, "properties": {"id": "auto00579", "nom": "A0579", "auto": true, "z": -1.1, "saillie": 5.93}}, {"type": "Feature", "geometry": {"type": "Point", "coordinates": [-1.9787313, 48.6944004]}, "properties": {"id": "auto00580", "nom": "A0580", "auto": true, "z": 8.71, "saillie": 13.68}}, {"type": "Feature", "geometry": {"type": "Point", "coordinates": [-1.9141479, 48.6943786]}, "properties": {"id": "auto00581", "nom": "A0581", "auto": true, "z": 0.47, "saillie": 1.45}}, {"type": "Feature", "geometry": {"type": "Point", "coordinates": [-1.9781278, 48.6943536]}, "properties": {"id": "auto00582", "nom": "A0582", "auto": true, "z": -2.45, "saillie": 5.63}}, {"type": "Feature", "geometry": {"type": "Point", "coordinates": [-1.9686458, 48.6942808]}, "properties": {"id": "auto00583", "nom": "A0583", "auto": true, "z": 1.43, "saillie": 6.13}}, {"type": "Feature", "geometry": {"type": "Point", "coordinates": [-1.902649, 48.6942756]}, "properties": {"id": "auto00584", "nom": "A0584", "auto": true, "z": 5.51, "saillie": 6.71}}, {"type": "Feature", "geometry": {"type": "Point", "coordinates": [-1.9496922, 48.6942407]}, "properties": {"id": "auto00585", "nom": "A0585", "auto": true, "z": 6.75, "saillie": 8.56}}, {"type": "Feature", "geometry": {"type": "Point", "coordinates": [-1.979192, 48.6940928]}, "properties": {"id": "auto00586", "nom": "A0586", "auto": true, "z": 0.91, "saillie": 6.84}}, {"type": "Feature", "geometry": {"type": "Point", "coordinates": [-1.9023575, 48.6940714]}, "properties": {"id": "auto00587", "nom": "A0587", "auto": true, "z": 6.44, "saillie": 6.38}}, {"type": "Feature", "geometry": {"type": "Point", "coordinates": [-1.9737442, 48.694068]}, "properties": {"id": "auto00588", "nom": "A0588", "auto": true, "z": -0.38, "saillie": 5.72}}, {"type": "Feature", "geometry": {"type": "Point", "coordinates": [-1.9677541, 48.6940656]}, "properties": {"id": "auto00589", "nom": "A0589", "auto": true, "z": 1.22, "saillie": 8.12}}, {"type": "Feature", "geometry": {"type": "Point", "coordinates": [-1.9834328, 48.6940236]}, "properties": {"id": "auto00590", "nom": "A0590", "auto": true, "z": 9.7, "saillie": 11.69}}, {"type": "Feature", "geometry": {"type": "Point", "coordinates": [-1.9589265, 48.6940009]}, "properties": {"id": "auto00591", "nom": "A0591", "auto": true, "z": -0.57, "saillie": 3.23}}, {"type": "Feature", "geometry": {"type": "Point", "coordinates": [-1.9486887, 48.6939941]}, "properties": {"id": "auto00592", "nom": "A0592", "auto": true, "z": 5.05, "saillie": 6.08}}, {"type": "Feature", "geometry": {"type": "Point", "coordinates": [-1.9496142, 48.6939916]}, "properties": {"id": "auto00593", "nom": "A0593", "auto": true, "z": 4.88, "saillie": 3.29}}, {"type": "Feature", "geometry": {"type": "Point", "coordinates": [-1.9906162, 48.6939752]}, "properties": {"id": "auto00594", "nom": "A0594", "auto": true, "z": -1.66, "saillie": 5.69}}, {"type": "Feature", "geometry": {"type": "Point", "coordinates": [-1.9732424, 48.6939448]}, "properties": {"id": "auto00595", "nom": "A0595", "auto": true, "z": 5.67, "saillie": 10.46}}, {"type": "Feature", "geometry": {"type": "Point", "coordinates": [-1.9509159, 48.6939376]}, "properties": {"id": "auto00596", "nom": "A0596", "auto": true, "z": 1.92, "saillie": 1.23}}, {"type": "Feature", "geometry": {"type": "Point", "coordinates": [-1.9728017, 48.6938911]}, "properties": {"id": "auto00597", "nom": "A0597", "auto": true, "z": -0.77, "saillie": 3.21}}, {"type": "Feature", "geometry": {"type": "Point", "coordinates": [-1.9723101, 48.6938756]}, "properties": {"id": "auto00598", "nom": "A0598", "auto": true, "z": 1.43, "saillie": 7.47}}, {"type": "Feature", "geometry": {"type": "Point", "coordinates": [-1.9902194, 48.6938116]}, "properties": {"id": "auto00599", "nom": "A0599", "auto": true, "z": 0.4, "saillie": 6.94}}, {"type": "Feature", "geometry": {"type": "Point", "coordinates": [-1.9540041, 48.6937731]}, "properties": {"id": "auto00600", "nom": "A0600", "auto": true, "z": 10.42, "saillie": 5.78}}, {"type": "Feature", "geometry": {"type": "Point", "coordinates": [-1.9520413, 48.6937466]}, "properties": {"id": "auto00601", "nom": "A0601", "auto": true, "z": 10.18, "saillie": 8.75}}, {"type": "Feature", "geometry": {"type": "Point", "coordinates": [-1.9022153, 48.6937167]}, "properties": {"id": "auto00602", "nom": "A0602", "auto": true, "z": 3.86, "saillie": 4.5}}, {"type": "Feature", "geometry": {"type": "Point", "coordinates": [-1.974744, 48.6937018]}, "properties": {"id": "auto00603", "nom": "A0603", "auto": true, "z": -2.24, "saillie": 5.25}}, {"type": "Feature", "geometry": {"type": "Point", "coordinates": [-1.902595, 48.6937011]}, "properties": {"id": "auto00604", "nom": "A0604", "auto": true, "z": 4.06, "saillie": 4.78}}, {"type": "Feature", "geometry": {"type": "Point", "coordinates": [-1.9492581, 48.693682]}, "properties": {"id": "auto00605", "nom": "A0605", "auto": true, "z": 6.32, "saillie": 3.96}}, {"type": "Feature", "geometry": {"type": "Point", "coordinates": [-1.9973924, 48.693655]}, "properties": {"id": "auto00606", "nom": "A0606", "auto": true, "z": 5.84, "saillie": 8.43}}, {"type": "Feature", "geometry": {"type": "Point", "coordinates": [-1.9483767, 48.6935744]}, "properties": {"id": "auto00607", "nom": "A0607", "auto": true, "z": 5.28, "saillie": 5.62}}, {"type": "Feature", "geometry": {"type": "Point", "coordinates": [-1.9904123, 48.6935511]}, "properties": {"id": "auto00608", "nom": "A0608", "auto": true, "z": 0.8, "saillie": 8.32}}, {"type": "Feature", "geometry": {"type": "Point", "coordinates": [-1.9838764, 48.6935364]}, "properties": {"id": "auto00609", "nom": "A0609", "auto": true, "z": 5.98, "saillie": 8.18}}, {"type": "Feature", "geometry": {"type": "Point", "coordinates": [-1.9660689, 48.6935231]}, "properties": {"id": "auto00610", "nom": "A0610", "auto": true, "z": -2.45, "saillie": 5.06}}, {"type": "Feature", "geometry": {"type": "Point", "coordinates": [-1.9524005, 48.6935154]}, "properties": {"id": "auto00611", "nom": "A0611", "auto": true, "z": 11.85, "saillie": 8.52}}, {"type": "Feature", "geometry": {"type": "Point", "coordinates": [-1.9820221, 48.6935058]}, "properties": {"id": "auto00612", "nom": "A0612", "auto": true, "z": -1.43, "saillie": 3.03}}, {"type": "Feature", "geometry": {"type": "Point", "coordinates": [-1.9569668, 48.6934336]}, "properties": {"id": "auto00613", "nom": "A0613", "auto": true, "z": 5.05, "saillie": 6.79}}, {"type": "Feature", "geometry": {"type": "Point", "coordinates": [-1.902785, 48.6934049]}, "properties": {"id": "auto00614", "nom": "A0614", "auto": true, "z": 3.79, "saillie": 4.45}}, {"type": "Feature", "geometry": {"type": "Point", "coordinates": [-1.9998158, 48.6933731]}, "properties": {"id": "auto00615", "nom": "A0615", "auto": true, "z": 0.84, "saillie": 8.97}}, {"type": "Feature", "geometry": {"type": "Point", "coordinates": [-1.996219, 48.6933438]}, "properties": {"id": "auto00616", "nom": "A0616", "auto": true, "z": 3.42, "saillie": 7.35}}, {"type": "Feature", "geometry": {"type": "Point", "coordinates": [-1.9497156, 48.6933386]}, "properties": {"id": "auto00617", "nom": "A0617", "auto": true, "z": 5.88, "saillie": 3.71}}, {"type": "Feature", "geometry": {"type": "Point", "coordinates": [-1.9509631, 48.6932867]}, "properties": {"id": "auto00618", "nom": "A0618", "auto": true, "z": 3.18, "saillie": 1.11}}, {"type": "Feature", "geometry": {"type": "Point", "coordinates": [-1.9973546, 48.6932601]}, "properties": {"id": "auto00619", "nom": "A0619", "auto": true, "z": 3.12, "saillie": 5.24}}, {"type": "Feature", "geometry": {"type": "Point", "coordinates": [-1.9491088, 48.6932556]}, "properties": {"id": "auto00620", "nom": "A0620", "auto": true, "z": 9.65, "saillie": 7.15}}, {"type": "Feature", "geometry": {"type": "Point", "coordinates": [-1.9727944, 48.6932425]}, "properties": {"id": "auto00621", "nom": "A0621", "auto": true, "z": 2.49, "saillie": 6.51}}, {"type": "Feature", "geometry": {"type": "Point", "coordinates": [-1.9967511, 48.6932133]}, "properties": {"id": "auto00622", "nom": "A0622", "auto": true, "z": 2.78, "saillie": 4.36}}, {"type": "Feature", "geometry": {"type": "Point", "coordinates": [-1.9741469, 48.69315]}, "properties": {"id": "auto00623", "nom": "A0623", "auto": true, "z": 3.51, "saillie": 9.4}}, {"type": "Feature", "geometry": {"type": "Point", "coordinates": [-1.9720213, 48.6931306]}, "properties": {"id": "auto00624", "nom": "A0624", "auto": true, "z": 0.6, "saillie": 3.51}}, {"type": "Feature", "geometry": {"type": "Point", "coordinates": [-1.9712518, 48.6930545]}, "properties": {"id": "auto00625", "nom": "A0625", "auto": true, "z": -0.86, "saillie": 3.38}}, {"type": "Feature", "geometry": {"type": "Point", "coordinates": [-1.9732111, 48.6930448]}, "properties": {"id": "auto00626", "nom": "A0626", "auto": true, "z": 1.7, "saillie": 6.18}}, {"type": "Feature", "geometry": {"type": "Point", "coordinates": [-1.9829572, 48.6930341]}, "properties": {"id": "auto00627", "nom": "A0627", "auto": true, "z": -2.38, "saillie": 3.06}}, {"type": "Feature", "geometry": {"type": "Point", "coordinates": [-1.9823029, 48.6930254]}, "properties": {"id": "auto00628", "nom": "A0628", "auto": true, "z": -1.07, "saillie": 2.95}}, {"type": "Feature", "geometry": {"type": "Point", "coordinates": [-1.9566547, 48.693014]}, "properties": {"id": "auto00629", "nom": "A0629", "auto": true, "z": 10.21, "saillie": 9.6}}, {"type": "Feature", "geometry": {"type": "Point", "coordinates": [-1.9727162, 48.6929934]}, "properties": {"id": "auto00630", "nom": "A0630", "auto": true, "z": 2.16, "saillie": 5.69}}, {"type": "Feature", "geometry": {"type": "Point", "coordinates": [-1.9818045, 48.6929381]}, "properties": {"id": "auto00631", "nom": "A0631", "auto": true, "z": 1.04, "saillie": 6.74}}, {"type": "Feature", "geometry": {"type": "Point", "coordinates": [-1.9543596, 48.6929292]}, "properties": {"id": "auto00632", "nom": "A0632", "auto": true, "z": 11.94, "saillie": 3.99}}, {"type": "Feature", "geometry": {"type": "Point", "coordinates": [-1.9962863, 48.6929083]}, "properties": {"id": "auto00633", "nom": "A0633", "auto": true, "z": 1.21, "saillie": 4.26}}, {"type": "Feature", "geometry": {"type": "Point", "coordinates": [-1.9998254, 48.692904]}, "properties": {"id": "auto00634", "nom": "A0634", "auto": true, "z": 0.12, "saillie": 4.71}}, {"type": "Feature", "geometry": {"type": "Point", "coordinates": [-1.9986253, 48.6928823]}, "properties": {"id": "auto00635", "nom": "A0635", "auto": true, "z": 0.77, "saillie": 3.65}}, {"type": "Feature", "geometry": {"type": "Point", "coordinates": [-1.999005, 48.6928664]}, "properties": {"id": "auto00636", "nom": "A0636", "auto": true, "z": 0.86, "saillie": 4.5}}, {"type": "Feature", "geometry": {"type": "Point", "coordinates": [-1.9994931, 48.6928459]}, "properties": {"id": "auto00637", "nom": "A0637", "auto": true, "z": 0.24, "saillie": 4.9}}, {"type": "Feature", "geometry": {"type": "Point", "coordinates": [-1.9732449, 48.6928271]}, "properties": {"id": "auto00638", "nom": "A0638", "auto": true, "z": 1.58, "saillie": 6.58}}, {"type": "Feature", "geometry": {"type": "Point", "coordinates": [-1.9949166, 48.6928216]}, "properties": {"id": "auto00639", "nom": "A0639", "auto": true, "z": 1.1, "saillie": 9.04}}, {"type": "Feature", "geometry": {"type": "Point", "coordinates": [-1.996876, 48.6928115]}, "properties": {"id": "auto00640", "nom": "A0640", "auto": true, "z": 2.57, "saillie": 2.48}}, {"type": "Feature", "geometry": {"type": "Point", "coordinates": [-2.0003608, 48.6928095]}, "properties": {"id": "auto00641", "nom": "A0641", "auto": true, "z": -1.87, "saillie": 3.59}}, {"type": "Feature", "geometry": {"type": "Point", "coordinates": [-1.9957844, 48.6927852]}, "properties": {"id": "auto00642", "nom": "A0642", "auto": true, "z": 3.71, "saillie": 5.01}}, {"type": "Feature", "geometry": {"type": "Point", "coordinates": [-1.9824959, 48.692765]}, "properties": {"id": "auto00643", "nom": "A0643", "auto": true, "z": 0.14, "saillie": 5.66}}, {"type": "Feature", "geometry": {"type": "Point", "coordinates": [-1.9894656, 48.6927616]}, "properties": {"id": "auto00644", "nom": "A0644", "auto": true, "z": 0.8, "saillie": 7.83}}, {"type": "Feature", "geometry": {"type": "Point", "coordinates": [-1.9838552, 48.6927442]}, "properties": {"id": "auto00645", "nom": "A0645", "auto": true, "z": 0.75, "saillie": 7.3}}, {"type": "Feature", "geometry": {"type": "Point", "coordinates": [-1.9887502, 48.6926835]}, "properties": {"id": "auto00646", "nom": "A0646", "auto": true, "z": 2.69, "saillie": 6.6}}, {"type": "Feature", "geometry": {"type": "Point", "coordinates": [-1.9898926, 48.6926717]}, "properties": {"id": "auto00647", "nom": "A0647", "auto": true, "z": 1.01, "saillie": 6.86}}, {"type": "Feature", "geometry": {"type": "Point", "coordinates": [-1.9722481, 48.6926525]}, "properties": {"id": "auto00648", "nom": "A0648", "auto": true, "z": 7.01, "saillie": 5.9}}, {"type": "Feature", "geometry": {"type": "Point", "coordinates": [-1.9878213, 48.6926503]}, "properties": {"id": "auto00649", "nom": "A0649", "auto": true, "z": 1.78, "saillie": 7.57}}, {"type": "Feature", "geometry": {"type": "Point", "coordinates": [-1.9982216, 48.6926469]}, "properties": {"id": "auto00650", "nom": "A0650", "auto": true, "z": 0.94, "saillie": 5.53}}, {"type": "Feature", "geometry": {"type": "Point", "coordinates": [-1.9990928, 48.6926464]}, "properties": {"id": "auto00651", "nom": "A0651", "auto": true, "z": 0.59, "saillie": 5.67}}, {"type": "Feature", "geometry": {"type": "Point", "coordinates": [-1.9137077, 48.6925944]}, "properties": {"id": "auto00652", "nom": "A0652", "auto": true, "z": 3.5, "saillie": 2.09}}, {"type": "Feature", "geometry": {"type": "Point", "coordinates": [-1.9996317, 48.6925877]}, "properties": {"id": "auto00653", "nom": "A0653", "auto": true, "z": -0.68, "saillie": 6.66}}, {"type": "Feature", "geometry": {"type": "Point", "coordinates": [-1.9714785, 48.6925764]}, "properties": {"id": "auto00654", "nom": "A0654", "auto": true, "z": 10.47, "saillie": 12.37}}, {"type": "Feature", "geometry": {"type": "Point", "coordinates": [-1.9732209, 48.6925758]}, "properties": {"id": "auto00655", "nom": "A0655", "auto": true, "z": 2.16, "saillie": 7.16}}, {"type": "Feature", "geometry": {"type": "Point", "coordinates": [-1.9976689, 48.6925619]}, "properties": {"id": "auto00656", "nom": "A0656", "auto": true, "z": 2.53, "saillie": 2.82}}, {"type": "Feature", "geometry": {"type": "Point", "coordinates": [-1.9873737, 48.6925248]}, "properties": {"id": "auto00657", "nom": "A0657", "auto": true, "z": 7.73, "saillie": 13.08}}, {"type": "Feature", "geometry": {"type": "Point", "coordinates": [-1.986716, 48.6924802]}, "properties": {"id": "auto00658", "nom": "A0658", "auto": true, "z": 2.44, "saillie": 10.31}}, {"type": "Feature", "geometry": {"type": "Point", "coordinates": [-1.9885127, 48.6924771]}, "properties": {"id": "auto00659", "nom": "A0659", "auto": true, "z": 3.95, "saillie": 4.6}}, {"type": "Feature", "geometry": {"type": "Point", "coordinates": [-1.9970586, 48.6924433]}, "properties": {"id": "auto00660", "nom": "A0660", "auto": true, "z": 5.19, "saillie": 4.68}}, {"type": "Feature", "geometry": {"type": "Point", "coordinates": [-1.9959093, 48.6923834]}, "properties": {"id": "auto00661", "nom": "A0661", "auto": true, "z": 5.2, "saillie": 4.18}}, {"type": "Feature", "geometry": {"type": "Point", "coordinates": [-1.9902448, 48.6923685]}, "properties": {"id": "auto00662", "nom": "A0662", "auto": true, "z": 5.99, "saillie": 11.5}}, {"type": "Feature", "geometry": {"type": "Point", "coordinates": [-1.996289, 48.6923675]}, "properties": {"id": "auto00663", "nom": "A0663", "auto": true, "z": 4.23, "saillie": 2.76}}, {"type": "Feature", "geometry": {"type": "Point", "coordinates": [-1.9892617, 48.6923376]}, "properties": {"id": "auto00664", "nom": "A0664", "auto": true, "z": 7.59, "saillie": 7.55}}, {"type": "Feature", "geometry": {"type": "Point", "coordinates": [-1.9722715, 48.692327]}, "properties": {"id": "auto00665", "nom": "A0665", "auto": true, "z": 6.57, "saillie": 8.01}}, {"type": "Feature", "geometry": {"type": "Point", "coordinates": [-1.9889294, 48.6922794]}, "properties": {"id": "auto00666", "nom": "A0666", "auto": true, "z": 4.19, "saillie": 4.02}}, {"type": "Feature", "geometry": {"type": "Point", "coordinates": [-1.9976957, 48.6922724]}, "properties": {"id": "auto00667", "nom": "A0667", "auto": true, "z": 1.24, "saillie": 2.31}}, {"type": "Feature", "geometry": {"type": "Point", "coordinates": [-1.9882752, 48.6922707]}, "properties": {"id": "auto00668", "nom": "A0668", "auto": true, "z": 5.74, "saillie": 7.88}}, {"type": "Feature", "geometry": {"type": "Point", "coordinates": [-1.9143824, 48.6922421]}, "properties": {"id": "auto00669", "nom": "A0669", "auto": true, "z": 8.21, "saillie": 4.93}}, {"type": "Feature", "geometry": {"type": "Point", "coordinates": [-1.9708443, 48.6922064]}, "properties": {"id": "auto00670", "nom": "A0670", "auto": true, "z": 10.7, "saillie": 10.06}}, {"type": "Feature", "geometry": {"type": "Point", "coordinates": [-1.971824, 48.6922015]}, "properties": {"id": "auto00671", "nom": "A0671", "auto": true, "z": 6.16, "saillie": 5.72}}, {"type": "Feature", "geometry": {"type": "Point", "coordinates": [-1.9714409, 48.6921815]}, "properties": {"id": "auto00672", "nom": "A0672", "auto": true, "z": 6.85, "saillie": 5.99}}, {"type": "Feature", "geometry": {"type": "Point", "coordinates": [-1.960278, 48.6921782]}, "properties": {"id": "auto00673", "nom": "A0673", "auto": true, "z": 6.26, "saillie": 11.43}}, {"type": "Feature", "geometry": {"type": "Point", "coordinates": [-1.9606034, 48.6921646]}, "properties": {"id": "auto00674", "nom": "A0674", "auto": true, "z": 4.27, "saillie": 8.93}}, {"type": "Feature", "geometry": {"type": "Point", "coordinates": [-1.9596203, 48.6921335]}, "properties": {"id": "auto00675", "nom": "A0675", "auto": true, "z": 3.3, "saillie": 6.88}}, {"type": "Feature", "geometry": {"type": "Point", "coordinates": [-1.9950683, 48.6921303]}, "properties": {"id": "auto00676", "nom": "A0676", "auto": true, "z": 0.89, "saillie": 4.99}}, {"type": "Feature", "geometry": {"type": "Point", "coordinates": [-1.9982243, 48.692106]}, "properties": {"id": "auto00677", "nom": "A0677", "auto": true, "z": -0.12, "saillie": 6.01}}, {"type": "Feature", "geometry": {"type": "Point", "coordinates": [-1.9960411, 48.6920534]}, "properties": {"id": "auto00678", "nom": "A0678", "auto": true, "z": 4.97, "saillie": 4.07}}, {"type": "Feature", "geometry": {"type": "Point", "coordinates": [-1.9875461, 48.6920489]}, "properties": {"id": "auto00679", "nom": "A0679", "auto": true, "z": 3.58, "saillie": 9.29}}, {"type": "Feature", "geometry": {"type": "Point", "coordinates": [-1.9722984, 48.6920375]}, "properties": {"id": "auto00680", "nom": "A0680", "auto": true, "z": 2.9, "saillie": 6.19}}, {"type": "Feature", "geometry": {"type": "Point", "coordinates": [-1.9974547, 48.6920302]}, "properties": {"id": "auto00681", "nom": "A0681", "auto": true, "z": 0.76, "saillie": 4.07}}, {"type": "Feature", "geometry": {"type": "Point", "coordinates": [-1.9683221, 48.6920232]}, "properties": {"id": "auto00682", "nom": "A0682", "auto": true, "z": -2.04, "saillie": 1.28}}, {"type": "Feature", "geometry": {"type": "Point", "coordinates": [-1.9978309, 48.6919783]}, "properties": {"id": "auto00683", "nom": "A0683", "auto": true, "z": 0.38, "saillie": 3.69}}, {"type": "Feature", "geometry": {"type": "Point", "coordinates": [-1.9078773, 48.6919696]}, "properties": {"id": "auto00684", "nom": "A0684", "auto": true, "z": 1.14, "saillie": 1.24}}, {"type": "Feature", "geometry": {"type": "Point", "coordinates": [-1.9602033, 48.691965]}, "properties": {"id": "auto00685", "nom": "A0685", "auto": true, "z": 4.82, "saillie": 8.18}}, {"type": "Feature", "geometry": {"type": "Point", "coordinates": [-1.9894951, 48.6919313]}, "properties": {"id": "auto00686", "nom": "A0686", "auto": true, "z": 0.59, "saillie": 7.22}}, {"type": "Feature", "geometry": {"type": "Point", "coordinates": [-1.9584575, 48.6919296]}, "properties": {"id": "auto00687", "nom": "A0687", "auto": true, "z": 2.7, "saillie": 3.44}}, {"type": "Feature", "geometry": {"type": "Point", "coordinates": [-1.999451, 48.6918382]}, "properties": {"id": "auto00688", "nom": "A0688", "auto": true, "z": -1.91, "saillie": 6.63}}, {"type": "Feature", "geometry": {"type": "Point", "coordinates": [-1.9906203, 48.6917399]}, "properties": {"id": "auto00689", "nom": "A0689", "auto": true, "z": -2.35, "saillie": 5.66}}, {"type": "Feature", "geometry": {"type": "Point", "coordinates": [-1.989088, 48.6916599]}, "properties": {"id": "auto00690", "nom": "A0690", "auto": true, "z": -0.63, "saillie": 7.15}}, {"type": "Feature", "geometry": {"type": "Point", "coordinates": [-1.9595184, 48.691633]}, "properties": {"id": "auto00691", "nom": "A0691", "auto": true, "z": 10.5, "saillie": 8.76}}, {"type": "Feature", "geometry": {"type": "Point", "coordinates": [-1.9958372, 48.6916294]}, "properties": {"id": "auto00692", "nom": "A0692", "auto": true, "z": 1.63, "saillie": 2.53}}, {"type": "Feature", "geometry": {"type": "Point", "coordinates": [-1.9631116, 48.6916276]}, "properties": {"id": "auto00693", "nom": "A0693", "auto": true, "z": -1.0, "saillie": 1.9}}, {"type": "Feature", "geometry": {"type": "Point", "coordinates": [-1.959898, 48.6916172]}, "properties": {"id": "auto00694", "nom": "A0694", "auto": true, "z": 9.95, "saillie": 11.97}}, {"type": "Feature", "geometry": {"type": "Point", "coordinates": [-1.9969219, 48.6915839]}, "properties": {"id": "auto00695", "nom": "A0695", "auto": true, "z": 0.13, "saillie": 6.61}}, {"type": "Feature", "geometry": {"type": "Point", "coordinates": [-1.9955015, 48.6915353]}, "properties": {"id": "auto00696", "nom": "A0696", "auto": true, "z": 1.32, "saillie": 3.89}}, {"type": "Feature", "geometry": {"type": "Point", "coordinates": [-1.9978404, 48.6915093]}, "properties": {"id": "auto00697", "nom": "A0697", "auto": true, "z": 0.36, "saillie": 8.12}}, {"type": "Feature", "geometry": {"type": "Point", "coordinates": [-1.9963623, 48.6914271]}, "properties": {"id": "auto00698", "nom": "A0698", "auto": true, "z": 2.94, "saillie": 7.35}}, {"type": "Feature", "geometry": {"type": "Point", "coordinates": [-1.8962809, 48.6914014]}, "properties": {"id": "auto00699", "nom": "A0699", "auto": true, "z": 13.6, "saillie": 1.07}}, {"type": "Feature", "geometry": {"type": "Point", "coordinates": [-1.9949419, 48.6913785]}, "properties": {"id": "auto00700", "nom": "A0700", "auto": true, "z": 3.12, "saillie": 11.73}}, {"type": "Feature", "geometry": {"type": "Point", "coordinates": [-1.9598165, 48.6913322]}, "properties": {"id": "auto00701", "nom": "A0701", "auto": true, "z": 10.35, "saillie": 12.3}}, {"type": "Feature", "geometry": {"type": "Point", "coordinates": [-1.9953181, 48.6913267]}, "properties": {"id": "auto00702", "nom": "A0702", "auto": true, "z": 1.62, "saillie": 9.1}}, {"type": "Feature", "geometry": {"type": "Point", "coordinates": [-1.9642232, 48.6912929]}, "properties": {"id": "auto00703", "nom": "A0703", "auto": true, "z": -1.24, "saillie": 2.17}}, {"type": "Feature", "geometry": {"type": "Point", "coordinates": [-1.9700909, 48.6911563]}, "properties": {"id": "auto00704", "nom": "A0704", "auto": true, "z": 11.04, "saillie": 7.64}}, {"type": "Feature", "geometry": {"type": "Point", "coordinates": [-1.9696536, 48.6911385]}, "properties": {"id": "auto00705", "nom": "A0705", "auto": true, "z": 11.96, "saillie": 11.96}}, {"type": "Feature", "geometry": {"type": "Point", "coordinates": [-1.9605553, 48.6910852]}, "properties": {"id": "auto00706", "nom": "A0706", "auto": true, "z": -1.94, "saillie": 1.94}}, {"type": "Feature", "geometry": {"type": "Point", "coordinates": [-1.9599144, 48.6906432]}, "properties": {"id": "auto00707", "nom": "A0707", "auto": true, "z": 7.67, "saillie": 8.15}}, {"type": "Feature", "geometry": {"type": "Point", "coordinates": [-1.9725173, 48.6903341]}, "properties": {"id": "auto00708", "nom": "A0708", "auto": true, "z": 0.41, "saillie": 2.76}}, {"type": "Feature", "geometry": {"type": "Point", "coordinates": [-1.9725476, 48.6900804]}, "properties": {"id": "auto00709", "nom": "A0709", "auto": true, "z": 0.4, "saillie": 2.16}}, {"type": "Feature", "geometry": {"type": "Point", "coordinates": [-1.9726864, 48.6898223]}, "properties": {"id": "auto00710", "nom": "A0710", "auto": true, "z": 0.45, "saillie": 2.44}}, {"type": "Feature", "geometry": {"type": "Point", "coordinates": [-1.9718015, 48.689679]}, "properties": {"id": "auto00711", "nom": "A0711", "auto": true, "z": -0.82, "saillie": 2.4}}, {"type": "Feature", "geometry": {"type": "Point", "coordinates": [-1.9728794, 48.6895619]}, "properties": {"id": "auto00712", "nom": "A0712", "auto": true, "z": 3.27, "saillie": 5.17}}, {"type": "Feature", "geometry": {"type": "Point", "coordinates": [-1.970198, 48.6894215]}, "properties": {"id": "auto00713", "nom": "A0713", "auto": true, "z": -0.48, "saillie": 1.64}}, {"type": "Feature", "geometry": {"type": "Point", "coordinates": [-1.969042, 48.6892895]}, "properties": {"id": "auto00714", "nom": "A0714", "auto": true, "z": 4.36, "saillie": 6.52}}, {"type": "Feature", "geometry": {"type": "Point", "coordinates": [-1.9615236, 48.6892424]}, "properties": {"id": "auto00715", "nom": "A0715", "auto": true, "z": 7.64, "saillie": 9.71}}, {"type": "Feature", "geometry": {"type": "Point", "coordinates": [-1.960761, 48.6892381]}, "properties": {"id": "auto00716", "nom": "A0716", "auto": true, "z": -0.31, "saillie": 1.45}}, {"type": "Feature", "geometry": {"type": "Point", "coordinates": [-1.9521037, 48.6892379]}, "properties": {"id": "auto00717", "nom": "A0717", "auto": true, "z": 11.04, "saillie": 1.04}}, {"type": "Feature", "geometry": {"type": "Point", "coordinates": [-1.9612286, 48.6890023]}, "properties": {"id": "auto00718", "nom": "A0718", "auto": true, "z": 0.85, "saillie": 2.16}}, {"type": "Feature", "geometry": {"type": "Point", "coordinates": [-1.9680859, 48.6889688]}, "properties": {"id": "auto00719", "nom": "A0719", "auto": true, "z": -1.87, "saillie": 1.7}}, {"type": "Feature", "geometry": {"type": "Point", "coordinates": [-1.9618692, 48.6888675]}, "properties": {"id": "auto00720", "nom": "A0720", "auto": true, "z": 3.37, "saillie": 5.49}}, {"type": "Feature", "geometry": {"type": "Point", "coordinates": [-2.0147309, 48.6887805]}, "properties": {"id": "auto00721", "nom": "A0721", "auto": true, "z": 1.83, "saillie": 8.27}}, {"type": "Feature", "geometry": {"type": "Point", "coordinates": [-2.0134121, 48.6886558]}, "properties": {"id": "auto00722", "nom": "A0722", "auto": true, "z": 3.17, "saillie": 9.92}}, {"type": "Feature", "geometry": {"type": "Point", "coordinates": [-2.0137883, 48.6886039]}, "properties": {"id": "auto00723", "nom": "A0723", "auto": true, "z": 8.35, "saillie": 11.02}}, {"type": "Feature", "geometry": {"type": "Point", "coordinates": [-1.9683126, 48.6884907]}, "properties": {"id": "auto00724", "nom": "A0724", "auto": true, "z": 7.72, "saillie": 9.98}}, {"type": "Feature", "geometry": {"type": "Point", "coordinates": [-1.9623774, 48.6884858]}, "properties": {"id": "auto00725", "nom": "A0725", "auto": true, "z": 4.49, "saillie": 6.46}}, {"type": "Feature", "geometry": {"type": "Point", "coordinates": [-2.0473185, 48.6884855]}, "properties": {"id": "auto00726", "nom": "A0726", "auto": true, "z": 5.12, "saillie": 17.46}}, {"type": "Feature", "geometry": {"type": "Point", "coordinates": [-2.0142083, 48.688442]}, "properties": {"id": "auto00727", "nom": "A0727", "auto": true, "z": 12.9, "saillie": 18.59}}, {"type": "Feature", "geometry": {"type": "Point", "coordinates": [-2.0138218, 48.6883862]}, "properties": {"id": "auto00728", "nom": "A0728", "auto": true, "z": 7.76, "saillie": 13.61}}, {"type": "Feature", "geometry": {"type": "Point", "coordinates": [-1.9630756, 48.6883846]}, "properties": {"id": "auto00729", "nom": "A0729", "auto": true, "z": -0.28, "saillie": 2.02}}, {"type": "Feature", "geometry": {"type": "Point", "coordinates": [-2.0491588, 48.6883714]}, "properties": {"id": "auto00730", "nom": "A0730", "auto": true, "z": 7.73, "saillie": 13.56}}, {"type": "Feature", "geometry": {"type": "Point", "coordinates": [-2.0476299, 48.6883281]}, "properties": {"id": "auto00731", "nom": "A0731", "auto": true, "z": 8.04, "saillie": 12.68}}, {"type": "Feature", "geometry": {"type": "Point", "coordinates": [-2.0145234, 48.6883206]}, "properties": {"id": "auto00732", "nom": "A0732", "auto": true, "z": 5.75, "saillie": 13.78}}, {"type": "Feature", "geometry": {"type": "Point", "coordinates": [-2.048816, 48.6882057]}, "properties": {"id": "auto00733", "nom": "A0733", "auto": true, "z": 5.15, "saillie": 8.53}}, {"type": "Feature", "geometry": {"type": "Point", "coordinates": [-2.0127673, 48.6881782]}, "properties": {"id": "auto00734", "nom": "A0734", "auto": true, "z": 4.27, "saillie": 14.26}}, {"type": "Feature", "geometry": {"type": "Point", "coordinates": [-2.0499479, 48.6880856]}, "properties": {"id": "auto00735", "nom": "A0735", "auto": true, "z": 7.5, "saillie": 11.19}}, {"type": "Feature", "geometry": {"type": "Point", "coordinates": [-1.9628821, 48.6880683]}, "properties": {"id": "auto00736", "nom": "A0736", "auto": true, "z": 6.73, "saillie": 8.09}}, {"type": "Feature", "geometry": {"type": "Point", "coordinates": [-2.0482022, 48.6880515]}, "properties": {"id": "auto00737", "nom": "A0737", "auto": true, "z": 7.22, "saillie": 7.53}}, {"type": "Feature", "geometry": {"type": "Point", "coordinates": [-1.9684207, 48.6879094]}, "properties": {"id": "auto00738", "nom": "A0738", "auto": true, "z": 8.06, "saillie": 8.55}}, {"type": "Feature", "geometry": {"type": "Point", "coordinates": [-2.0478052, 48.687888]}, "properties": {"id": "auto00739", "nom": "A0739", "auto": true, "z": 8.01, "saillie": 4.29}}, {"type": "Feature", "geometry": {"type": "Point", "coordinates": [-2.0124582, 48.6877947]}, "properties": {"id": "auto00740", "nom": "A0740", "auto": true, "z": -2.32, "saillie": 6.14}}, {"type": "Feature", "geometry": {"type": "Point", "coordinates": [-2.0121294, 48.6877724]}, "properties": {"id": "auto00741", "nom": "A0741", "auto": true, "z": 2.85, "saillie": 10.93}}, {"type": "Feature", "geometry": {"type": "Point", "coordinates": [-1.9537029, 48.6877294]}, "properties": {"id": "auto00742", "nom": "A0742", "auto": true, "z": 13.0, "saillie": 4.83}}, {"type": "Feature", "geometry": {"type": "Point", "coordinates": [-2.0486013, 48.687674]}, "properties": {"id": "auto00743", "nom": "A0743", "auto": true, "z": 11.93, "saillie": 9.7}}, {"type": "Feature", "geometry": {"type": "Point", "coordinates": [-2.0118918, 48.6875661]}, "properties": {"id": "auto00744", "nom": "A0744", "auto": true, "z": -1.4, "saillie": 7.3}}, {"type": "Feature", "geometry": {"type": "Point", "coordinates": [-1.9680034, 48.6875303]}, "properties": {"id": "auto00745", "nom": "A0745", "auto": true, "z": 6.92, "saillie": 5.9}}, {"type": "Feature", "geometry": {"type": "Point", "coordinates": [-2.0480959, 48.6875152]}, "properties": {"id": "auto00746", "nom": "A0746", "auto": true, "z": 11.61, "saillie": 11.4}}, {"type": "Feature", "geometry": {"type": "Point", "coordinates": [-1.9683592, 48.6872631]}, "properties": {"id": "auto00747", "nom": "A0747", "auto": true, "z": 7.0, "saillie": 6.34}}, {"type": "Feature", "geometry": {"type": "Point", "coordinates": [-2.0474069, 48.6871478]}, "properties": {"id": "auto00748", "nom": "A0748", "auto": true, "z": 6.95, "saillie": 9.75}}, {"type": "Feature", "geometry": {"type": "Point", "coordinates": [-2.0108166, 48.6871427]}, "properties": {"id": "auto00749", "nom": "A0749", "auto": true, "z": -2.01, "saillie": 6.51}}, {"type": "Feature", "geometry": {"type": "Point", "coordinates": [-2.0469154, 48.6871326]}, "properties": {"id": "auto00750", "nom": "A0750", "auto": true, "z": 10.7, "saillie": 10.27}}, {"type": "Feature", "geometry": {"type": "Point", "coordinates": [-1.9843509, 48.6870996]}, "properties": {"id": "auto00751", "nom": "A0751", "auto": true, "z": -0.66, "saillie": 6.23}}, {"type": "Feature", "geometry": {"type": "Point", "coordinates": [-1.9805377, 48.6870789]}, "properties": {"id": "auto00752", "nom": "A0752", "auto": true, "z": -1.48, "saillie": 2.04}}, {"type": "Feature", "geometry": {"type": "Point", "coordinates": [-2.0457662, 48.6870731]}, "properties": {"id": "auto00753", "nom": "A0753", "auto": true, "z": 4.58, "saillie": 9.69}}, {"type": "Feature", "geometry": {"type": "Point", "coordinates": [-1.9810223, 48.6870226]}, "properties": {"id": "auto00754", "nom": "A0754", "auto": true, "z": -2.48, "saillie": 1.34}}, {"type": "Feature", "geometry": {"type": "Point", "coordinates": [-2.0465219, 48.6870051]}, "properties": {"id": "auto00755", "nom": "A0755", "auto": true, "z": 10.09, "saillie": 14.8}}, {"type": "Feature", "geometry": {"type": "Point", "coordinates": [-1.9815001, 48.6868945]}, "properties": {"id": "auto00756", "nom": "A0756", "auto": true, "z": -2.33, "saillie": 1.77}}, {"type": "Feature", "geometry": {"type": "Point", "coordinates": [-2.0085553, 48.6868413]}, "properties": {"id": "auto00757", "nom": "A0757", "auto": true, "z": -2.33, "saillie": 8.19}}, {"type": "Feature", "geometry": {"type": "Point", "coordinates": [-1.9560684, 48.6868379]}, "properties": {"id": "auto00758", "nom": "A0758", "auto": true, "z": 8.35, "saillie": 2.95}}, {"type": "Feature", "geometry": {"type": "Point", "coordinates": [-1.9508687, 48.6865495]}, "properties": {"id": "auto00759", "nom": "A0759", "auto": true, "z": 7.71, "saillie": 1.16}}, {"type": "Feature", "geometry": {"type": "Point", "coordinates": [-1.9551666, 48.686515]}, "properties": {"id": "auto00760", "nom": "A0760", "auto": true, "z": 7.79, "saillie": 1.68}}, {"type": "Feature", "geometry": {"type": "Point", "coordinates": [-2.0468495, 48.6864504]}, "properties": {"id": "auto00761", "nom": "A0761", "auto": true, "z": 11.77, "saillie": 13.67}}, {"type": "Feature", "geometry": {"type": "Point", "coordinates": [-1.948296, 48.6864041]}, "properties": {"id": "auto00762", "nom": "A0762", "auto": true, "z": 8.13, "saillie": 1.26}}, {"type": "Feature", "geometry": {"type": "Point", "coordinates": [-2.0464629, 48.6863947]}, "properties": {"id": "auto00763", "nom": "A0763", "auto": true, "z": 8.19, "saillie": 13.54}}, {"type": "Feature", "geometry": {"type": "Point", "coordinates": [-1.9798726, 48.6863857]}, "properties": {"id": "auto00764", "nom": "A0764", "auto": true, "z": -1.91, "saillie": 1.42}}, {"type": "Feature", "geometry": {"type": "Point", "coordinates": [-2.0493439, 48.6863447]}, "properties": {"id": "auto00765", "nom": "A0765", "auto": true, "z": 6.11, "saillie": 10.92}}, {"type": "Feature", "geometry": {"type": "Point", "coordinates": [-1.9558037, 48.6863442]}, "properties": {"id": "auto00766", "nom": "A0766", "auto": true, "z": 6.79, "saillie": 2.85}}, {"type": "Feature", "geometry": {"type": "Point", "coordinates": [-2.045856, 48.6863123]}, "properties": {"id": "auto00767", "nom": "A0767", "auto": true, "z": 6.83, "saillie": 15.12}}, {"type": "Feature", "geometry": {"type": "Point", "coordinates": [-2.0489032, 48.6862913]}, "properties": {"id": "auto00768", "nom": "A0768", "auto": true, "z": 9.63, "saillie": 11.87}}, {"type": "Feature", "geometry": {"type": "Point", "coordinates": [-2.0480863, 48.6862898]}, "properties": {"id": "auto00769", "nom": "A0769", "auto": true, "z": 6.62, "saillie": 8.33}}, {"type": "Feature", "geometry": {"type": "Point", "coordinates": [-2.0451949, 48.6862321]}, "properties": {"id": "auto00770", "nom": "A0770", "auto": true, "z": 10.87, "saillie": 21.08}}, {"type": "Feature", "geometry": {"type": "Point", "coordinates": [-1.9813774, 48.6861786]}, "properties": {"id": "auto00771", "nom": "A0771", "auto": true, "z": 2.23, "saillie": 6.37}}, {"type": "Feature", "geometry": {"type": "Point", "coordinates": [-1.9798521, 48.6861703]}, "properties": {"id": "auto00772", "nom": "A0772", "auto": true, "z": -2.05, "saillie": 1.2}}, {"type": "Feature", "geometry": {"type": "Point", "coordinates": [-2.0501434, 48.6861666]}, "properties": {"id": "auto00773", "nom": "A0773", "auto": true, "z": 1.96, "saillie": 11.22}}, {"type": "Feature", "geometry": {"type": "Point", "coordinates": [-2.048452, 48.6861301]}, "properties": {"id": "auto00774", "nom": "A0774", "auto": true, "z": 8.69, "saillie": 12.78}}, {"type": "Feature", "geometry": {"type": "Point", "coordinates": [-1.9516989, 48.6861184]}, "properties": {"id": "auto00775", "nom": "A0775", "auto": true, "z": 7.6, "saillie": 1.74}}, {"type": "Feature", "geometry": {"type": "Point", "coordinates": [-1.9513159, 48.6860983]}, "properties": {"id": "auto00776", "nom": "A0776", "auto": true, "z": 7.58, "saillie": 1.72}}, {"type": "Feature", "geometry": {"type": "Point", "coordinates": [-1.9809333, 48.686089]}, "properties": {"id": "auto00777", "nom": "A0777", "auto": true, "z": 1.55, "saillie": 3.73}}, {"type": "Feature", "geometry": {"type": "Point", "coordinates": [-2.0470317, 48.6860822]}, "properties": {"id": "auto00778", "nom": "A0778", "auto": true, "z": 6.12, "saillie": 10.41}}, {"type": "Feature", "geometry": {"type": "Point", "coordinates": [-1.9566476, 48.6860568]}, "properties": {"id": "auto00779", "nom": "A0779", "auto": true, "z": 5.58, "saillie": 1.74}}, {"type": "Feature", "geometry": {"type": "Point", "coordinates": [-1.9508176, 48.6860109]}, "properties": {"id": "auto00780", "nom": "A0780", "auto": true, "z": 7.61, "saillie": 2.19}}, {"type": "Feature", "geometry": {"type": "Point", "coordinates": [-1.941344, 48.6860078]}, "properties": {"id": "auto00781", "nom": "A0781", "auto": true, "z": 9.66, "saillie": 1.8}}, {"type": "Feature", "geometry": {"type": "Point", "coordinates": [-1.9440658, 48.686003]}, "properties": {"id": "auto00782", "nom": "A0782", "auto": true, "z": 9.3, "saillie": 3.49}}, {"type": "Feature", "geometry": {"type": "Point", "coordinates": [-2.0495803, 48.6859741]}, "properties": {"id": "auto00783", "nom": "A0783", "auto": true, "z": 0.93, "saillie": 8.61}}, {"type": "Feature", "geometry": {"type": "Point", "coordinates": [-1.9615351, 48.6859254]}, "properties": {"id": "auto00784", "nom": "A0784", "auto": true, "z": 8.76, "saillie": 4.06}}, {"type": "Feature", "geometry": {"type": "Point", "coordinates": [-1.9806416, 48.6858849]}, "properties": {"id": "auto00785", "nom": "A0785", "auto": true, "z": 0.25, "saillie": 3.88}}, {"type": "Feature", "geometry": {"type": "Point", "coordinates": [-1.9801501, 48.6858694]}, "properties": {"id": "auto00786", "nom": "A0786", "auto": true, "z": -1.2, "saillie": 2.43}}, {"type": "Feature", "geometry": {"type": "Point", "coordinates": [-1.9562983, 48.685819]}, "properties": {"id": "auto00787", "nom": "A0787", "auto": true, "z": 5.62, "saillie": 1.68}}, {"type": "Feature", "geometry": {"type": "Point", "coordinates": [-2.0450448, 48.6858058]}, "properties": {"id": "auto00788", "nom": "A0788", "auto": true, "z": 11.67, "saillie": 18.34}}, {"type": "Feature", "geometry": {"type": "Point", "coordinates": [-1.9508514, 48.6857932]}, "properties": {"id": "auto00789", "nom": "A0789", "auto": true, "z": 7.34, "saillie": 2.68}}, {"type": "Feature", "geometry": {"type": "Point", "coordinates": [-1.9517225, 48.685793]}, "properties": {"id": "auto00790", "nom": "A0790", "auto": true, "z": 7.46, "saillie": 2.25}}, {"type": "Feature", "geometry": {"type": "Point", "coordinates": [-1.948672, 48.6857756]}, "properties": {"id": "auto00791", "nom": "A0791", "auto": true, "z": 7.14, "saillie": 1.42}}, {"type": "Feature", "geometry": {"type": "Point", "coordinates": [-1.9474179, 48.6857556]}, "properties": {"id": "auto00792", "nom": "A0792", "auto": true, "z": 7.0, "saillie": 1.93}}, {"type": "Feature", "geometry": {"type": "Point", "coordinates": [-1.9779061, 48.6857469]}, "properties": {"id": "auto00793", "nom": "A0793", "auto": true, "z": 1.76, "saillie": 3.71}}, {"type": "Feature", "geometry": {"type": "Point", "coordinates": [-1.9444758, 48.6857336]}, "properties": {"id": "auto00794", "nom": "A0794", "auto": true, "z": 11.04, "saillie": 5.38}}, {"type": "Feature", "geometry": {"type": "Point", "coordinates": [-2.0454175, 48.685718]}, "properties": {"id": "auto00795", "nom": "A0795", "auto": true, "z": 3.89, "saillie": 8.87}}, {"type": "Feature", "geometry": {"type": "Point", "coordinates": [-1.9553628, 48.6857137]}, "properties": {"id": "auto00796", "nom": "A0796", "auto": true, "z": 5.78, "saillie": 1.7}}, {"type": "Feature", "geometry": {"type": "Point", "coordinates": [-1.9537291, 48.6857096]}, "properties": {"id": "auto00797", "nom": "A0797", "auto": true, "z": 5.92, "saillie": 1.55}}, {"type": "Feature", "geometry": {"type": "Point", "coordinates": [-1.9479026, 48.6856994]}, "properties": {"id": "auto00798", "nom": "A0798", "auto": true, "z": 7.09, "saillie": 2.04}}, {"type": "Feature", "geometry": {"type": "Point", "coordinates": [-1.9541087, 48.6856938]}, "properties": {"id": "auto00799", "nom": "A0799", "auto": true, "z": 5.95, "saillie": 1.62}}, {"type": "Feature", "geometry": {"type": "Point", "coordinates": [-1.9415236, 48.6856038]}, "properties": {"id": "auto00800", "nom": "A0800", "auto": true, "z": 10.39, "saillie": 1.61}}, {"type": "Feature", "geometry": {"type": "Point", "coordinates": [-1.9424489, 48.6856014]}, "properties": {"id": "auto00801", "nom": "A0801", "auto": true, "z": 11.75, "saillie": 2.07}}, {"type": "Feature", "geometry": {"type": "Point", "coordinates": [-1.9766281, 48.6854759]}, "properties": {"id": "auto00802", "nom": "A0802", "auto": true, "z": 5.08, "saillie": 6.29}}, {"type": "Feature", "geometry": {"type": "Point", "coordinates": [-1.9484753, 48.6854233]}, "properties": {"id": "auto00803", "nom": "A0803", "auto": true, "z": 6.91, "saillie": 2.03}}, {"type": "Feature", "geometry": {"type": "Point", "coordinates": [-1.980597, 48.6854181]}, "properties": {"id": "auto00804", "nom": "A0804", "auto": true, "z": -1.46, "saillie": 2.0}}, {"type": "Feature", "geometry": {"type": "Point", "coordinates": [-1.96165, 48.6854159]}, "properties": {"id": "auto00805", "nom": "A0805", "auto": true, "z": 10.93, "saillie": 3.58}}, {"type": "Feature", "geometry": {"type": "Point", "coordinates": [-1.9488549, 48.6854075]}, "properties": {"id": "auto00806", "nom": "A0806", "auto": true, "z": 6.95, "saillie": 2.15}}, {"type": "Feature", "geometry": {"type": "Point", "coordinates": [-1.9513529, 48.6853397]}, "properties": {"id": "auto00807", "nom": "A0807", "auto": true, "z": 7.22, "saillie": 2.67}}, {"type": "Feature", "geometry": {"type": "Point", "coordinates": [-1.9518884, 48.6852454]}, "properties": {"id": "auto00808", "nom": "A0808", "auto": true, "z": 7.15, "saillie": 2.61}}, {"type": "Feature", "geometry": {"type": "Point", "coordinates": [-1.9764956, 48.6852291]}, "properties": {"id": "auto00809", "nom": "A0809", "auto": true, "z": 5.28, "saillie": 5.05}}, {"type": "Feature", "geometry": {"type": "Point", "coordinates": [-1.9774752, 48.6852242]}, "properties": {"id": "auto00810", "nom": "A0810", "auto": true, "z": 7.95, "saillie": 8.0}}, {"type": "Feature", "geometry": {"type": "Point", "coordinates": [-1.9786716, 48.6852102]}, "properties": {"id": "auto00811", "nom": "A0811", "auto": true, "z": 6.86, "saillie": 8.26}}, {"type": "Feature", "geometry": {"type": "Point", "coordinates": [-1.9609212, 48.6851939]}, "properties": {"id": "auto00812", "nom": "A0812", "auto": true, "z": 6.37, "saillie": 1.63}}, {"type": "Feature", "geometry": {"type": "Point", "coordinates": [-1.9482345, 48.685181]}, "properties": {"id": "auto00813", "nom": "A0813", "auto": true, "z": 7.78, "saillie": 2.88}}, {"type": "Feature", "geometry": {"type": "Point", "coordinates": [-1.939239, 48.6850497]}, "properties": {"id": "auto00814", "nom": "A0814", "auto": true, "z": 9.9, "saillie": 1.53}}, {"type": "Feature", "geometry": {"type": "Point", "coordinates": [-1.9389068, 48.6849913]}, "properties": {"id": "auto00815", "nom": "A0815", "auto": true, "z": 10.13, "saillie": 1.79}}, {"type": "Feature", "geometry": {"type": "Point", "coordinates": [-2.014145, 48.6849477]}, "properties": {"id": "auto00816", "nom": "A0816", "auto": true, "z": -2.47, "saillie": 5.84}}, {"type": "Feature", "geometry": {"type": "Point", "coordinates": [-1.9549082, 48.6849395]}, "properties": {"id": "auto00817", "nom": "A0817", "auto": true, "z": 5.97, "saillie": 1.41}}, {"type": "Feature", "geometry": {"type": "Point", "coordinates": [-2.0135382, 48.6848651]}, "properties": {"id": "auto00818", "nom": "A0818", "auto": true, "z": -1.31, "saillie": 7.17}}, {"type": "Feature", "geometry": {"type": "Point", "coordinates": [-1.9462414, 48.6848312]}, "properties": {"id": "auto00819", "nom": "A0819", "auto": true, "z": 9.21, "saillie": 1.0}}, {"type": "Feature", "geometry": {"type": "Point", "coordinates": [-1.9384492, 48.684758]}, "properties": {"id": "auto00820", "nom": "A0820", "auto": true, "z": 10.17, "saillie": 1.83}}, {"type": "Feature", "geometry": {"type": "Point", "coordinates": [-1.9798607, 48.6845477]}, "properties": {"id": "auto00821", "nom": "A0821", "auto": true, "z": 10.5, "saillie": 12.96}}, {"type": "Feature", "geometry": {"type": "Point", "coordinates": [-1.9763153, 48.6844796]}, "properties": {"id": "auto00822", "nom": "A0822", "auto": true, "z": 12.72, "saillie": 10.03}}, {"type": "Feature", "geometry": {"type": "Point", "coordinates": [-2.0122392, 48.684379]}, "properties": {"id": "auto00823", "nom": "A0823", "auto": true, "z": 2.16, "saillie": 9.01}}, {"type": "Feature", "geometry": {"type": "Point", "coordinates": [-1.9913741, 48.684246]}, "properties": {"id": "auto00824", "nom": "A0824", "auto": true, "z": 0.04, "saillie": 7.13}}, {"type": "Feature", "geometry": {"type": "Point", "coordinates": [-2.0106184, 48.6839425]}, "properties": {"id": "auto00825", "nom": "A0825", "auto": true, "z": -0.46, "saillie": 5.24}}, {"type": "Feature", "geometry": {"type": "Point", "coordinates": [-1.9849135, 48.6838676]}, "properties": {"id": "auto00826", "nom": "A0826", "auto": true, "z": -1.58, "saillie": 1.54}}, {"type": "Feature", "geometry": {"type": "Point", "coordinates": [-2.0462027, 48.6837018]}, "properties": {"id": "auto00827", "nom": "A0827", "auto": true, "z": -0.78, "saillie": 8.17}}, {"type": "Feature", "geometry": {"type": "Point", "coordinates": [-1.99158, 48.6835524]}, "properties": {"id": "auto00828", "nom": "A0828", "auto": true, "z": 6.91, "saillie": 7.26}}, {"type": "Feature", "geometry": {"type": "Point", "coordinates": [-2.0107974, 48.6835384]}, "properties": {"id": "auto00829", "nom": "A0829", "auto": true, "z": 1.31, "saillie": 7.11}}, {"type": "Feature", "geometry": {"type": "Point", "coordinates": [-2.0642606, 48.6835121]}, "properties": {"id": "auto00830", "nom": "A0830", "auto": true, "z": -0.35, "saillie": 7.91}}, {"type": "Feature", "geometry": {"type": "Point", "coordinates": [-2.0451919, 48.6833841]}, "properties": {"id": "auto00831", "nom": "A0831", "auto": true, "z": 2.07, "saillie": 8.61}}, {"type": "Feature", "geometry": {"type": "Point", "coordinates": [-2.0647854, 48.6833095]}, "properties": {"id": "auto00832", "nom": "A0832", "auto": true, "z": 1.35, "saillie": 9.45}}, {"type": "Feature", "geometry": {"type": "Point", "coordinates": [-1.9794697, 48.6833023]}, "properties": {"id": "auto00833", "nom": "A0833", "auto": true, "z": 9.8, "saillie": 7.86}}, {"type": "Feature", "geometry": {"type": "Point", "coordinates": [-1.9543108, 48.683234]}, "properties": {"id": "auto00834", "nom": "A0834", "auto": true, "z": 7.91, "saillie": 2.38}}, {"type": "Feature", "geometry": {"type": "Point", "coordinates": [-1.9373677, 48.6831085]}, "properties": {"id": "auto00835", "nom": "A0835", "auto": true, "z": 11.02, "saillie": 1.4}}, {"type": "Feature", "geometry": {"type": "Point", "coordinates": [-1.9835738, 48.6829504]}, "properties": {"id": "auto00836", "nom": "A0836", "auto": true, "z": 5.26, "saillie": 6.58}}, {"type": "Feature", "geometry": {"type": "Point", "coordinates": [-1.9953854, 48.6829241]}, "properties": {"id": "auto00837", "nom": "A0837", "auto": true, "z": 0.81, "saillie": 8.6}}, {"type": "Feature", "geometry": {"type": "Point", "coordinates": [-1.9808996, 48.682882]}, "properties": {"id": "auto00838", "nom": "A0838", "auto": true, "z": 9.7, "saillie": 9.53}}, {"type": "Feature", "geometry": {"type": "Point", "coordinates": [-1.9367881, 48.682736]}, "properties": {"id": "auto00839", "nom": "A0839", "auto": true, "z": 11.28, "saillie": 1.5}}, {"type": "Feature", "geometry": {"type": "Point", "coordinates": [-1.9839328, 48.682719]}, "properties": {"id": "auto00840", "nom": "A0840", "auto": true, "z": 4.73, "saillie": 5.39}}, {"type": "Feature", "geometry": {"type": "Point", "coordinates": [-1.9823973, 48.682603]}, "properties": {"id": "auto00841", "nom": "A0841", "auto": true, "z": 10.75, "saillie": 10.65}}, {"type": "Feature", "geometry": {"type": "Point", "coordinates": [-1.9954629, 48.6825964]}, "properties": {"id": "auto00842", "nom": "A0842", "auto": true, "z": 2.33, "saillie": 10.72}}, {"type": "Feature", "geometry": {"type": "Point", "coordinates": [-1.9950223, 48.6825428]}, "properties": {"id": "auto00843", "nom": "A0843", "auto": true, "z": -0.97, "saillie": 5.3}}, {"type": "Feature", "geometry": {"type": "Point", "coordinates": [-1.9858678, 48.6824578]}, "properties": {"id": "auto00844", "nom": "A0844", "auto": true, "z": 10.21, "saillie": 9.34}}, {"type": "Feature", "geometry": {"type": "Point", "coordinates": [-1.9370863, 48.6824353]}, "properties": {"id": "auto00845", "nom": "A0845", "auto": true, "z": 11.2, "saillie": 1.05}}, {"type": "Feature", "geometry": {"type": "Point", "coordinates": [-2.0113852, 48.682288]}, "properties": {"id": "auto00846", "nom": "A0846", "auto": true, "z": -2.4, "saillie": 4.22}}, {"type": "Feature", "geometry": {"type": "Point", "coordinates": [-1.9364728, 48.6822805]}, "properties": {"id": "auto00847", "nom": "A0847", "auto": true, "z": 12.16, "saillie": 1.56}}, {"type": "Feature", "geometry": {"type": "Point", "coordinates": [-1.9859488, 48.682166]}, "properties": {"id": "auto00848", "nom": "A0848", "auto": true, "z": 9.83, "saillie": 6.76}}, {"type": "Feature", "geometry": {"type": "Point", "coordinates": [-1.9921373, 48.6819788]}, "properties": {"id": "auto00849", "nom": "A0849", "auto": true, "z": -2.1, "saillie": 3.72}}, {"type": "Feature", "geometry": {"type": "Point", "coordinates": [-2.0614838, 48.6818276]}, "properties": {"id": "auto00850", "nom": "A0850", "auto": true, "z": -2.26, "saillie": 7.61}}, {"type": "Feature", "geometry": {"type": "Point", "coordinates": [-2.0499262, 48.6816693]}, "properties": {"id": "auto00851", "nom": "A0851", "auto": true, "z": 4.84, "saillie": 15.97}}, {"type": "Feature", "geometry": {"type": "Point", "coordinates": [-2.0505192, 48.6816081]}, "properties": {"id": "auto00852", "nom": "A0852", "auto": true, "z": 3.37, "saillie": 10.49}}, {"type": "Feature", "geometry": {"type": "Point", "coordinates": [-2.0109298, 48.681514]}, "properties": {"id": "auto00853", "nom": "A0853", "auto": true, "z": 0.61, "saillie": 5.39}}, {"type": "Feature", "geometry": {"type": "Point", "coordinates": [-2.0120651, 48.6814302]}, "properties": {"id": "auto00854", "nom": "A0854", "auto": true, "z": -2.16, "saillie": 4.28}}, {"type": "Feature", "geometry": {"type": "Point", "coordinates": [-2.0104315, 48.6814268]}, "properties": {"id": "auto00855", "nom": "A0855", "auto": true, "z": 0.63, "saillie": 6.43}}, {"type": "Feature", "geometry": {"type": "Point", "coordinates": [-1.9908792, 48.6813466]}, "properties": {"id": "auto00856", "nom": "A0856", "auto": true, "z": 5.95, "saillie": 9.7}}, {"type": "Feature", "geometry": {"type": "Point", "coordinates": [-2.0098755, 48.681306]}, "properties": {"id": "auto00857", "nom": "A0857", "auto": true, "z": -0.93, "saillie": 6.83}}, {"type": "Feature", "geometry": {"type": "Point", "coordinates": [-2.0505929, 48.6812444]}, "properties": {"id": "auto00858", "nom": "A0858", "auto": true, "z": 6.7, "saillie": 11.13}}, {"type": "Feature", "geometry": {"type": "Point", "coordinates": [-2.0111191, 48.6812177]}, "properties": {"id": "auto00859", "nom": "A0859", "auto": true, "z": 1.43, "saillie": 6.44}}, {"type": "Feature", "geometry": {"type": "Point", "coordinates": [-2.0497727, 48.6812071]}, "properties": {"id": "auto00860", "nom": "A0860", "auto": true, "z": 6.16, "saillie": 15.91}}, {"type": "Feature", "geometry": {"type": "Point", "coordinates": [-2.0506263, 48.6810267]}, "properties": {"id": "auto00861", "nom": "A0861", "auto": true, "z": 8.41, "saillie": 12.03}}, {"type": "Feature", "geometry": {"type": "Point", "coordinates": [-1.9901399, 48.6810171]}, "properties": {"id": "auto00862", "nom": "A0862", "auto": true, "z": 12.72, "saillie": 12.78}}, {"type": "Feature", "geometry": {"type": "Point", "coordinates": [-2.0501348, 48.6810115]}, "properties": {"id": "auto00863", "nom": "A0863", "auto": true, "z": 7.75, "saillie": 10.22}}, {"type": "Feature", "geometry": {"type": "Point", "coordinates": [-2.0512227, 48.6810014]}, "properties": {"id": "auto00864", "nom": "A0864", "auto": true, "z": 2.49, "saillie": 7.16}}, {"type": "Feature", "geometry": {"type": "Point", "coordinates": [-2.0588415, 48.6809664]}, "properties": {"id": "auto00865", "nom": "A0865", "auto": true, "z": 4.15, "saillie": 11.36}}, {"type": "Feature", "geometry": {"type": "Point", "coordinates": [-2.0122845, 48.6808802]}, "properties": {"id": "auto00866", "nom": "A0866", "auto": true, "z": -2.44, "saillie": 3.05}}, {"type": "Feature", "geometry": {"type": "Point", "coordinates": [-2.0583431, 48.6808794]}, "properties": {"id": "auto00867", "nom": "A0867", "auto": true, "z": 3.53, "saillie": 11.87}}, {"type": "Feature", "geometry": {"type": "Point", "coordinates": [-2.059431, 48.6808693]}, "properties": {"id": "auto00868", "nom": "A0868", "auto": true, "z": 2.4, "saillie": 12.36}}, {"type": "Feature", "geometry": {"type": "Point", "coordinates": [-2.061173, 48.6808673]}, "properties": {"id": "auto00869", "nom": "A0869", "auto": true, "z": 1.16, "saillie": 10.28}}, {"type": "Feature", "geometry": {"type": "Point", "coordinates": [-2.0574074, 48.680775]}, "properties": {"id": "auto00870", "nom": "A0870", "auto": true, "z": 1.39, "saillie": 11.38}}, {"type": "Feature", "geometry": {"type": "Point", "coordinates": [-2.0113455, 48.6807395]}, "properties": {"id": "auto00871", "nom": "A0871", "auto": true, "z": -1.08, "saillie": 3.29}}, {"type": "Feature", "geometry": {"type": "Point", "coordinates": [-2.0324596, 48.6806422]}, "properties": {"id": "auto00872", "nom": "A0872", "auto": true, "z": -2.39, "saillie": 6.79}}, {"type": "Feature", "geometry": {"type": "Point", "coordinates": [-2.0580441, 48.6806037]}, "properties": {"id": "auto00873", "nom": "A0873", "auto": true, "z": 6.98, "saillie": 12.69}}, {"type": "Feature", "geometry": {"type": "Point", "coordinates": [-2.0572746, 48.6805282]}, "properties": {"id": "auto00874", "nom": "A0874", "auto": true, "z": 1.77, "saillie": 11.13}}, {"type": "Feature", "geometry": {"type": "Point", "coordinates": [-1.9368487, 48.6804985]}, "properties": {"id": "auto00875", "nom": "A0875", "auto": true, "z": 11.74, "saillie": 1.06}}, {"type": "Feature", "geometry": {"type": "Point", "coordinates": [-2.0576472, 48.6804403]}, "properties": {"id": "auto00876", "nom": "A0876", "auto": true, "z": 3.79, "saillie": 10.71}}, {"type": "Feature", "geometry": {"type": "Point", "coordinates": [-2.0116975, 48.6804362]}, "properties": {"id": "auto00877", "nom": "A0877", "auto": true, "z": 0.43, "saillie": 4.95}}, {"type": "Feature", "geometry": {"type": "Point", "coordinates": [-2.0522551, 48.6804168]}, "properties": {"id": "auto00878", "nom": "A0878", "auto": true, "z": -2.33, "saillie": 5.8}}, {"type": "Feature", "geometry": {"type": "Point", "coordinates": [-2.0609651, 48.6804075]}, "properties": {"id": "auto00879", "nom": "A0879", "auto": true, "z": 1.27, "saillie": 9.73}}, {"type": "Feature", "geometry": {"type": "Point", "coordinates": [-2.0322727, 48.6803977]}, "properties": {"id": "auto00880", "nom": "A0880", "auto": true, "z": 0.88, "saillie": 8.33}}, {"type": "Feature", "geometry": {"type": "Point", "coordinates": [-2.0174622, 48.6803737]}, "properties": {"id": "auto00881", "nom": "A0881", "auto": true, "z": -2.13, "saillie": 5.89}}, {"type": "Feature", "geometry": {"type": "Point", "coordinates": [-2.0552844, 48.6802162]}, "properties": {"id": "auto00882", "nom": "A0882", "auto": true, "z": 1.63, "saillie": 11.33}}, {"type": "Feature", "geometry": {"type": "Point", "coordinates": [-2.0638318, 48.6802135]}, "properties": {"id": "auto00883", "nom": "A0883", "auto": true, "z": 8.61, "saillie": 12.43}}, {"type": "Feature", "geometry": {"type": "Point", "coordinates": [-2.0668243, 48.6801944]}, "properties": {"id": "auto00884", "nom": "A0884", "auto": true, "z": -2.06, "saillie": 5.98}}, {"type": "Feature", "geometry": {"type": "Point", "coordinates": [-2.0321332, 48.6800791]}, "properties": {"id": "auto00885", "nom": "A0885", "auto": true, "z": 1.7, "saillie": 8.09}}, {"type": "Feature", "geometry": {"type": "Point", "coordinates": [-2.0542876, 48.6800422]}, "properties": {"id": "auto00886", "nom": "A0886", "auto": true, "z": 10.24, "saillie": 19.32}}, {"type": "Feature", "geometry": {"type": "Point", "coordinates": [-2.016123, 48.6800336]}, "properties": {"id": "auto00887", "nom": "A0887", "auto": true, "z": 1.93, "saillie": 8.89}}, {"type": "Feature", "geometry": {"type": "Point", "coordinates": [-2.0179192, 48.68003]}, "properties": {"id": "auto00888", "nom": "A0888", "auto": true, "z": -0.7, "saillie": 7.52}}, {"type": "Feature", "geometry": {"type": "Point", "coordinates": [-2.0594559, 48.680003]}, "properties": {"id": "auto00889", "nom": "A0889", "auto": true, "z": 8.4, "saillie": 14.65}}, {"type": "Feature", "geometry": {"type": "Point", "coordinates": [-2.0547179, 48.6799879]}, "properties": {"id": "auto00890", "nom": "A0890", "auto": true, "z": 2.96, "saillie": 11.02}}, {"type": "Feature", "geometry": {"type": "Point", "coordinates": [-2.0615163, 48.6799154]}, "properties": {"id": "auto00891", "nom": "A0891", "auto": true, "z": 1.75, "saillie": 7.66}}, {"type": "Feature", "geometry": {"type": "Point", "coordinates": [-2.0584591, 48.679829]}, "properties": {"id": "auto00892", "nom": "A0892", "auto": true, "z": 11.44, "saillie": 10.57}}, {"type": "Feature", "geometry": {"type": "Point", "coordinates": [-2.0628648, 48.679786]}, "properties": {"id": "auto00893", "nom": "A0893", "auto": true, "z": 1.56, "saillie": 6.69}}, {"type": "Feature", "geometry": {"type": "Point", "coordinates": [-2.0669452, 48.6797566]}, "properties": {"id": "auto00894", "nom": "A0894", "auto": true, "z": 3.24, "saillie": 8.38}}, {"type": "Feature", "geometry": {"type": "Point", "coordinates": [-2.0692801, 48.6796933]}, "properties": {"id": "auto00895", "nom": "A0895", "auto": true, "z": -2.02, "saillie": 7.93}}, {"type": "Feature", "geometry": {"type": "Point", "coordinates": [-1.9960015, 48.6796898]}, "properties": {"id": "auto00896", "nom": "A0896", "auto": true, "z": -1.87, "saillie": 4.0}}, {"type": "Feature", "geometry": {"type": "Point", "coordinates": [-2.0317121, 48.6796643]}, "properties": {"id": "auto00897", "nom": "A0897", "auto": true, "z": 4.83, "saillie": 10.67}}, {"type": "Feature", "geometry": {"type": "Point", "coordinates": [-2.0638775, 48.6795626]}, "properties": {"id": "auto00898", "nom": "A0898", "auto": true, "z": 1.69, "saillie": 4.57}}, {"type": "Feature", "geometry": {"type": "Point", "coordinates": [-2.086957, 48.6795163]}, "properties": {"id": "auto00899", "nom": "A0899", "auto": true, "z": 3.54, "saillie": 12.3}}, {"type": "Feature", "geometry": {"type": "Point", "coordinates": [-2.0864078, 48.6794676]}, "properties": {"id": "auto00900", "nom": "A0900", "auto": true, "z": 2.96, "saillie": 14.1}}, {"type": "Feature", "geometry": {"type": "Point", "coordinates": [-2.0591291, 48.67944]}, "properties": {"id": "auto00901", "nom": "A0901", "auto": true, "z": 1.24, "saillie": 7.95}}, {"type": "Feature", "geometry": {"type": "Point", "coordinates": [-2.0671849, 48.6794219]}, "properties": {"id": "auto00902", "nom": "A0902", "auto": true, "z": -1.11, "saillie": 4.09}}, {"type": "Feature", "geometry": {"type": "Point", "coordinates": [-2.0632602, 48.6793726]}, "properties": {"id": "auto00903", "nom": "A0903", "auto": true, "z": 3.62, "saillie": 4.91}}, {"type": "Feature", "geometry": {"type": "Point", "coordinates": [-2.0638497, 48.6792754]}, "properties": {"id": "auto00904", "nom": "A0904", "auto": true, "z": 2.22, "saillie": 5.72}}, {"type": "Feature", "geometry": {"type": "Point", "coordinates": [-2.0099502, 48.679248]}, "properties": {"id": "auto00905", "nom": "A0905", "auto": true, "z": 0.72, "saillie": 7.26}}, {"type": "Feature", "geometry": {"type": "Point", "coordinates": [-2.0681434, 48.6792009]}, "properties": {"id": "auto00906", "nom": "A0906", "auto": true, "z": 0.68, "saillie": 5.88}}, {"type": "Feature", "geometry": {"type": "Point", "coordinates": [-2.0106516, 48.6791824]}, "properties": {"id": "auto00907", "nom": "A0907", "auto": true, "z": -2.2, "saillie": 4.38}}, {"type": "Feature", "geometry": {"type": "Point", "coordinates": [-2.0658523, 48.6791542]}, "properties": {"id": "auto00908", "nom": "A0908", "auto": true, "z": -0.59, "saillie": 3.48}}, {"type": "Feature", "geometry": {"type": "Point", "coordinates": [-2.0321955, 48.679031]}, "properties": {"id": "auto00909", "nom": "A0909", "auto": true, "z": 1.52, "saillie": 8.9}}, {"type": "Feature", "geometry": {"type": "Point", "coordinates": [-2.0619749, 48.6790306]}, "properties": {"id": "auto00910", "nom": "A0910", "auto": true, "z": 11.1, "saillie": 12.43}}, {"type": "Feature", "geometry": {"type": "Point", "coordinates": [-2.063988, 48.6790172]}, "properties": {"id": "auto00911", "nom": "A0911", "auto": true, "z": 1.87, "saillie": 5.36}}, {"type": "Feature", "geometry": {"type": "Point", "coordinates": [-2.032575, 48.679015]}, "properties": {"id": "auto00912", "nom": "A0912", "auto": true, "z": -0.22, "saillie": 6.75}}, {"type": "Feature", "geometry": {"type": "Point", "coordinates": [-2.0631677, 48.6789799]}, "properties": {"id": "auto00913", "nom": "A0913", "auto": true, "z": 7.51, "saillie": 8.77}}, {"type": "Feature", "geometry": {"type": "Point", "coordinates": [-2.0666516, 48.6789759]}, "properties": {"id": "auto00914", "nom": "A0914", "auto": true, "z": -0.9, "saillie": 2.67}}, {"type": "Feature", "geometry": {"type": "Point", "coordinates": [-2.0585383, 48.6789604]}, "properties": {"id": "auto00915", "nom": "A0915", "auto": true, "z": 1.69, "saillie": 8.02}}, {"type": "Feature", "geometry": {"type": "Point", "coordinates": [-2.0704609, 48.678958]}, "properties": {"id": "auto00916", "nom": "A0916", "auto": true, "z": 7.41, "saillie": 12.64}}, {"type": "Feature", "geometry": {"type": "Point", "coordinates": [-1.992547, 48.6788613]}, "properties": {"id": "auto00917", "nom": "A0917", "auto": true, "z": -1.3, "saillie": 1.79}}, {"type": "Feature", "geometry": {"type": "Point", "coordinates": [-2.0641805, 48.6787566]}, "properties": {"id": "auto00918", "nom": "A0918", "auto": true, "z": 8.66, "saillie": 11.51}}, {"type": "Feature", "geometry": {"type": "Point", "coordinates": [-2.0659766, 48.6787523]}, "properties": {"id": "auto00919", "nom": "A0919", "auto": true, "z": 1.11, "saillie": 3.98}}, {"type": "Feature", "geometry": {"type": "Point", "coordinates": [-2.0706026, 48.6787357]}, "properties": {"id": "auto00920", "nom": "A0920", "auto": true, "z": 5.13, "saillie": 9.12}}, {"type": "Feature", "geometry": {"type": "Point", "coordinates": [-1.9936719, 48.67867]}, "properties": {"id": "auto00921", "nom": "A0921", "auto": true, "z": 3.58, "saillie": 6.25}}, {"type": "Feature", "geometry": {"type": "Point", "coordinates": [-2.0323235, 48.6786651]}, "properties": {"id": "auto00922", "nom": "A0922", "auto": true, "z": -1.34, "saillie": 8.46}}, {"type": "Feature", "geometry": {"type": "Point", "coordinates": [-2.0624281, 48.6786509]}, "properties": {"id": "auto00923", "nom": "A0923", "auto": true, "z": 12.01, "saillie": 11.87}}, {"type": "Feature", "geometry": {"type": "Point", "coordinates": [-2.0657389, 48.6785461]}, "properties": {"id": "auto00924", "nom": "A0924", "auto": true, "z": 1.22, "saillie": 5.55}}, {"type": "Feature", "geometry": {"type": "Point", "coordinates": [-1.9886966, 48.6784459]}, "properties": {"id": "auto00925", "nom": "A0925", "auto": true, "z": 8.45, "saillie": 7.53}}, {"type": "Feature", "geometry": {"type": "Point", "coordinates": [-2.0628375, 48.6783811]}, "properties": {"id": "auto00926", "nom": "A0926", "auto": true, "z": 4.06, "saillie": 7.92}}, {"type": "Feature", "geometry": {"type": "Point", "coordinates": [-1.9892319, 48.6783514]}, "properties": {"id": "auto00927", "nom": "A0927", "auto": true, "z": 4.31, "saillie": 5.29}}, {"type": "Feature", "geometry": {"type": "Point", "coordinates": [-1.9883541, 48.67828]}, "properties": {"id": "auto00928", "nom": "A0928", "auto": true, "z": 8.56, "saillie": 5.98}}, {"type": "Feature", "geometry": {"type": "Point", "coordinates": [-2.0656568, 48.6782612]}, "properties": {"id": "auto00929", "nom": "A0929", "auto": true, "z": 1.75, "saillie": 6.08}}, {"type": "Feature", "geometry": {"type": "Point", "coordinates": [-2.0623321, 48.6782223]}, "properties": {"id": "auto00930", "nom": "A0930", "auto": true, "z": 9.64, "saillie": 11.72}}, {"type": "Feature", "geometry": {"type": "Point", "coordinates": [-2.0675037, 48.6782186]}, "properties": {"id": "auto00931", "nom": "A0931", "auto": true, "z": 0.45, "saillie": 2.93}}, {"type": "Feature", "geometry": {"type": "Point", "coordinates": [-2.0710417, 48.6782122]}, "properties": {"id": "auto00932", "nom": "A0932", "auto": true, "z": 12.85, "saillie": 15.01}}, {"type": "Feature", "geometry": {"type": "Point", "coordinates": [-2.0640163, 48.6781867]}, "properties": {"id": "auto00933", "nom": "A0933", "auto": true, "z": 5.3, "saillie": 9.28}}, {"type": "Feature", "geometry": {"type": "Point", "coordinates": [-1.9935559, 48.6780259]}, "properties": {"id": "auto00934", "nom": "A0934", "auto": true, "z": 11.41, "saillie": 11.82}}, {"type": "Feature", "geometry": {"type": "Point", "coordinates": [-1.9888181, 48.6780082]}, "properties": {"id": "auto00935", "nom": "A0935", "auto": true, "z": 6.22, "saillie": 6.08}}, {"type": "Feature", "geometry": {"type": "Point", "coordinates": [-1.9880556, 48.6780041]}, "properties": {"id": "auto00936", "nom": "A0936", "auto": true, "z": 8.37, "saillie": 3.58}}, {"type": "Feature", "geometry": {"type": "Point", "coordinates": [-1.9902821, 48.6779469]}, "properties": {"id": "auto00937", "nom": "A0937", "auto": true, "z": -1.13, "saillie": 1.61}}, {"type": "Feature", "geometry": {"type": "Point", "coordinates": [-1.9884248, 48.6778805]}, "properties": {"id": "auto00938", "nom": "A0938", "auto": true, "z": 9.81, "saillie": 8.21}}, {"type": "Feature", "geometry": {"type": "Point", "coordinates": [-2.0671366, 48.6778016]}, "properties": {"id": "auto00939", "nom": "A0939", "auto": true, "z": 3.11, "saillie": 6.93}}, {"type": "Feature", "geometry": {"type": "Point", "coordinates": [-1.9897158, 48.6777182]}, "properties": {"id": "auto00940", "nom": "A0940", "auto": true, "z": 5.04, "saillie": 7.34}}, {"type": "Feature", "geometry": {"type": "Point", "coordinates": [-1.9942841, 48.6776709]}, "properties": {"id": "auto00941", "nom": "A0941", "auto": true, "z": 6.77, "saillie": 7.21}}, {"type": "Feature", "geometry": {"type": "Point", "coordinates": [-1.9906341, 48.6776437]}, "properties": {"id": "auto00942", "nom": "A0942", "auto": true, "z": 0.46, "saillie": 3.72}}, {"type": "Feature", "geometry": {"type": "Point", "coordinates": [-1.9954735, 48.677585]}, "properties": {"id": "auto00943", "nom": "A0943", "auto": true, "z": -2.36, "saillie": 3.44}}, {"type": "Feature", "geometry": {"type": "Point", "coordinates": [-2.0672783, 48.6775793]}, "properties": {"id": "auto00944", "nom": "A0944", "auto": true, "z": 4.41, "saillie": 6.5}}, {"type": "Feature", "geometry": {"type": "Point", "coordinates": [-1.9931248, 48.6775032]}, "properties": {"id": "auto00945", "nom": "A0945", "auto": true, "z": 7.31, "saillie": 9.22}}, {"type": "Feature", "geometry": {"type": "Point", "coordinates": [-2.0746185, 48.677483]}, "properties": {"id": "auto00946", "nom": "A0946", "auto": true, "z": 13.45, "saillie": 17.19}}, {"type": "Feature", "geometry": {"type": "Point", "coordinates": [-2.0311723, 48.6774519]}, "properties": {"id": "auto00947", "nom": "A0947", "auto": true, "z": 3.15, "saillie": 11.82}}, {"type": "Feature", "geometry": {"type": "Point", "coordinates": [-2.0752656, 48.6774194]}, "properties": {"id": "auto00948", "nom": "A0948", "auto": true, "z": 0.95, "saillie": 8.7}}, {"type": "Feature", "geometry": {"type": "Point", "coordinates": [-1.9886513, 48.6774023]}, "properties": {"id": "auto00949", "nom": "A0949", "auto": true, "z": 2.95, "saillie": 3.77}}, {"type": "Feature", "geometry": {"type": "Point", "coordinates": [-1.9938736, 48.6773637]}, "properties": {"id": "auto00950", "nom": "A0950", "auto": true, "z": 7.51, "saillie": 5.97}}, {"type": "Feature", "geometry": {"type": "Point", "coordinates": [-1.9905998, 48.6772846]}, "properties": {"id": "auto00951", "nom": "A0951", "auto": true, "z": -1.28, "saillie": 2.09}}, {"type": "Feature", "geometry": {"type": "Point", "coordinates": [-2.075082, 48.6772109]}, "properties": {"id": "auto00952", "nom": "A0952", "auto": true, "z": 7.1, "saillie": 11.52}}, {"type": "Feature", "geometry": {"type": "Point", "coordinates": [-2.0676737, 48.6771659]}, "properties": {"id": "auto00953", "nom": "A0953", "auto": true, "z": 12.69, "saillie": 11.75}}, {"type": "Feature", "geometry": {"type": "Point", "coordinates": [-1.935923, 48.6770401]}, "properties": {"id": "auto00954", "nom": "A0954", "auto": true, "z": 13.6, "saillie": 1.03}}, {"type": "Feature", "geometry": {"type": "Point", "coordinates": [-1.9905216, 48.6770356]}, "properties": {"id": "auto00955", "nom": "A0955", "auto": true, "z": -1.91, "saillie": 1.43}}, {"type": "Feature", "geometry": {"type": "Point", "coordinates": [-2.0333641, 48.6770348]}, "properties": {"id": "auto00956", "nom": "A0956", "auto": true, "z": -2.3, "saillie": 4.87}}, {"type": "Feature", "geometry": {"type": "Point", "coordinates": [-2.0759285, 48.6769585]}, "properties": {"id": "auto00957", "nom": "A0957", "auto": true, "z": 2.96, "saillie": 9.02}}, {"type": "Feature", "geometry": {"type": "Point", "coordinates": [-1.9877832, 48.6768619]}, "properties": {"id": "auto00958", "nom": "A0958", "auto": true, "z": 5.07, "saillie": 5.2}}, {"type": "Feature", "geometry": {"type": "Point", "coordinates": [-2.0335602, 48.6768102]}, "properties": {"id": "auto00959", "nom": "A0959", "auto": true, "z": -2.32, "saillie": 4.04}}, {"type": "Feature", "geometry": {"type": "Point", "coordinates": [-2.0773714, 48.6766806]}, "properties": {"id": "auto00960", "nom": "A0960", "auto": true, "z": -1.66, "saillie": 7.54}}, {"type": "Feature", "geometry": {"type": "Point", "coordinates": [-2.0083941, 48.6766457]}, "properties": {"id": "auto00961", "nom": "A0961", "auto": true, "z": -0.91, "saillie": 8.43}}, {"type": "Feature", "geometry": {"type": "Point", "coordinates": [-2.0757345, 48.6766423]}, "properties": {"id": "auto00962", "nom": "A0962", "auto": true, "z": 3.66, "saillie": 5.65}}, {"type": "Feature", "geometry": {"type": "Point", "coordinates": [-1.9947164, 48.6764992]}, "properties": {"id": "auto00963", "nom": "A0963", "auto": true, "z": -2.36, "saillie": 1.54}}, {"type": "Feature", "geometry": {"type": "Point", "coordinates": [-2.0690783, 48.6764932]}, "properties": {"id": "auto00964", "nom": "A0964", "auto": true, "z": 12.01, "saillie": 4.99}}, {"type": "Feature", "geometry": {"type": "Point", "coordinates": [-2.0689455, 48.6762465]}, "properties": {"id": "auto00965", "nom": "A0965", "auto": true, "z": 12.82, "saillie": 8.08}}, {"type": "Feature", "geometry": {"type": "Point", "coordinates": [-1.9977862, 48.6761541]}, "properties": {"id": "auto00966", "nom": "A0966", "auto": true, "z": 0.1, "saillie": 4.08}}, {"type": "Feature", "geometry": {"type": "Point", "coordinates": [-2.0757905, 48.6760991]}, "properties": {"id": "auto00967", "nom": "A0967", "auto": true, "z": 7.96, "saillie": 10.06}}, {"type": "Feature", "geometry": {"type": "Point", "coordinates": [-1.9854202, 48.6760596]}, "properties": {"id": "auto00968", "nom": "A0968", "auto": true, "z": 7.92, "saillie": 4.83}}, {"type": "Feature", "geometry": {"type": "Point", "coordinates": [-1.9983758, 48.6760572]}, "properties": {"id": "auto00969", "nom": "A0969", "auto": true, "z": -1.21, "saillie": 4.71}}, {"type": "Feature", "geometry": {"type": "Point", "coordinates": [-2.0794876, 48.6760496]}, "properties": {"id": "auto00970", "nom": "A0970", "auto": true, "z": 0.73, "saillie": 11.19}}, {"type": "Feature", "geometry": {"type": "Point", "coordinates": [-1.9974403, 48.6759523]}, "properties": {"id": "auto00971", "nom": "A0971", "auto": true, "z": 2.51, "saillie": 5.61}}, {"type": "Feature", "geometry": {"type": "Point", "coordinates": [-2.0002157, 48.6759439]}, "properties": {"id": "auto00972", "nom": "A0972", "auto": true, "z": -0.14, "saillie": 6.7}}, {"type": "Feature", "geometry": {"type": "Point", "coordinates": [-1.9958577, 48.6759105]}, "properties": {"id": "auto00973", "nom": "A0973", "auto": true, "z": -2.44, "saillie": 1.81}}, {"type": "Feature", "geometry": {"type": "Point", "coordinates": [-1.9980703, 48.6757095]}, "properties": {"id": "auto00974", "nom": "A0974", "auto": true, "z": 0.41, "saillie": 4.44}}, {"type": "Feature", "geometry": {"type": "Point", "coordinates": [-1.9964774, 48.6755601]}, "properties": {"id": "auto00975", "nom": "A0975", "auto": true, "z": -2.45, "saillie": 1.25}}, {"type": "Feature", "geometry": {"type": "Point", "coordinates": [-1.9956572, 48.6755224]}, "properties": {"id": "auto00976", "nom": "A0976", "auto": true, "z": -1.1, "saillie": 2.03}}, {"type": "Feature", "geometry": {"type": "Point", "coordinates": [-2.066361, 48.6754191]}, "properties": {"id": "auto00977", "nom": "A0977", "auto": true, "z": -1.19, "saillie": 1.3}}, {"type": "Feature", "geometry": {"type": "Point", "coordinates": [-1.9974292, 48.6752678]}, "properties": {"id": "auto00978", "nom": "A0978", "auto": true, "z": 8.59, "saillie": 10.52}}, {"type": "Feature", "geometry": {"type": "Point", "coordinates": [-1.9992726, 48.6751904]}, "properties": {"id": "auto00979", "nom": "A0979", "auto": true, "z": -2.48, "saillie": 1.93}}, {"type": "Feature", "geometry": {"type": "Point", "coordinates": [-1.9946943, 48.6751302]}, "properties": {"id": "auto00980", "nom": "A0980", "auto": true, "z": 8.01, "saillie": 6.65}}, {"type": "Feature", "geometry": {"type": "Point", "coordinates": [-2.0753133, 48.6751099]}, "properties": {"id": "auto00981", "nom": "A0981", "auto": true, "z": 11.98, "saillie": 5.63}}, {"type": "Feature", "geometry": {"type": "Point", "coordinates": [-2.0661128, 48.6751052]}, "properties": {"id": "auto00982", "nom": "A0982", "auto": true, "z": -1.11, "saillie": 1.18}}, {"type": "Feature", "geometry": {"type": "Point", "coordinates": [-1.9956702, 48.6750892]}, "properties": {"id": "auto00983", "nom": "A0983", "auto": true, "z": 0.62, "saillie": 3.26}}, {"type": "Feature", "geometry": {"type": "Point", "coordinates": [-1.9979542, 48.6750655]}, "properties": {"id": "auto00984", "nom": "A0984", "auto": true, "z": 7.75, "saillie": 8.1}}, {"type": "Feature", "geometry": {"type": "Point", "coordinates": [-1.9984388, 48.6750091]}, "properties": {"id": "auto00985", "nom": "A0985", "auto": true, "z": 3.73, "saillie": 7.19}}, {"type": "Feature", "geometry": {"type": "Point", "coordinates": [-1.9953209, 48.6748515]}, "properties": {"id": "auto00986", "nom": "A0986", "auto": true, "z": 7.84, "saillie": 8.44}}, {"type": "Feature", "geometry": {"type": "Point", "coordinates": [-1.9931961, 48.6748325]}, "properties": {"id": "auto00987", "nom": "A0987", "auto": true, "z": 0.04, "saillie": 1.06}}, {"type": "Feature", "geometry": {"type": "Point", "coordinates": [-2.0651598, 48.6748213]}, "properties": {"id": "auto00988", "nom": "A0988", "auto": true, "z": -0.93, "saillie": 2.11}}, {"type": "Feature", "geometry": {"type": "Point", "coordinates": [-2.0678267, 48.6748159]}, "properties": {"id": "auto00989", "nom": "A0989", "auto": true, "z": 0.42, "saillie": 1.04}}, {"type": "Feature", "geometry": {"type": "Point", "coordinates": [-2.064553, 48.6747389]}, "properties": {"id": "auto00990", "nom": "A0990", "auto": true, "z": -0.46, "saillie": 3.32}}, {"type": "Feature", "geometry": {"type": "Point", "coordinates": [-1.9942194, 48.6747175]}, "properties": {"id": "auto00991", "nom": "A0991", "auto": true, "z": 4.23, "saillie": 4.75}}, {"type": "Feature", "geometry": {"type": "Point", "coordinates": [-2.0673791, 48.6746908]}, "properties": {"id": "auto00992", "nom": "A0992", "auto": true, "z": 0.23, "saillie": 1.09}}, {"type": "Feature", "geometry": {"type": "Point", "coordinates": [-2.0666166, 48.6746872]}, "properties": {"id": "auto00993", "nom": "A0993", "auto": true, "z": -0.01, "saillie": 1.16}}, {"type": "Feature", "geometry": {"type": "Point", "coordinates": [-1.9984586, 48.6746478]}, "properties": {"id": "auto00994", "nom": "A0994", "auto": true, "z": 6.54, "saillie": 9.47}}, {"type": "Feature", "geometry": {"type": "Point", "coordinates": [-1.9978553, 48.674601]}, "properties": {"id": "auto00995", "nom": "A0995", "auto": true, "z": 6.53, "saillie": 5.74}}, {"type": "Feature", "geometry": {"type": "Point", "coordinates": [-2.0637766, 48.6745917]}, "properties": {"id": "auto00996", "nom": "A0996", "auto": true, "z": -1.18, "saillie": 2.58}}, {"type": "Feature", "geometry": {"type": "Point", "coordinates": [-1.997086, 48.6745251]}, "properties": {"id": "auto00997", "nom": "A0997", "auto": true, "z": 2.83, "saillie": 4.75}}, {"type": "Feature", "geometry": {"type": "Point", "coordinates": [-2.0790594, 48.6744455]}, "properties": {"id": "auto00998", "nom": "A0998", "auto": true, "z": 2.61, "saillie": 14.54}}, {"type": "Feature", "geometry": {"type": "Point", "coordinates": [-2.076006, 48.6743954]}, "properties": {"id": "auto00999", "nom": "A0999", "auto": true, "z": 3.26, "saillie": 12.11}}, {"type": "Feature", "geometry": {"type": "Point", "coordinates": [-2.0629355, 48.674339]}, "properties": {"id": "auto01000", "nom": "A1000", "auto": true, "z": -1.7, "saillie": 1.93}}, {"type": "Feature", "geometry": {"type": "Point", "coordinates": [-1.9937444, 48.6743048]}, "properties": {"id": "auto01001", "nom": "A1001", "auto": true, "z": 2.67, "saillie": 3.23}}, {"type": "Feature", "geometry": {"type": "Point", "coordinates": [-1.9992951, 48.6742882]}, "properties": {"id": "auto01002", "nom": "A1002", "auto": true, "z": -2.1, "saillie": 2.59}}, {"type": "Feature", "geometry": {"type": "Point", "coordinates": [-2.0575947, 48.6742776]}, "properties": {"id": "auto01003", "nom": "A1003", "auto": true, "z": -1.18, "saillie": 4.81}}, {"type": "Feature", "geometry": {"type": "Point", "coordinates": [-1.994395, 48.6742775]}, "properties": {"id": "auto01004", "nom": "A1004", "auto": true, "z": 2.93, "saillie": 4.1}}, {"type": "Feature", "geometry": {"type": "Point", "coordinates": [-2.2840129, 48.6742151]}, "properties": {"id": "auto01005", "nom": "A1005", "auto": true, "z": 0.44, "saillie": 16.02}}, {"type": "Feature", "geometry": {"type": "Point", "coordinates": [-1.9922058, 48.674153]}, "properties": {"id": "auto01006", "nom": "A1006", "auto": true, "z": -0.54, "saillie": 1.1}}, {"type": "Feature", "geometry": {"type": "Point", "coordinates": [-2.0972014, 48.6740307]}, "properties": {"id": "auto01007", "nom": "A1007", "auto": true, "z": 8.84, "saillie": 17.63}}, {"type": "Feature", "geometry": {"type": "Point", "coordinates": [-2.0749883, 48.6740062]}, "properties": {"id": "auto01008", "nom": "A1008", "auto": true, "z": 9.15, "saillie": 7.36}}, {"type": "Feature", "geometry": {"type": "Point", "coordinates": [-1.9932764, 48.6739639]}, "properties": {"id": "auto01009", "nom": "A1009", "auto": true, "z": 3.08, "saillie": 3.25}}, {"type": "Feature", "geometry": {"type": "Point", "coordinates": [-1.9965397, 48.6739352]}, "properties": {"id": "auto01010", "nom": "A1010", "auto": true, "z": -1.13, "saillie": 2.49}}, {"type": "Feature", "geometry": {"type": "Point", "coordinates": [-2.0437341, 48.6739282]}, "properties": {"id": "auto01011", "nom": "A1011", "auto": true, "z": -2.04, "saillie": 4.53}}, {"type": "Feature", "geometry": {"type": "Point", "coordinates": [-1.9978443, 48.6739165]}, "properties": {"id": "auto01012", "nom": "A1012", "auto": true, "z": 4.56, "saillie": 6.81}}, {"type": "Feature", "geometry": {"type": "Point", "coordinates": [-2.096591, 48.6739126]}, "properties": {"id": "auto01013", "nom": "A1013", "auto": true, "z": 10.07, "saillie": 12.26}}, {"type": "Feature", "geometry": {"type": "Point", "coordinates": [-2.0755777, 48.6739089]}, "properties": {"id": "auto01014", "nom": "A1014", "auto": true, "z": 6.65, "saillie": 13.86}}, {"type": "Feature", "geometry": {"type": "Point", "coordinates": [-2.0798744, 48.6738699]}, "properties": {"id": "auto01015", "nom": "A1015", "auto": true, "z": 3.19, "saillie": 9.12}}, {"type": "Feature", "geometry": {"type": "Point", "coordinates": [-1.9872782, 48.6738548]}, "properties": {"id": "auto01016", "nom": "A1016", "auto": true, "z": 2.62, "saillie": 1.02}}, {"type": "Feature", "geometry": {"type": "Point", "coordinates": [-2.0441066, 48.6738403]}, "properties": {"id": "auto01017", "nom": "A1017", "auto": true, "z": -0.41, "saillie": 5.9}}, {"type": "Feature", "geometry": {"type": "Point", "coordinates": [-1.9990302, 48.6737946]}, "properties": {"id": "auto01018", "nom": "A1018", "auto": true, "z": -2.22, "saillie": 2.0}}, {"type": "Feature", "geometry": {"type": "Point", "coordinates": [-2.0986441, 48.6737526]}, "properties": {"id": "auto01019", "nom": "A1019", "auto": true, "z": 2.8, "saillie": 11.34}}, {"type": "Feature", "geometry": {"type": "Point", "coordinates": [-2.0620597, 48.6737273]}, "properties": {"id": "auto01020", "nom": "A1020", "auto": true, "z": -1.4, "saillie": 1.06}}, {"type": "Feature", "geometry": {"type": "Point", "coordinates": [-1.9957024, 48.673718]}, "properties": {"id": "auto01021", "nom": "A1021", "auto": true, "z": -2.1, "saillie": 2.02}}, {"type": "Feature", "geometry": {"type": "Point", "coordinates": [-1.9984777, 48.6737096]}, "properties": {"id": "auto01022", "nom": "A1022", "auto": true, "z": -0.86, "saillie": 2.17}}, {"type": "Feature", "geometry": {"type": "Point", "coordinates": [-2.080511, 48.6736985]}, "properties": {"id": "auto01023", "nom": "A1023", "auto": true, "z": -1.1, "saillie": 8.19}}, {"type": "Feature", "geometry": {"type": "Point", "coordinates": [-2.0741402, 48.6736818]}, "properties": {"id": "auto01024", "nom": "A1024", "auto": true, "z": 3.11, "saillie": 6.05}}, {"type": "Feature", "geometry": {"type": "Point", "coordinates": [-2.0433268, 48.673657]}, "properties": {"id": "auto01025", "nom": "A1025", "auto": true, "z": 1.76, "saillie": 8.13}}, {"type": "Feature", "geometry": {"type": "Point", "coordinates": [-2.0562818, 48.6736484]}, "properties": {"id": "auto01026", "nom": "A1026", "auto": true, "z": 4.4, "saillie": 9.58}}, {"type": "Feature", "geometry": {"type": "Point", "coordinates": [-2.0794128, 48.6736012]}, "properties": {"id": "auto01027", "nom": "A1027", "auto": true, "z": 10.8, "saillie": 10.58}}, {"type": "Feature", "geometry": {"type": "Point", "coordinates": [-2.0615544, 48.6735685]}, "properties": {"id": "auto01028", "nom": "A1028", "auto": true, "z": -1.02, "saillie": 2.52}}, {"type": "Feature", "geometry": {"type": "Point", "coordinates": [-2.0625337, 48.6735629]}, "properties": {"id": "auto01029", "nom": "A1029", "auto": true, "z": -0.92, "saillie": 1.28}}, {"type": "Feature", "geometry": {"type": "Point", "coordinates": [-2.0663932, 48.6735069]}, "properties": {"id": "auto01030", "nom": "A1030", "auto": true, "z": -1.0, "saillie": 1.5}}, {"type": "Feature", "geometry": {"type": "Point", "coordinates": [-2.0547429, 48.6734974]}, "properties": {"id": "auto01031", "nom": "A1031", "auto": true, "z": 0.7, "saillie": 4.52}}, {"type": "Feature", "geometry": {"type": "Point", "coordinates": [-2.0988364, 48.673492]}, "properties": {"id": "auto01032", "nom": "A1032", "auto": true, "z": 5.7, "saillie": 12.59}}, {"type": "Feature", "geometry": {"type": "Point", "coordinates": [-1.9988366, 48.6734783]}, "properties": {"id": "auto01033", "nom": "A1033", "auto": true, "z": -1.85, "saillie": 1.82}}, {"type": "Feature", "geometry": {"type": "Point", "coordinates": [-1.9937197, 48.6734767]}, "properties": {"id": "auto01034", "nom": "A1034", "auto": true, "z": -0.96, "saillie": 1.71}}, {"type": "Feature", "geometry": {"type": "Point", "coordinates": [-2.0428181, 48.6734623]}, "properties": {"id": "auto01035", "nom": "A1035", "auto": true, "z": 1.19, "saillie": 7.52}}, {"type": "Feature", "geometry": {"type": "Point", "coordinates": [-2.0526689, 48.6734412]}, "properties": {"id": "auto01036", "nom": "A1036", "auto": true, "z": -1.18, "saillie": 1.47}}, {"type": "Feature", "geometry": {"type": "Point", "coordinates": [-1.9982875, 48.6734292]}, "properties": {"id": "auto01037", "nom": "A1037", "auto": true, "z": -1.7, "saillie": 1.77}}, {"type": "Feature", "geometry": {"type": "Point", "coordinates": [-2.0789039, 48.6734066]}, "properties": {"id": "auto01038", "nom": "A1038", "auto": true, "z": 11.51, "saillie": 10.14}}, {"type": "Feature", "geometry": {"type": "Point", "coordinates": [-1.999155, 48.6733928]}, "properties": {"id": "auto01039", "nom": "A1039", "auto": true, "z": -1.37, "saillie": 2.54}}, {"type": "Feature", "geometry": {"type": "Point", "coordinates": [-2.0434041, 48.6733293]}, "properties": {"id": "auto01040", "nom": "A1040", "auto": true, "z": 1.5, "saillie": 6.1}}, {"type": "Feature", "geometry": {"type": "Point", "coordinates": [-2.0982697, 48.6732639]}, "properties": {"id": "auto01041", "nom": "A1041", "auto": true, "z": 3.05, "saillie": 10.96}}, {"type": "Feature", "geometry": {"type": "Point", "coordinates": [-2.05031, 48.6732529]}, "properties": {"id": "auto01042", "nom": "A1042", "auto": true, "z": -2.22, "saillie": 1.14}}, {"type": "Feature", "geometry": {"type": "Point", "coordinates": [-2.0987576, 48.673243]}, "properties": {"id": "auto01043", "nom": "A1043", "auto": true, "z": 8.54, "saillie": 13.78}}, {"type": "Feature", "geometry": {"type": "Point", "coordinates": [-1.9934246, 48.6732367]}, "properties": {"id": "auto01044", "nom": "A1044", "auto": true, "z": -1.53, "saillie": 1.54}}, {"type": "Feature", "geometry": {"type": "Point", "coordinates": [-1.9995715, 48.6731951]}, "properties": {"id": "auto01045", "nom": "A1045", "auto": true, "z": -2.26, "saillie": 2.81}}, {"type": "Feature", "geometry": {"type": "Point", "coordinates": [-2.081333, 48.6731948]}, "properties": {"id": "auto01046", "nom": "A1046", "auto": true, "z": -0.07, "saillie": 9.19}}, {"type": "Feature", "geometry": {"type": "Point", "coordinates": [-2.078229, 48.673183]}, "properties": {"id": "auto01047", "nom": "A1047", "auto": true, "z": 7.52, "saillie": 12.9}}, {"type": "Feature", "geometry": {"type": "Point", "coordinates": [-2.0560128, 48.673119]}, "properties": {"id": "auto01048", "nom": "A1048", "auto": true, "z": 6.29, "saillie": 9.82}}, {"type": "Feature", "geometry": {"type": "Point", "coordinates": [-1.9945562, 48.6731171]}, "properties": {"id": "auto01049", "nom": "A1049", "auto": true, "z": -2.41, "saillie": 1.68}}, {"type": "Feature", "geometry": {"type": "Point", "coordinates": [-2.05503, 48.6730886]}, "properties": {"id": "auto01050", "nom": "A1050", "auto": true, "z": -0.24, "saillie": 2.84}}, {"type": "Feature", "geometry": {"type": "Point", "coordinates": [-1.998199, 48.6730724]}, "properties": {"id": "auto01051", "nom": "A1051", "auto": true, "z": -2.46, "saillie": 2.16}}, {"type": "Feature", "geometry": {"type": "Point", "coordinates": [-2.0423428, 48.6730498]}, "properties": {"id": "auto01052", "nom": "A1052", "auto": true, "z": 1.11, "saillie": 7.1}}, {"type": "Feature", "geometry": {"type": "Point", "coordinates": [-2.003031, 48.6729416]}, "properties": {"id": "auto01053", "nom": "A1053", "auto": true, "z": -2.32, "saillie": 3.08}}, {"type": "Feature", "geometry": {"type": "Point", "coordinates": [-2.0433659, 48.6729343]}, "properties": {"id": "auto01054", "nom": "A1054", "auto": true, "z": 3.11, "saillie": 7.68}}, {"type": "Feature", "geometry": {"type": "Point", "coordinates": [-2.0024312, 48.6729307]}, "properties": {"id": "auto01055", "nom": "A1055", "auto": true, "z": -1.11, "saillie": 2.93}}, {"type": "Feature", "geometry": {"type": "Point", "coordinates": [-2.0982854, 48.6728666]}, "properties": {"id": "auto01056", "nom": "A1056", "auto": true, "z": 2.72, "saillie": 11.07}}, {"type": "Feature", "geometry": {"type": "Point", "coordinates": [-2.0986649, 48.6728504]}, "properties": {"id": "auto01057", "nom": "A1057", "auto": true, "z": 6.1, "saillie": 10.12}}, {"type": "Feature", "geometry": {"type": "Point", "coordinates": [-2.0676351, 48.6728412]}, "properties": {"id": "auto01058", "nom": "A1058", "auto": true, "z": -0.76, "saillie": 1.74}}, {"type": "Feature", "geometry": {"type": "Point", "coordinates": [-1.9929497, 48.672824]}, "properties": {"id": "auto01059", "nom": "A1059", "auto": true, "z": -1.4, "saillie": 1.45}}, {"type": "Feature", "geometry": {"type": "Point", "coordinates": [-2.0809151, 48.672816]}, "properties": {"id": "auto01060", "nom": "A1060", "auto": true, "z": 1.2, "saillie": 6.14}}, {"type": "Feature", "geometry": {"type": "Point", "coordinates": [-2.0992035, 48.6727913]}, "properties": {"id": "auto01061", "nom": "A1061", "auto": true, "z": 11.18, "saillie": 17.19}}, {"type": "Feature", "geometry": {"type": "Point", "coordinates": [-1.9878836, 48.672784]}, "properties": {"id": "auto01062", "nom": "A1062", "auto": true, "z": 3.35, "saillie": 1.01}}, {"type": "Feature", "geometry": {"type": "Point", "coordinates": [-2.0029019, 48.6727307]}, "properties": {"id": "auto01063", "nom": "A1063", "auto": true, "z": -0.81, "saillie": 3.62}}, {"type": "Feature", "geometry": {"type": "Point", "coordinates": [-2.0801422, 48.6727048]}, "properties": {"id": "auto01064", "nom": "A1064", "auto": true, "z": 1.56, "saillie": 5.67}}, {"type": "Feature", "geometry": {"type": "Point", "coordinates": [-1.9882563, 48.6726963]}, "properties": {"id": "auto01065", "nom": "A1065", "auto": true, "z": 3.54, "saillie": 1.52}}, {"type": "Feature", "geometry": {"type": "Point", "coordinates": [-2.0568419, 48.6726872]}, "properties": {"id": "auto01066", "nom": "A1066", "auto": true, "z": 0.47, "saillie": 5.08}}, {"type": "Feature", "geometry": {"type": "Point", "coordinates": [-2.0663131, 48.6726811]}, "properties": {"id": "auto01067", "nom": "A1067", "auto": true, "z": 2.61, "saillie": 5.02}}, {"type": "Feature", "geometry": {"type": "Point", "coordinates": [-2.0025698, 48.6726726]}, "properties": {"id": "auto01068", "nom": "A1068", "auto": true, "z": -0.42, "saillie": 3.08}}, {"type": "Feature", "geometry": {"type": "Point", "coordinates": [-2.0754013, 48.6726546]}, "properties": {"id": "auto01069", "nom": "A1069", "auto": true, "z": 0.93, "saillie": 11.61}}, {"type": "Feature", "geometry": {"type": "Point", "coordinates": [-2.2933278, 48.6726474]}, "properties": {"id": "auto01070", "nom": "A1070", "auto": true, "z": 2.94, "saillie": 18.54}}, {"type": "Feature", "geometry": {"type": "Point", "coordinates": [-2.0812229, 48.6726226]}, "properties": {"id": "auto01071", "nom": "A1071", "auto": true, "z": 3.08, "saillie": 8.71}}, {"type": "Feature", "geometry": {"type": "Point", "coordinates": [-2.0558557, 48.6726209]}, "properties": {"id": "auto01072", "nom": "A1072", "auto": true, "z": 2.92, "saillie": 6.37}}, {"type": "Feature", "geometry": {"type": "Point", "coordinates": [-2.0805147, 48.6726168]}, "properties": {"id": "auto01073", "nom": "A1073", "auto": true, "z": 1.69, "saillie": 4.98}}, {"type": "Feature", "geometry": {"type": "Point", "coordinates": [-2.0424638, 48.672612]}, "properties": {"id": "auto01074", "nom": "A1074", "auto": true, "z": 1.58, "saillie": 6.06}}, {"type": "Feature", "geometry": {"type": "Point", "coordinates": [-2.0430602, 48.6725867]}, "properties": {"id": "auto01075", "nom": "A1075", "auto": true, "z": 3.64, "saillie": 6.29}}, {"type": "Feature", "geometry": {"type": "Point", "coordinates": [-2.0518231, 48.6725758]}, "properties": {"id": "auto01076", "nom": "A1076", "auto": true, "z": -0.04, "saillie": 2.21}}, {"type": "Feature", "geometry": {"type": "Point", "coordinates": [-2.0998872, 48.6725456]}, "properties": {"id": "auto01077", "nom": "A1077", "auto": true, "z": 6.98, "saillie": 12.36}}, {"type": "Feature", "geometry": {"type": "Point", "coordinates": [-2.0034811, 48.6725261]}, "properties": {"id": "auto01078", "nom": "A1078", "auto": true, "z": -1.73, "saillie": 3.75}}, {"type": "Feature", "geometry": {"type": "Point", "coordinates": [-2.0030439, 48.6725084]}, "properties": {"id": "auto01079", "nom": "A1079", "auto": true, "z": -0.11, "saillie": 3.83}}, {"type": "Feature", "geometry": {"type": "Point", "coordinates": [-2.05655, 48.6724833]}, "properties": {"id": "auto01080", "nom": "A1080", "auto": true, "z": 2.14, "saillie": 5.97}}, {"type": "Feature", "geometry": {"type": "Point", "coordinates": [-2.0632966, 48.6724489]}, "properties": {"id": "auto01081", "nom": "A1081", "auto": true, "z": -0.17, "saillie": 1.7}}, {"type": "Feature", "geometry": {"type": "Point", "coordinates": [-2.0672138, 48.6724265]}, "properties": {"id": "auto01082", "nom": "A1082", "auto": true, "z": 1.52, "saillie": 3.63}}, {"type": "Feature", "geometry": {"type": "Point", "coordinates": [-2.0655263, 48.6724262]}, "properties": {"id": "auto01083", "nom": "A1083", "auto": true, "z": 4.33, "saillie": 4.83}}, {"type": "Feature", "geometry": {"type": "Point", "coordinates": [-2.0807105, 48.6723921]}, "properties": {"id": "auto01084", "nom": "A1084", "auto": true, "z": 2.63, "saillie": 4.08}}, {"type": "Feature", "geometry": {"type": "Point", "coordinates": [-2.0522937, 48.6723756]}, "properties": {"id": "auto01085", "nom": "A1085", "auto": true, "z": -0.12, "saillie": 1.75}}, {"type": "Feature", "geometry": {"type": "Point", "coordinates": [-2.0661191, 48.6723649]}, "properties": {"id": "auto01086", "nom": "A1086", "auto": true, "z": 2.99, "saillie": 2.6}}, {"type": "Feature", "geometry": {"type": "Point", "coordinates": [-2.0799446, 48.6723527]}, "properties": {"id": "auto01087", "nom": "A1087", "auto": true, "z": 1.41, "saillie": 2.4}}, {"type": "Feature", "geometry": {"type": "Point", "coordinates": [-1.988493, 48.6723258]}, "properties": {"id": "auto01088", "nom": "A1088", "auto": true, "z": 4.06, "saillie": 1.87}}, {"type": "Feature", "geometry": {"type": "Point", "coordinates": [-2.0664951, 48.6723129]}, "properties": {"id": "auto01089", "nom": "A1089", "auto": true, "z": 4.14, "saillie": 5.05}}, {"type": "Feature", "geometry": {"type": "Point", "coordinates": [-2.0514159, 48.6723046]}, "properties": {"id": "auto01090", "nom": "A1090", "auto": true, "z": -1.61, "saillie": 1.06}}, {"type": "Feature", "geometry": {"type": "Point", "coordinates": [-2.0606124, 48.6722746]}, "properties": {"id": "auto01091", "nom": "A1091", "auto": true, "z": -1.57, "saillie": 1.12}}, {"type": "Feature", "geometry": {"type": "Point", "coordinates": [-2.0803713, 48.6722624]}, "properties": {"id": "auto01092", "nom": "A1092", "auto": true, "z": 3.82, "saillie": 5.17}}, {"type": "Feature", "geometry": {"type": "Point", "coordinates": [-2.0033994, 48.6722411]}, "properties": {"id": "auto01093", "nom": "A1093", "auto": true, "z": -2.09, "saillie": 3.03}}, {"type": "Feature", "geometry": {"type": "Point", "coordinates": [-1.9940875, 48.6721995]}, "properties": {"id": "auto01094", "nom": "A1094", "auto": true, "z": -1.97, "saillie": 1.46}}, {"type": "Feature", "geometry": {"type": "Point", "coordinates": [-2.0830311, 48.6721849]}, "properties": {"id": "auto01095", "nom": "A1095", "auto": true, "z": -2.29, "saillie": 8.4}}, {"type": "Feature", "geometry": {"type": "Point", "coordinates": [-2.1002858, 48.672168]}, "properties": {"id": "auto01096", "nom": "A1096", "auto": true, "z": -1.94, "saillie": 5.5}}, {"type": "Feature", "geometry": {"type": "Point", "coordinates": [-2.0522728, 48.6721601]}, "properties": {"id": "auto01097", "nom": "A1097", "auto": true, "z": -0.18, "saillie": 1.13}}, {"type": "Feature", "geometry": {"type": "Point", "coordinates": [-1.9935384, 48.6721504]}, "properties": {"id": "auto01098", "nom": "A1098", "auto": true, "z": -2.22, "saillie": 1.09}}, {"type": "Feature", "geometry": {"type": "Point", "coordinates": [-2.0835155, 48.6721281]}, "properties": {"id": "auto01099", "nom": "A1099", "auto": true, "z": -0.29, "saillie": 11.75}}, {"type": "Feature", "geometry": {"type": "Point", "coordinates": [-2.0056187, 48.6721118]}, "properties": {"id": "auto01100", "nom": "A1100", "auto": true, "z": -1.53, "saillie": 4.09}}, {"type": "Feature", "geometry": {"type": "Point", "coordinates": [-2.0065438, 48.672109]}, "properties": {"id": "auto01101", "nom": "A1101", "auto": true, "z": 3.63, "saillie": 7.38}}, {"type": "Feature", "geometry": {"type": "Point", "coordinates": [-2.0814993, 48.6721061]}, "properties": {"id": "auto01102", "nom": "A1102", "auto": true, "z": 1.11, "saillie": 8.4}}, {"type": "Feature", "geometry": {"type": "Point", "coordinates": [-2.0731159, 48.672103]}, "properties": {"id": "auto01103", "nom": "A1103", "auto": true, "z": -1.4, "saillie": 5.1}}, {"type": "Feature", "geometry": {"type": "Point", "coordinates": [-2.0031619, 48.6720348]}, "properties": {"id": "auto01104", "nom": "A1104", "auto": true, "z": -1.54, "saillie": 3.07}}, {"type": "Feature", "geometry": {"type": "Point", "coordinates": [-2.0554171, 48.6720267]}, "properties": {"id": "auto01105", "nom": "A1105", "auto": true, "z": 0.43, "saillie": 3.46}}, {"type": "Feature", "geometry": {"type": "Point", "coordinates": [-2.0425133, 48.671997]}, "properties": {"id": "auto01106", "nom": "A1106", "auto": true, "z": 0.89, "saillie": 3.85}}, {"type": "Feature", "geometry": {"type": "Point", "coordinates": [-2.0025044, 48.6719903]}, "properties": {"id": "auto01107", "nom": "A1107", "auto": true, "z": 1.14, "saillie": 4.95}}, {"type": "Feature", "geometry": {"type": "Point", "coordinates": [-2.0430012, 48.6719764]}, "properties": {"id": "auto01108", "nom": "A1108", "auto": true, "z": 3.63, "saillie": 6.92}}, {"type": "Feature", "geometry": {"type": "Point", "coordinates": [-2.0788727, 48.6719658]}, "properties": {"id": "auto01109", "nom": "A1109", "auto": true, "z": 3.09, "saillie": 5.74}}, {"type": "Feature", "geometry": {"type": "Point", "coordinates": [-2.0557896, 48.6719387]}, "properties": {"id": "auto01110", "nom": "A1110", "auto": true, "z": 0.83, "saillie": 3.82}}, {"type": "Feature", "geometry": {"type": "Point", "coordinates": [-2.0796859, 48.6719311]}, "properties": {"id": "auto01111", "nom": "A1111", "auto": true, "z": 3.75, "saillie": 3.17}}, {"type": "Feature", "geometry": {"type": "Point", "coordinates": [-2.0960661, 48.67188]}, "properties": {"id": "auto01112", "nom": "A1112", "auto": true, "z": 0.5, "saillie": 9.23}}, {"type": "Feature", "geometry": {"type": "Point", "coordinates": [-2.0840804, 48.6717795]}, "properties": {"id": "auto01113", "nom": "A1113", "auto": true, "z": 5.93, "saillie": 18.14}}, {"type": "Feature", "geometry": {"type": "Point", "coordinates": [-2.0070007, 48.6717653]}, "properties": {"id": "auto01114", "nom": "A1114", "auto": true, "z": -0.96, "saillie": 2.3}}, {"type": "Feature", "geometry": {"type": "Point", "coordinates": [-2.0833145, 48.6717401]}, "properties": {"id": "auto01115", "nom": "A1115", "auto": true, "z": 6.36, "saillie": 9.49}}, {"type": "Feature", "geometry": {"type": "Point", "coordinates": [-2.0546269, 48.6717357]}, "properties": {"id": "auto01116", "nom": "A1116", "auto": true, "z": 1.47, "saillie": 3.85}}, {"type": "Feature", "geometry": {"type": "Point", "coordinates": [-2.0837446, 48.6716857]}, "properties": {"id": "auto01117", "nom": "A1117", "auto": true, "z": 6.43, "saillie": 11.69}}, {"type": "Feature", "geometry": {"type": "Point", "coordinates": [-2.0729656, 48.6716768]}, "properties": {"id": "auto01118", "nom": "A1118", "auto": true, "z": -0.17, "saillie": 6.2}}, {"type": "Feature", "geometry": {"type": "Point", "coordinates": [-2.0790074, 48.6716716]}, "properties": {"id": "auto01119", "nom": "A1119", "auto": true, "z": 7.05, "saillie": 5.18}}, {"type": "Feature", "geometry": {"type": "Point", "coordinates": [-2.0809117, 48.6716624]}, "properties": {"id": "auto01120", "nom": "A1120", "auto": true, "z": 2.39, "saillie": 5.52}}, {"type": "Feature", "geometry": {"type": "Point", "coordinates": [-2.0062822, 48.6716513]}, "properties": {"id": "auto01121", "nom": "A1121", "auto": true, "z": 4.07, "saillie": 6.75}}, {"type": "Feature", "geometry": {"type": "Point", "coordinates": [-2.0745412, 48.6716457]}, "properties": {"id": "auto01122", "nom": "A1122", "auto": true, "z": 1.28, "saillie": 10.66}}, {"type": "Feature", "geometry": {"type": "Point", "coordinates": [-2.0423702, 48.6716426]}, "properties": {"id": "auto01123", "nom": "A1123", "auto": true, "z": 2.64, "saillie": 5.6}}, {"type": "Feature", "geometry": {"type": "Point", "coordinates": [-2.0447083, 48.6716156]}, "properties": {"id": "auto01124", "nom": "A1124", "auto": true, "z": -1.45, "saillie": 2.96}}, {"type": "Feature", "geometry": {"type": "Point", "coordinates": [-2.0054621, 48.6716137]}, "properties": {"id": "auto01125", "nom": "A1125", "auto": true, "z": -2.23, "saillie": 2.46}}, {"type": "Feature", "geometry": {"type": "Point", "coordinates": [-2.0541216, 48.6715769]}, "properties": {"id": "auto01126", "nom": "A1126", "auto": true, "z": 1.51, "saillie": 3.38}}, {"type": "Feature", "geometry": {"type": "Point", "coordinates": [-2.0826972, 48.6715502]}, "properties": {"id": "auto01127", "nom": "A1127", "auto": true, "z": 0.72, "saillie": 7.87}}, {"type": "Feature", "geometry": {"type": "Point", "coordinates": [-2.0530269, 48.6715152]}, "properties": {"id": "auto01128", "nom": "A1128", "auto": true, "z": 2.95, "saillie": 4.34}}, {"type": "Feature", "geometry": {"type": "Point", "coordinates": [-2.0650021, 48.6715111]}, "properties": {"id": "auto01129", "nom": "A1129", "auto": true, "z": 3.06, "saillie": 4.37}}, {"type": "Feature", "geometry": {"type": "Point", "coordinates": [-2.00719, 48.6714689]}, "properties": {"id": "auto01130", "nom": "A1130", "auto": true, "z": -1.37, "saillie": 2.32}}, {"type": "Feature", "geometry": {"type": "Point", "coordinates": [-1.9945067, 48.6714609]}, "properties": {"id": "auto01131", "nom": "A1131", "auto": true, "z": -1.74, "saillie": 1.2}}, {"type": "Feature", "geometry": {"type": "Point", "coordinates": [-1.9913486, 48.6714491]}, "properties": {"id": "auto01132", "nom": "A1132", "auto": true, "z": 0.28, "saillie": 1.15}}, {"type": "Feature", "geometry": {"type": "Point", "coordinates": [-2.080291, 48.6714366]}, "properties": {"id": "auto01133", "nom": "A1133", "auto": true, "z": 2.35, "saillie": 3.69}}, {"type": "Feature", "geometry": {"type": "Point", "coordinates": [-2.0418039, 48.6714142]}, "properties": {"id": "auto01134", "nom": "A1134", "auto": true, "z": 1.36, "saillie": 5.87}}, {"type": "Feature", "geometry": {"type": "Point", "coordinates": [-2.0743541, 48.6714013]}, "properties": {"id": "auto01135", "nom": "A1135", "auto": true, "z": 1.16, "saillie": 11.1}}, {"type": "Feature", "geometry": {"type": "Point", "coordinates": [-2.042346, 48.6713912]}, "properties": {"id": "auto01136", "nom": "A1136", "auto": true, "z": 2.14, "saillie": 4.77}}, {"type": "Feature", "geometry": {"type": "Point", "coordinates": [-2.0835471, 48.6713336]}, "properties": {"id": "auto01137", "nom": "A1137", "auto": true, "z": 8.58, "saillie": 11.46}}, {"type": "Feature", "geometry": {"type": "Point", "coordinates": [-2.0540431, 48.6713279]}, "properties": {"id": "auto01138", "nom": "A1138", "auto": true, "z": 1.94, "saillie": 3.22}}, {"type": "Feature", "geometry": {"type": "Point", "coordinates": [-2.0062985, 48.671254]}, "properties": {"id": "auto01139", "nom": "A1139", "auto": true, "z": 1.24, "saillie": 3.31}}, {"type": "Feature", "geometry": {"type": "Point", "coordinates": [-2.072978, 48.6712436]}, "properties": {"id": "auto01140", "nom": "A1140", "auto": true, "z": 0.29, "saillie": 7.24}}, {"type": "Feature", "geometry": {"type": "Point", "coordinates": [-2.0654079, 48.6712054]}, "properties": {"id": "auto01141", "nom": "A1141", "auto": true, "z": 3.72, "saillie": 5.1}}, {"type": "Feature", "geometry": {"type": "Point", "coordinates": [-2.0790704, 48.6712002]}, "properties": {"id": "auto01142", "nom": "A1142", "auto": true, "z": 6.69, "saillie": 7.54}}, {"type": "Feature", "geometry": {"type": "Point", "coordinates": [-2.0454833, 48.6711862]}, "properties": {"id": "auto01143", "nom": "A1143", "auto": true, "z": -1.82, "saillie": 1.45}}, {"type": "Feature", "geometry": {"type": "Point", "coordinates": [-2.0786332, 48.6711828]}, "properties": {"id": "auto01144", "nom": "A1144", "auto": true, "z": 5.27, "saillie": 7.03}}, {"type": "Feature", "geometry": {"type": "Point", "coordinates": [-2.0813, 48.6711772]}, "properties": {"id": "auto01145", "nom": "A1145", "auto": true, "z": 3.93, "saillie": 7.29}}, {"type": "Feature", "geometry": {"type": "Point", "coordinates": [-2.0066169, 48.6711686]}, "properties": {"id": "auto01146", "nom": "A1146", "auto": true, "z": 1.93, "saillie": 4.48}}, {"type": "Feature", "geometry": {"type": "Point", "coordinates": [-2.0532633, 48.6711447]}, "properties": {"id": "auto01147", "nom": "A1147", "auto": true, "z": 4.65, "saillie": 5.85}}, {"type": "Feature", "geometry": {"type": "Point", "coordinates": [-2.08233, 48.6711332]}, "properties": {"id": "auto01148", "nom": "A1148", "auto": true, "z": 1.67, "saillie": 6.26}}, {"type": "Feature", "geometry": {"type": "Point", "coordinates": [-1.9913719, 48.6711237]}, "properties": {"id": "auto01149", "nom": "A1149", "auto": true, "z": 0.62, "saillie": 1.2}}, {"type": "Feature", "geometry": {"type": "Point", "coordinates": [-2.0804764, 48.6711042]}, "properties": {"id": "auto01150", "nom": "A1150", "auto": true, "z": 1.98, "saillie": 2.29}}, {"type": "Feature", "geometry": {"type": "Point", "coordinates": [-2.0059018, 48.6710905]}, "properties": {"id": "auto01151", "nom": "A1151", "auto": true, "z": 0.82, "saillie": 4.61}}, {"type": "Feature", "geometry": {"type": "Point", "coordinates": [-2.0634896, 48.6710707]}, "properties": {"id": "auto01152", "nom": "A1152", "auto": true, "z": 4.9, "saillie": 7.19}}, {"type": "Feature", "geometry": {"type": "Point", "coordinates": [-2.0539611, 48.6710429]}, "properties": {"id": "auto01153", "nom": "A1153", "auto": true, "z": 5.04, "saillie": 6.09}}, {"type": "Feature", "geometry": {"type": "Point", "coordinates": [-2.0674032, 48.6710124]}, "properties": {"id": "auto01154", "nom": "A1154", "auto": true, "z": -2.32, "saillie": 1.18}}, {"type": "Feature", "geometry": {"type": "Point", "coordinates": [-2.0505284, 48.6710084]}, "properties": {"id": "auto01155", "nom": "A1155", "auto": true, "z": -1.03, "saillie": 2.88}}, {"type": "Feature", "geometry": {"type": "Point", "coordinates": [-2.0423078, 48.6709963]}, "properties": {"id": "auto01156", "nom": "A1156", "auto": true, "z": 4.53, "saillie": 7.08}}, {"type": "Feature", "geometry": {"type": "Point", "coordinates": [-2.0629913, 48.6709837]}, "properties": {"id": "auto01157", "nom": "A1157", "auto": true, "z": 3.28, "saillie": 4.2}}, {"type": "Feature", "geometry": {"type": "Point", "coordinates": [-2.0534051, 48.6709223]}, "properties": {"id": "auto01158", "nom": "A1158", "auto": true, "z": 3.46, "saillie": 4.92}}, {"type": "Feature", "geometry": {"type": "Point", "coordinates": [-2.0722926, 48.6709123]}, "properties": {"id": "auto01159", "nom": "A1159", "auto": true, "z": 0.53, "saillie": 7.77}}, {"type": "Feature", "geometry": {"type": "Point", "coordinates": [-2.0427888, 48.6709038]}, "properties": {"id": "auto01160", "nom": "A1160", "auto": true, "z": 2.37, "saillie": 5.32}}, {"type": "Feature", "geometry": {"type": "Point", "coordinates": [-2.0810552, 48.6708992]}, "properties": {"id": "auto01161", "nom": "A1161", "auto": true, "z": 5.37, "saillie": 5.66}}, {"type": "Feature", "geometry": {"type": "Point", "coordinates": [-2.0500266, 48.6708854]}, "properties": {"id": "auto01162", "nom": "A1162", "auto": true, "z": -1.15, "saillie": 3.45}}, {"type": "Feature", "geometry": {"type": "Point", "coordinates": [-2.0797472, 48.6708829]}, "properties": {"id": "auto01163", "nom": "A1163", "auto": true, "z": 2.96, "saillie": 3.91}}, {"type": "Feature", "geometry": {"type": "Point", "coordinates": [-2.0789306, 48.6708817]}, "properties": {"id": "auto01164", "nom": "A1164", "auto": true, "z": 4.26, "saillie": 5.08}}, {"type": "Feature", "geometry": {"type": "Point", "coordinates": [-2.0659186, 48.6708592]}, "properties": {"id": "auto01165", "nom": "A1165", "auto": true, "z": 1.97, "saillie": 3.52}}, {"type": "Feature", "geometry": {"type": "Point", "coordinates": [-2.0729396, 48.6708487]}, "properties": {"id": "auto01166", "nom": "A1166", "auto": true, "z": 0.24, "saillie": 6.02}}, {"type": "Feature", "geometry": {"type": "Point", "coordinates": [-2.0817022, 48.6708355]}, "properties": {"id": "auto01167", "nom": "A1167", "auto": true, "z": 2.45, "saillie": 5.69}}, {"type": "Feature", "geometry": {"type": "Point", "coordinates": [-2.0836608, 48.670824]}, "properties": {"id": "auto01168", "nom": "A1168", "auto": true, "z": 5.91, "saillie": 11.01}}, {"type": "Feature", "geometry": {"type": "Point", "coordinates": [-2.0831694, 48.670809]}, "properties": {"id": "auto01169", "nom": "A1169", "auto": true, "z": 9.22, "saillie": 8.74}}, {"type": "Feature", "geometry": {"type": "Point", "coordinates": [-2.0552955, 48.67077]}, "properties": {"id": "auto01170", "nom": "A1170", "auto": true, "z": 0.14, "saillie": 1.0}}, {"type": "Feature", "geometry": {"type": "Point", "coordinates": [-2.080062, 48.6707613]}, "properties": {"id": "auto01171", "nom": "A1171", "auto": true, "z": 4.56, "saillie": 4.3}}, {"type": "Feature", "geometry": {"type": "Point", "coordinates": [-2.0631873, 48.6707591]}, "properties": {"id": "auto01172", "nom": "A1172", "auto": true, "z": 3.08, "saillie": 2.48}}, {"type": "Feature", "geometry": {"type": "Point", "coordinates": [-2.0784252, 48.670723]}, "properties": {"id": "auto01173", "nom": "A1173", "auto": true, "z": 3.9, "saillie": 8.51}}, {"type": "Feature", "geometry": {"type": "Point", "coordinates": [-2.0677006, 48.6707113]}, "properties": {"id": "auto01174", "nom": "A1174", "auto": true, "z": -2.22, "saillie": 2.02}}, {"type": "Feature", "geometry": {"type": "Point", "coordinates": [-2.0732509, 48.6706912]}, "properties": {"id": "auto01175", "nom": "A1175", "auto": true, "z": 2.34, "saillie": 11.21}}, {"type": "Feature", "geometry": {"type": "Point", "coordinates": [-2.0810343, 48.6706838]}, "properties": {"id": "auto01176", "nom": "A1176", "auto": true, "z": 4.37, "saillie": 2.66}}, {"type": "Feature", "geometry": {"type": "Point", "coordinates": [-2.0088018, 48.6706801]}, "properties": {"id": "auto01177", "nom": "A1177", "auto": true, "z": -2.24, "saillie": 2.67}}, {"type": "Feature", "geometry": {"type": "Point", "coordinates": [-2.0618723, 48.6706708]}, "properties": {"id": "auto01178", "nom": "A1178", "auto": true, "z": 1.98, "saillie": 2.91}}, {"type": "Feature", "geometry": {"type": "Point", "coordinates": [-2.0439064, 48.6706401]}, "properties": {"id": "auto01179", "nom": "A1179", "auto": true, "z": -0.03, "saillie": 4.33}}, {"type": "Feature", "geometry": {"type": "Point", "coordinates": [-2.0661146, 48.6706346]}, "properties": {"id": "auto01180", "nom": "A1180", "auto": true, "z": 1.69, "saillie": 4.19}}, {"type": "Feature", "geometry": {"type": "Point", "coordinates": [-2.0721563, 48.6706297]}, "properties": {"id": "auto01181", "nom": "A1181", "auto": true, "z": 0.28, "saillie": 7.22}}, {"type": "Feature", "geometry": {"type": "Point", "coordinates": [-2.0539736, 48.6706098]}, "properties": {"id": "auto01182", "nom": "A1182", "auto": true, "z": 1.76, "saillie": 3.1}}, {"type": "Feature", "geometry": {"type": "Point", "coordinates": [-2.0806443, 48.6705923]}, "properties": {"id": "auto01183", "nom": "A1183", "auto": true, "z": 7.24, "saillie": 5.69}}, {"type": "Feature", "geometry": {"type": "Point", "coordinates": [-2.0632206, 48.6705414]}, "properties": {"id": "auto01184", "nom": "A1184", "auto": true, "z": 3.57, "saillie": 4.12}}, {"type": "Feature", "geometry": {"type": "Point", "coordinates": [-2.0473794, 48.670529]}, "properties": {"id": "auto01185", "nom": "A1185", "auto": true, "z": -2.07, "saillie": 1.07}}, {"type": "Feature", "geometry": {"type": "Point", "coordinates": [-2.0831956, 48.6705194]}, "properties": {"id": "auto01186", "nom": "A1186", "auto": true, "z": 10.71, "saillie": 11.75}}, {"type": "Feature", "geometry": {"type": "Point", "coordinates": [-2.0625631, 48.6704972]}, "properties": {"id": "auto01187", "nom": "A1187", "auto": true, "z": 3.89, "saillie": 3.99}}, {"type": "Feature", "geometry": {"type": "Point", "coordinates": [-2.0824297, 48.67048]}, "properties": {"id": "auto01188", "nom": "A1188", "auto": true, "z": 9.81, "saillie": 8.71}}, {"type": "Feature", "geometry": {"type": "Point", "coordinates": [-2.041768, 48.6704783]}, "properties": {"id": "auto01189", "nom": "A1189", "auto": true, "z": 1.21, "saillie": 5.81}}, {"type": "Feature", "geometry": {"type": "Point", "coordinates": [-2.0640845, 48.6704686]}, "properties": {"id": "auto01190", "nom": "A1190", "auto": true, "z": 2.24, "saillie": 4.5}}, {"type": "Feature", "geometry": {"type": "Point", "coordinates": [-2.0637015, 48.6704488]}, "properties": {"id": "auto01191", "nom": "A1191", "auto": true, "z": 2.26, "saillie": 3.7}}, {"type": "Feature", "geometry": {"type": "Point", "coordinates": [-2.06136, 48.6704402]}, "properties": {"id": "auto01192", "nom": "A1192", "auto": true, "z": 2.17, "saillie": 3.27}}, {"type": "Feature", "geometry": {"type": "Point", "coordinates": [-2.0659311, 48.6704261]}, "properties": {"id": "auto01193", "nom": "A1193", "auto": true, "z": 1.81, "saillie": 4.53}}, {"type": "Feature", "geometry": {"type": "Point", "coordinates": [-2.079756, 48.6704138]}, "properties": {"id": "auto01194", "nom": "A1194", "auto": true, "z": 4.43, "saillie": 2.43}}, {"type": "Feature", "geometry": {"type": "Point", "coordinates": [-2.0818195, 48.6703618]}, "properties": {"id": "auto01195", "nom": "A1195", "auto": true, "z": 5.41, "saillie": 3.37}}, {"type": "Feature", "geometry": {"type": "Point", "coordinates": [-2.0428994, 48.6703583]}, "properties": {"id": "auto01196", "nom": "A1196", "auto": true, "z": -1.93, "saillie": 2.68}}, {"type": "Feature", "geometry": {"type": "Point", "coordinates": [-2.0080626, 48.6703507]}, "properties": {"id": "auto01197", "nom": "A1197", "auto": true, "z": -1.69, "saillie": 2.68}}, {"type": "Feature", "geometry": {"type": "Point", "coordinates": [-2.0495374, 48.6703293]}, "properties": {"id": "auto01198", "nom": "A1198", "auto": true, "z": -0.96, "saillie": 1.16}}, {"type": "Feature", "geometry": {"type": "Point", "coordinates": [-2.0793119, 48.6703246]}, "properties": {"id": "auto01199", "nom": "A1199", "auto": true, "z": 5.92, "saillie": 4.77}}, {"type": "Feature", "geometry": {"type": "Point", "coordinates": [-2.0683705, 48.6703222]}, "properties": {"id": "auto01200", "nom": "A1200", "auto": true, "z": 0.61, "saillie": 4.69}}, {"type": "Feature", "geometry": {"type": "Point", "coordinates": [-2.0717961, 48.6702845]}, "properties": {"id": "auto01201", "nom": "A1201", "auto": true, "z": -0.41, "saillie": 6.87}}, {"type": "Feature", "geometry": {"type": "Point", "coordinates": [-2.0829543, 48.6702773]}, "properties": {"id": "auto01202", "nom": "A1202", "auto": true, "z": 11.17, "saillie": 10.31}}, {"type": "Feature", "geometry": {"type": "Point", "coordinates": [-2.0671674, 48.6702653]}, "properties": {"id": "auto01203", "nom": "A1203", "auto": true, "z": -2.11, "saillie": 1.92}}, {"type": "Feature", "geometry": {"type": "Point", "coordinates": [-1.9913438, 48.6702596]}, "properties": {"id": "auto01204", "nom": "A1204", "auto": true, "z": 1.07, "saillie": 1.13}}, {"type": "Feature", "geometry": {"type": "Point", "coordinates": [-2.043543, 48.670259]}, "properties": {"id": "auto01205", "nom": "A1205", "auto": true, "z": 2.72, "saillie": 7.36}}, {"type": "Feature", "geometry": {"type": "Point", "coordinates": [-2.0802841, 48.6702471]}, "properties": {"id": "auto01206", "nom": "A1206", "auto": true, "z": 5.16, "saillie": 3.9}}, {"type": "Feature", "geometry": {"type": "Point", "coordinates": [-2.0628098, 48.6702344]}, "properties": {"id": "auto01207", "nom": "A1207", "auto": true, "z": 6.7, "saillie": 7.35}}, {"type": "Feature", "geometry": {"type": "Point", "coordinates": [-2.0658018, 48.6702152]}, "properties": {"id": "auto01208", "nom": "A1208", "auto": true, "z": 1.28, "saillie": 4.11}}, {"type": "Feature", "geometry": {"type": "Point", "coordinates": [-2.0675976, 48.6702109]}, "properties": {"id": "auto01209", "nom": "A1209", "auto": true, "z": -1.46, "saillie": 2.56}}, {"type": "Feature", "geometry": {"type": "Point", "coordinates": [-2.0618813, 48.6702017]}, "properties": {"id": "auto01210", "nom": "A1210", "auto": true, "z": 2.78, "saillie": 1.98}}, {"type": "Feature", "geometry": {"type": "Point", "coordinates": [-2.0798977, 48.6701915]}, "properties": {"id": "auto01211", "nom": "A1211", "auto": true, "z": 5.64, "saillie": 4.83}}, {"type": "Feature", "geometry": {"type": "Point", "coordinates": [-2.0807108, 48.6701568]}, "properties": {"id": "auto01212", "nom": "A1212", "auto": true, "z": 4.83, "saillie": 3.12}}, {"type": "Feature", "geometry": {"type": "Point", "coordinates": [-2.0613864, 48.6701507]}, "properties": {"id": "auto01213", "nom": "A1213", "auto": true, "z": 3.7, "saillie": 4.35}}, {"type": "Feature", "geometry": {"type": "Point", "coordinates": [-2.2819077, 48.6700896]}, "properties": {"id": "auto01214", "nom": "A1214", "auto": true, "z": 2.1, "saillie": 10.84}}, {"type": "Feature", "geometry": {"type": "Point", "coordinates": [-2.0679124, 48.6700894]}, "properties": {"id": "auto01215", "nom": "A1215", "auto": true, "z": -1.12, "saillie": 3.79}}, {"type": "Feature", "geometry": {"type": "Point", "coordinates": [-2.0684003, 48.6700686]}, "properties": {"id": "auto01216", "nom": "A1216", "auto": true, "z": 0.96, "saillie": 5.87}}, {"type": "Feature", "geometry": {"type": "Point", "coordinates": [-2.0815712, 48.670048]}, "properties": {"id": "auto01217", "nom": "A1217", "auto": true, "z": 6.62, "saillie": 8.22}}, {"type": "Feature", "geometry": {"type": "Point", "coordinates": [-2.0648016, 48.6700054]}, "properties": {"id": "auto01218", "nom": "A1218", "auto": true, "z": 0.11, "saillie": 2.67}}, {"type": "Feature", "geometry": {"type": "Point", "coordinates": [-2.2837469, 48.6699719]}, "properties": {"id": "auto01219", "nom": "A1219", "auto": true, "z": 0.82, "saillie": 10.46}}, {"type": "Feature", "geometry": {"type": "Point", "coordinates": [-2.0436779, 48.6699648]}, "properties": {"id": "auto01220", "nom": "A1220", "auto": true, "z": 1.79, "saillie": 5.81}}, {"type": "Feature", "geometry": {"type": "Point", "coordinates": [-2.0828687, 48.6699565]}, "properties": {"id": "auto01221", "nom": "A1221", "auto": true, "z": 10.42, "saillie": 12.79}}, {"type": "Feature", "geometry": {"type": "Point", "coordinates": [-2.0805272, 48.6699483]}, "properties": {"id": "auto01222", "nom": "A1222", "auto": true, "z": 3.97, "saillie": 3.92}}, {"type": "Feature", "geometry": {"type": "Point", "coordinates": [-2.0723068, 48.6699383]}, "properties": {"id": "auto01223", "nom": "A1223", "auto": true, "z": 4.43, "saillie": 12.78}}, {"type": "Feature", "geometry": {"type": "Point", "coordinates": [-2.0073131, 48.6699135]}, "properties": {"id": "auto01224", "nom": "A1224", "auto": true, "z": -2.2, "saillie": 1.98}}, {"type": "Feature", "geometry": {"type": "Point", "coordinates": [-2.0618465, 48.6698427]}, "properties": {"id": "auto01225", "nom": "A1225", "auto": true, "z": 3.39, "saillie": 3.55}}, {"type": "Feature", "geometry": {"type": "Point", "coordinates": [-2.2823701, 48.6698167]}, "properties": {"id": "auto01226", "nom": "A1226", "auto": true, "z": 1.41, "saillie": 7.9}}, {"type": "Feature", "geometry": {"type": "Point", "coordinates": [-2.0783345, 48.6697895]}, "properties": {"id": "auto01227", "nom": "A1227", "auto": true, "z": 0.65, "saillie": 4.2}}, {"type": "Feature", "geometry": {"type": "Point", "coordinates": [-2.06146, 48.669787]}, "properties": {"id": "auto01228", "nom": "A1228", "auto": true, "z": 4.95, "saillie": 5.64}}, {"type": "Feature", "geometry": {"type": "Point", "coordinates": [-2.0452361, 48.6697546]}, "properties": {"id": "auto01229", "nom": "A1229", "auto": true, "z": 4.3, "saillie": 7.89}}, {"type": "Feature", "geometry": {"type": "Point", "coordinates": [-2.0826851, 48.669748]}, "properties": {"id": "auto01230", "nom": "A1230", "auto": true, "z": 8.83, "saillie": 14.29}}, {"type": "Feature", "geometry": {"type": "Point", "coordinates": [-2.0069706, 48.6697477]}, "properties": {"id": "auto01231", "nom": "A1231", "auto": true, "z": -2.22, "saillie": 2.24}}, {"type": "Feature", "geometry": {"type": "Point", "coordinates": [-2.0624358, 48.6697455]}, "properties": {"id": "auto01232", "nom": "A1232", "auto": true, "z": 1.97, "saillie": 3.31}}, {"type": "Feature", "geometry": {"type": "Point", "coordinates": [-2.0809365, 48.6696785]}, "properties": {"id": "auto01233", "nom": "A1233", "auto": true, "z": 1.19, "saillie": 7.5}}, {"type": "Feature", "geometry": {"type": "Point", "coordinates": [-2.0075058, 48.6696531]}, "properties": {"id": "auto01234", "nom": "A1234", "auto": true, "z": -2.23, "saillie": 2.11}}, {"type": "Feature", "geometry": {"type": "Point", "coordinates": [-2.0094101, 48.6696451]}, "properties": {"id": "auto01235", "nom": "A1235", "auto": true, "z": -2.0, "saillie": 3.59}}, {"type": "Feature", "geometry": {"type": "Point", "coordinates": [-1.9976523, 48.6696345]}, "properties": {"id": "auto01236", "nom": "A1236", "auto": true, "z": -2.07, "saillie": 1.04}}, {"type": "Feature", "geometry": {"type": "Point", "coordinates": [-2.2840394, 48.6696344]}, "properties": {"id": "auto01237", "nom": "A1237", "auto": true, "z": 2.62, "saillie": 8.92}}, {"type": "Feature", "geometry": {"type": "Point", "coordinates": [-2.0794624, 48.6696332]}, "properties": {"id": "auto01238", "nom": "A1238", "auto": true, "z": 3.12, "saillie": 5.84}}, {"type": "Feature", "geometry": {"type": "Point", "coordinates": [-2.2830023, 48.6696083]}, "properties": {"id": "auto01239", "nom": "A1239", "auto": true, "z": 7.9, "saillie": 11.37}}, {"type": "Feature", "geometry": {"type": "Point", "coordinates": [-2.0632385, 48.6696032]}, "properties": {"id": "auto01240", "nom": "A1240", "auto": true, "z": -1.04, "saillie": 1.07}}, {"type": "Feature", "geometry": {"type": "Point", "coordinates": [-1.9980825, 48.6695804]}, "properties": {"id": "auto01241", "nom": "A1241", "auto": true, "z": -1.61, "saillie": 1.66}}, {"type": "Feature", "geometry": {"type": "Point", "coordinates": [-2.0786388, 48.6695602]}, "properties": {"id": "auto01242", "nom": "A1242", "auto": true, "z": 1.89, "saillie": 4.81}}, {"type": "Feature", "geometry": {"type": "Point", "coordinates": [-2.0621981, 48.6695393]}, "properties": {"id": "auto01243", "nom": "A1243", "auto": true, "z": 1.19, "saillie": 2.46}}, {"type": "Feature", "geometry": {"type": "Point", "coordinates": [-2.0071668, 48.6695231]}, "properties": {"id": "auto01244", "nom": "A1244", "auto": true, "z": -2.08, "saillie": 2.09}}, {"type": "Feature", "geometry": {"type": "Point", "coordinates": [-1.9932302, 48.6694956]}, "properties": {"id": "auto01245", "nom": "A1245", "auto": true, "z": 0.33, "saillie": 1.19}}, {"type": "Feature", "geometry": {"type": "Point", "coordinates": [-2.0436836, 48.6694599]}, "properties": {"id": "auto01246", "nom": "A1246", "auto": true, "z": -0.17, "saillie": 4.33}}, {"type": "Feature", "geometry": {"type": "Point", "coordinates": [-2.0825452, 48.6694295]}, "properties": {"id": "auto01247", "nom": "A1247", "auto": true, "z": 9.56, "saillie": 20.46}}, {"type": "Feature", "geometry": {"type": "Point", "coordinates": [-2.0809662, 48.6694248]}, "properties": {"id": "auto01248", "nom": "A1248", "auto": true, "z": -0.3, "saillie": 7.88}}, {"type": "Feature", "geometry": {"type": "Point", "coordinates": [-1.9925151, 48.6694174]}, "properties": {"id": "auto01249", "nom": "A1249", "auto": true, "z": 1.72, "saillie": 1.66}}, {"type": "Feature", "geometry": {"type": "Point", "coordinates": [-2.2826011, 48.6694098]}, "properties": {"id": "auto01250", "nom": "A1250", "auto": true, "z": 3.89, "saillie": 11.97}}, {"type": "Feature", "geometry": {"type": "Point", "coordinates": [-2.0686052, 48.6693749]}, "properties": {"id": "auto01251", "nom": "A1251", "auto": true, "z": -0.7, "saillie": 5.53}}, {"type": "Feature", "geometry": {"type": "Point", "coordinates": [-2.0794344, 48.669346]}, "properties": {"id": "auto01252", "nom": "A1252", "auto": true, "z": 1.83, "saillie": 6.62}}, {"type": "Feature", "geometry": {"type": "Point", "coordinates": [-2.065281, 48.6693361]}, "properties": {"id": "auto01253", "nom": "A1253", "auto": true, "z": 0.66, "saillie": 4.15}}, {"type": "Feature", "geometry": {"type": "Point", "coordinates": [-2.0775267, 48.6693192]}, "properties": {"id": "auto01254", "nom": "A1254", "auto": true, "z": 2.64, "saillie": 9.7}}, {"type": "Feature", "geometry": {"type": "Point", "coordinates": [-2.0786143, 48.6693088]}, "properties": {"id": "auto01255", "nom": "A1255", "auto": true, "z": 0.72, "saillie": 6.74}}, {"type": "Feature", "geometry": {"type": "Point", "coordinates": [-1.9917967, 48.6693033]}, "properties": {"id": "auto01256", "nom": "A1256", "auto": true, "z": 2.88, "saillie": 2.31}}, {"type": "Feature", "geometry": {"type": "Point", "coordinates": [-2.0746869, 48.6692239]}, "properties": {"id": "auto01257", "nom": "A1257", "auto": true, "z": 4.56, "saillie": 11.8}}, {"type": "Feature", "geometry": {"type": "Point", "coordinates": [-1.9932569, 48.669206]}, "properties": {"id": "auto01258", "nom": "A1258", "auto": true, "z": 1.12, "saillie": 2.0}}, {"type": "Feature", "geometry": {"type": "Point", "coordinates": [-2.2860626, 48.669184]}, "properties": {"id": "auto01259", "nom": "A1259", "auto": true, "z": 1.58, "saillie": 6.9}}, {"type": "Feature", "geometry": {"type": "Point", "coordinates": [-2.0093111, 48.6691806]}, "properties": {"id": "auto01260", "nom": "A1260", "auto": true, "z": -0.73, "saillie": 4.81}}, {"type": "Feature", "geometry": {"type": "Point", "coordinates": [-2.0631425, 48.6691747]}, "properties": {"id": "auto01261", "nom": "A1261", "auto": true, "z": 0.62, "saillie": 3.07}}, {"type": "Feature", "geometry": {"type": "Point", "coordinates": [-1.9960286, 48.6691619]}, "properties": {"id": "auto01262", "nom": "A1262", "auto": true, "z": -0.26, "saillie": 1.93}}, {"type": "Feature", "geometry": {"type": "Point", "coordinates": [-2.0683097, 48.6691351]}, "properties": {"id": "auto01263", "nom": "A1263", "auto": true, "z": -1.81, "saillie": 3.77}}, {"type": "Feature", "geometry": {"type": "Point", "coordinates": [-2.2840427, 48.6691294]}, "properties": {"id": "auto01264", "nom": "A1264", "auto": true, "z": 11.37, "saillie": 10.16}}, {"type": "Feature", "geometry": {"type": "Point", "coordinates": [-1.9986376, 48.6691245]}, "properties": {"id": "auto01265", "nom": "A1265", "auto": true, "z": -1.56, "saillie": 1.28}}, {"type": "Feature", "geometry": {"type": "Point", "coordinates": [-2.0800063, 48.6690692]}, "properties": {"id": "auto01266", "nom": "A1266", "auto": true, "z": 0.72, "saillie": 7.43}}, {"type": "Feature", "geometry": {"type": "Point", "coordinates": [-1.9974889, 48.6690645]}, "properties": {"id": "auto01267", "nom": "A1267", "auto": true, "z": 1.79, "saillie": 3.85}}, {"type": "Feature", "geometry": {"type": "Point", "coordinates": [-2.2871356, 48.6690282]}, "properties": {"id": "auto01268", "nom": "A1268", "auto": true, "z": 2.61, "saillie": 7.18}}, {"type": "Feature", "geometry": {"type": "Point", "coordinates": [-2.0746118, 48.6690108]}, "properties": {"id": "auto01269", "nom": "A1269", "auto": true, "z": 1.53, "saillie": 7.93}}, {"type": "Feature", "geometry": {"type": "Point", "coordinates": [-1.9928027, 48.6690088]}, "properties": {"id": "auto01270", "nom": "A1270", "auto": true, "z": 2.26, "saillie": 2.15}}, {"type": "Feature", "geometry": {"type": "Point", "coordinates": [-2.2850074, 48.6689784]}, "properties": {"id": "auto01271", "nom": "A1271", "auto": true, "z": 5.16, "saillie": 6.23}}, {"type": "Feature", "geometry": {"type": "Point", "coordinates": [-2.2827671, 48.6688976]}, "properties": {"id": "auto01272", "nom": "A1272", "auto": true, "z": 4.84, "saillie": 13.89}}, {"type": "Feature", "geometry": {"type": "Point", "coordinates": [-2.2931589, 48.6688326]}, "properties": {"id": "auto01273", "nom": "A1273", "auto": true, "z": 0.34, "saillie": 5.9}}, {"type": "Feature", "geometry": {"type": "Point", "coordinates": [-2.2926638, 48.6687825]}, "properties": {"id": "auto01274", "nom": "A1274", "auto": true, "z": 1.27, "saillie": 5.96}}, {"type": "Feature", "geometry": {"type": "Point", "coordinates": [-2.0742079, 48.6687757]}, "properties": {"id": "auto01275", "nom": "A1275", "auto": true, "z": 1.49, "saillie": 8.1}}, {"type": "Feature", "geometry": {"type": "Point", "coordinates": [-2.2903657, 48.6686683]}, "properties": {"id": "auto01276", "nom": "A1276", "auto": true, "z": 3.54, "saillie": 8.3}}, {"type": "Feature", "geometry": {"type": "Point", "coordinates": [-2.2872619, 48.668662]}, "properties": {"id": "auto01277", "nom": "A1277", "auto": true, "z": 5.66, "saillie": 6.69}}, {"type": "Feature", "geometry": {"type": "Point", "coordinates": [-1.9926057, 48.6686565]}, "properties": {"id": "auto01278", "nom": "A1278", "auto": true, "z": 1.59, "saillie": 1.21}}, {"type": "Feature", "geometry": {"type": "Point", "coordinates": [-2.0754442, 48.6686148]}, "properties": {"id": "auto01279", "nom": "A1279", "auto": true, "z": -0.44, "saillie": 5.97}}, {"type": "Feature", "geometry": {"type": "Point", "coordinates": [-2.2936248, 48.6685955]}, "properties": {"id": "auto01280", "nom": "A1280", "auto": true, "z": 8.15, "saillie": 12.13}}, {"type": "Feature", "geometry": {"type": "Point", "coordinates": [-1.9976034, 48.668555]}, "properties": {"id": "auto01281", "nom": "A1281", "auto": true, "z": 2.35, "saillie": 3.63}}, {"type": "Feature", "geometry": {"type": "Point", "coordinates": [-2.100799, 48.6685046]}, "properties": {"id": "auto01282", "nom": "A1282", "auto": true, "z": 0.68, "saillie": 6.75}}, {"type": "Feature", "geometry": {"type": "Point", "coordinates": [-2.07418, 48.6684884]}, "properties": {"id": "auto01283", "nom": "A1283", "auto": true, "z": -1.02, "saillie": 5.75}}, {"type": "Feature", "geometry": {"type": "Point", "coordinates": [-2.0667764, 48.6684793]}, "properties": {"id": "auto01284", "nom": "A1284", "auto": true, "z": -1.6, "saillie": 3.09}}, {"type": "Feature", "geometry": {"type": "Point", "coordinates": [-1.996126, 48.6684728]}, "properties": {"id": "auto01285", "nom": "A1285", "auto": true, "z": 3.04, "saillie": 4.02}}, {"type": "Feature", "geometry": {"type": "Point", "coordinates": [-2.2908786, 48.668357]}, "properties": {"id": "auto01286", "nom": "A1286", "auto": true, "z": 5.39, "saillie": 8.22}}, {"type": "Feature", "geometry": {"type": "Point", "coordinates": [-1.9974202, 48.6683464]}, "properties": {"id": "auto01287", "nom": "A1287", "auto": true, "z": 2.45, "saillie": 2.41}}, {"type": "Feature", "geometry": {"type": "Point", "coordinates": [-1.9966001, 48.6683087]}, "properties": {"id": "auto01288", "nom": "A1288", "auto": true, "z": 3.27, "saillie": 2.98}}, {"type": "Feature", "geometry": {"type": "Point", "coordinates": [-1.9969254, 48.6682951]}, "properties": {"id": "auto01289", "nom": "A1289", "auto": true, "z": 2.76, "saillie": 3.1}}, {"type": "Feature", "geometry": {"type": "Point", "coordinates": [-2.2877133, 48.6682813]}, "properties": {"id": "auto01290", "nom": "A1290", "auto": true, "z": 11.22, "saillie": 9.32}}, {"type": "Feature", "geometry": {"type": "Point", "coordinates": [-1.9993717, 48.6682645]}, "properties": {"id": "auto01291", "nom": "A1291", "auto": true, "z": 1.64, "saillie": 3.9}}, {"type": "Feature", "geometry": {"type": "Point", "coordinates": [-1.9959969, 48.6682619]}, "properties": {"id": "auto01292", "nom": "A1292", "auto": true, "z": 3.41, "saillie": 4.5}}, {"type": "Feature", "geometry": {"type": "Point", "coordinates": [-1.998223, 48.6682045]}, "properties": {"id": "auto01293", "nom": "A1293", "auto": true, "z": 1.73, "saillie": 3.43}}, {"type": "Feature", "geometry": {"type": "Point", "coordinates": [-1.993215, 48.6681984]}, "properties": {"id": "auto01294", "nom": "A1294", "auto": true, "z": 1.63, "saillie": 1.28}}, {"type": "Feature", "geometry": {"type": "Point", "coordinates": [-2.289061, 48.6681493]}, "properties": {"id": "auto01295", "nom": "A1295", "auto": true, "z": 12.98, "saillie": 11.8}}, {"type": "Feature", "geometry": {"type": "Point", "coordinates": [-1.9919545, 48.668107]}, "properties": {"id": "auto01296", "nom": "A1296", "auto": true, "z": 2.75, "saillie": 1.44}}, {"type": "Feature", "geometry": {"type": "Point", "coordinates": [-2.2904159, 48.6680891]}, "properties": {"id": "auto01297", "nom": "A1297", "auto": true, "z": 11.8, "saillie": 10.06}}, {"type": "Feature", "geometry": {"type": "Point", "coordinates": [-1.9989174, 48.6680672]}, "properties": {"id": "auto01298", "nom": "A1298", "auto": true, "z": 0.45, "saillie": 2.63}}, {"type": "Feature", "geometry": {"type": "Point", "coordinates": [-2.2877421, 48.6680276]}, "properties": {"id": "auto01299", "nom": "A1299", "auto": true, "z": 11.83, "saillie": 9.95}}, {"type": "Feature", "geometry": {"type": "Point", "coordinates": [-1.9949937, 48.6680156]}, "properties": {"id": "auto01300", "nom": "A1300", "auto": true, "z": 0.66, "saillie": 1.09}}, {"type": "Feature", "geometry": {"type": "Point", "coordinates": [-2.0739109, 48.6679591]}, "properties": {"id": "auto01301", "nom": "A1301", "auto": true, "z": -1.4, "saillie": 5.77}}, {"type": "Feature", "geometry": {"type": "Point", "coordinates": [-2.2838072, 48.6678778]}, "properties": {"id": "auto01302", "nom": "A1302", "auto": true, "z": 5.44, "saillie": 11.47}}, {"type": "Feature", "geometry": {"type": "Point", "coordinates": [-2.0529471, 48.6678773]}, "properties": {"id": "auto01303", "nom": "A1303", "auto": true, "z": 1.29, "saillie": 3.95}}, {"type": "Feature", "geometry": {"type": "Point", "coordinates": [-2.051036, 48.6678142]}, "properties": {"id": "auto01304", "nom": "A1304", "auto": true, "z": 2.36, "saillie": 4.27}}, {"type": "Feature", "geometry": {"type": "Point", "coordinates": [-2.1012167, 48.6677656]}, "properties": {"id": "auto01305", "nom": "A1305", "auto": true, "z": 1.21, "saillie": 3.97}}, {"type": "Feature", "geometry": {"type": "Point", "coordinates": [-2.0504835, 48.6677295]}, "properties": {"id": "auto01306", "nom": "A1306", "auto": true, "z": -0.67, "saillie": 1.52}}, {"type": "Feature", "geometry": {"type": "Point", "coordinates": [-2.0534753, 48.6677107]}, "properties": {"id": "auto01307", "nom": "A1307", "auto": true, "z": 1.56, "saillie": 3.83}}, {"type": "Feature", "geometry": {"type": "Point", "coordinates": [-1.9956675, 48.6676629]}, "properties": {"id": "auto01308", "nom": "A1308", "auto": true, "z": 2.45, "saillie": 2.91}}, {"type": "Feature", "geometry": {"type": "Point", "coordinates": [-2.1019108, 48.6676277]}, "properties": {"id": "auto01309", "nom": "A1309", "auto": true, "z": 4.03, "saillie": 9.15}}, {"type": "Feature", "geometry": {"type": "Point", "coordinates": [-1.9926146, 48.6676107]}, "properties": {"id": "auto01310", "nom": "A1310", "auto": true, "z": 5.52, "saillie": 4.18}}, {"type": "Feature", "geometry": {"type": "Point", "coordinates": [-2.050961, 48.6676011]}, "properties": {"id": "auto01311", "nom": "A1311", "auto": true, "z": 1.42, "saillie": 3.88}}, {"type": "Feature", "geometry": {"type": "Point", "coordinates": [-2.0091019, 48.6675671]}, "properties": {"id": "auto01312", "nom": "A1312", "auto": true, "z": 10.71, "saillie": 10.15}}, {"type": "Feature", "geometry": {"type": "Point", "coordinates": [-2.0743603, 48.6675434]}, "properties": {"id": "auto01313", "nom": "A1313", "auto": true, "z": 0.73, "saillie": 8.86}}, {"type": "Feature", "geometry": {"type": "Point", "coordinates": [-1.992113, 48.6674875]}, "properties": {"id": "auto01314", "nom": "A1314", "auto": true, "z": 8.99, "saillie": 6.35}}, {"type": "Feature", "geometry": {"type": "Point", "coordinates": [-1.988684, 48.6674871]}, "properties": {"id": "auto01315", "nom": "A1315", "auto": true, "z": 7.65, "saillie": 1.45}}, {"type": "Feature", "geometry": {"type": "Point", "coordinates": [-2.0739162, 48.6674541]}, "properties": {"id": "auto01316", "nom": "A1316", "auto": true, "z": 1.03, "saillie": 8.36}}, {"type": "Feature", "geometry": {"type": "Point", "coordinates": [-2.1033603, 48.6674214]}, "properties": {"id": "auto01317", "nom": "A1317", "auto": true, "z": 0.65, "saillie": 9.45}}, {"type": "Feature", "geometry": {"type": "Point", "coordinates": [-1.9946101, 48.6674189]}, "properties": {"id": "auto01318", "nom": "A1318", "auto": true, "z": 1.26, "saillie": 1.08}}, {"type": "Feature", "geometry": {"type": "Point", "coordinates": [-1.9957519, 48.667407]}, "properties": {"id": "auto01319", "nom": "A1319", "auto": true, "z": 3.74, "saillie": 4.25}}, {"type": "Feature", "geometry": {"type": "Point", "coordinates": [-2.100365, 48.6674055]}, "properties": {"id": "auto01320", "nom": "A1320", "auto": true, "z": 0.41, "saillie": 4.91}}, {"type": "Feature", "geometry": {"type": "Point", "coordinates": [-2.1024825, 48.6673508]}, "properties": {"id": "auto01321", "nom": "A1321", "auto": true, "z": 0.95, "saillie": 6.45}}, {"type": "Feature", "geometry": {"type": "Point", "coordinates": [-2.0091355, 48.6673493]}, "properties": {"id": "auto01322", "nom": "A1322", "auto": true, "z": 11.3, "saillie": 9.78}}, {"type": "Feature", "geometry": {"type": "Point", "coordinates": [-1.9953079, 48.6673175]}, "properties": {"id": "auto01323", "nom": "A1323", "auto": true, "z": 2.07, "saillie": 1.74}}, {"type": "Feature", "geometry": {"type": "Point", "coordinates": [-2.1014421, 48.6672873]}, "properties": {"id": "auto01324", "nom": "A1324", "auto": true, "z": -0.94, "saillie": 1.31}}, {"type": "Feature", "geometry": {"type": "Point", "coordinates": [-2.1007882, 48.6672792]}, "properties": {"id": "auto01325", "nom": "A1325", "auto": true, "z": 0.34, "saillie": 2.73}}, {"type": "Feature", "geometry": {"type": "Point", "coordinates": [-2.0532133, 48.6672531]}, "properties": {"id": "auto01326", "nom": "A1326", "auto": true, "z": -0.84, "saillie": 1.37}}, {"type": "Feature", "geometry": {"type": "Point", "coordinates": [-2.052451, 48.6672494]}, "properties": {"id": "auto01327", "nom": "A1327", "auto": true, "z": 0.35, "saillie": 2.5}}, {"type": "Feature", "geometry": {"type": "Point", "coordinates": [-2.0740002, 48.6671982]}, "properties": {"id": "auto01328", "nom": "A1328", "auto": true, "z": 1.49, "saillie": 10.52}}, {"type": "Feature", "geometry": {"type": "Point", "coordinates": [-1.9922413, 48.6671216]}, "properties": {"id": "auto01329", "nom": "A1329", "auto": true, "z": 9.52, "saillie": 4.57}}, {"type": "Feature", "geometry": {"type": "Point", "coordinates": [-2.1023461, 48.6670683]}, "properties": {"id": "auto01330", "nom": "A1330", "auto": true, "z": 0.26, "saillie": 3.16}}, {"type": "Feature", "geometry": {"type": "Point", "coordinates": [-1.992607, 48.6669621]}, "properties": {"id": "auto01331", "nom": "A1331", "auto": true, "z": 9.8, "saillie": 4.83}}, {"type": "Feature", "geometry": {"type": "Point", "coordinates": [-2.0998858, 48.6669574]}, "properties": {"id": "auto01332", "nom": "A1332", "auto": true, "z": 2.04, "saillie": 6.9}}, {"type": "Feature", "geometry": {"type": "Point", "coordinates": [-1.9896626, 48.6669053]}, "properties": {"id": "auto01333", "nom": "A1333", "auto": true, "z": 7.52, "saillie": 1.61}}, {"type": "Feature", "geometry": {"type": "Point", "coordinates": [-1.9906418, 48.6669003]}, "properties": {"id": "auto01334", "nom": "A1334", "auto": true, "z": 6.7, "saillie": 1.52}}, {"type": "Feature", "geometry": {"type": "Point", "coordinates": [-2.1005328, 48.6668936]}, "properties": {"id": "auto01335", "nom": "A1335", "auto": true, "z": 1.2, "saillie": 1.95}}, {"type": "Feature", "geometry": {"type": "Point", "coordinates": [-1.9934709, 48.6668898]}, "properties": {"id": "auto01336", "nom": "A1336", "auto": true, "z": 8.66, "saillie": 6.82}}, {"type": "Feature", "geometry": {"type": "Point", "coordinates": [-2.0507831, 48.6668876]}, "properties": {"id": "auto01337", "nom": "A1337", "auto": true, "z": 1.09, "saillie": 3.82}}, {"type": "Feature", "geometry": {"type": "Point", "coordinates": [-2.0528499, 48.666872]}, "properties": {"id": "auto01338", "nom": "A1338", "auto": true, "z": -0.21, "saillie": 1.99}}, {"type": "Feature", "geometry": {"type": "Point", "coordinates": [-2.1014542, 48.6668541]}, "properties": {"id": "auto01339", "nom": "A1339", "auto": true, "z": 0.41, "saillie": 2.34}}, {"type": "Feature", "geometry": {"type": "Point", "coordinates": [-2.0101207, 48.6668392]}, "properties": {"id": "auto01340", "nom": "A1340", "auto": true, "z": 4.04, "saillie": 7.7}}, {"type": "Feature", "geometry": {"type": "Point", "coordinates": [-1.9909602, 48.6668149]}, "properties": {"id": "auto01341", "nom": "A1341", "auto": true, "z": 6.37, "saillie": 1.23}}, {"type": "Feature", "geometry": {"type": "Point", "coordinates": [-2.0083757, 48.6668045]}, "properties": {"id": "auto01342", "nom": "A1342", "auto": true, "z": 2.36, "saillie": 4.28}}, {"type": "Feature", "geometry": {"type": "Point", "coordinates": [-2.0089178, 48.6667817]}, "properties": {"id": "auto01343", "nom": "A1343", "auto": true, "z": 6.88, "saillie": 5.84}}, {"type": "Feature", "geometry": {"type": "Point", "coordinates": [-2.1031853, 48.6667439]}, "properties": {"id": "auto01344", "nom": "A1344", "auto": true, "z": 1.21, "saillie": 6.01}}, {"type": "Feature", "geometry": {"type": "Point", "coordinates": [-1.9918783, 48.6667403]}, "properties": {"id": "auto01345", "nom": "A1345", "auto": true, "z": 7.92, "saillie": 2.6}}, {"type": "Feature", "geometry": {"type": "Point", "coordinates": [-2.0502779, 48.6667287]}, "properties": {"id": "auto01346", "nom": "A1346", "auto": true, "z": 1.57, "saillie": 4.1}}, {"type": "Feature", "geometry": {"type": "Point", "coordinates": [-2.0883209, 48.6666951]}, "properties": {"id": "auto01347", "nom": "A1347", "auto": true, "z": 1.46, "saillie": 10.08}}, {"type": "Feature", "geometry": {"type": "Point", "coordinates": [-2.1009454, 48.6666596]}, "properties": {"id": "auto01348", "nom": "A1348", "auto": true, "z": 1.83, "saillie": 3.05}}, {"type": "Feature", "geometry": {"type": "Point", "coordinates": [-2.0094495, 48.6666512]}, "properties": {"id": "auto01349", "nom": "A1349", "auto": true, "z": 10.53, "saillie": 8.53}}, {"type": "Feature", "geometry": {"type": "Point", "coordinates": [-2.0993629, 48.6666192]}, "properties": {"id": "auto01350", "nom": "A1350", "auto": true, "z": 2.96, "saillie": 8.12}}, {"type": "Feature", "geometry": {"type": "Point", "coordinates": [-2.1036626, 48.6666152]}, "properties": {"id": "auto01351", "nom": "A1351", "auto": true, "z": 1.44, "saillie": 5.31}}, {"type": "Feature", "geometry": {"type": "Point", "coordinates": [-1.9892522, 48.666598]}, "properties": {"id": "auto01352", "nom": "A1352", "auto": true, "z": 10.55, "saillie": 3.22}}, {"type": "Feature", "geometry": {"type": "Point", "coordinates": [-2.1025173, 48.6665922]}, "properties": {"id": "auto01353", "nom": "A1353", "auto": true, "z": -0.22, "saillie": 2.8}}, {"type": "Feature", "geometry": {"type": "Point", "coordinates": [-1.9912072, 48.6665521]}, "properties": {"id": "auto01354", "nom": "A1354", "auto": true, "z": 8.2, "saillie": 2.26}}, {"type": "Feature", "geometry": {"type": "Point", "coordinates": [-1.9905532, 48.6665435]}, "properties": {"id": "auto01355", "nom": "A1355", "auto": true, "z": 10.63, "saillie": 4.46}}, {"type": "Feature", "geometry": {"type": "Point", "coordinates": [-2.0070437, 48.6665361]}, "properties": {"id": "auto01356", "nom": "A1356", "auto": true, "z": -1.69, "saillie": 1.94}}, {"type": "Feature", "geometry": {"type": "Point", "coordinates": [-2.1012566, 48.666502]}, "properties": {"id": "auto01357", "nom": "A1357", "auto": true, "z": 1.09, "saillie": 3.23}}, {"type": "Feature", "geometry": {"type": "Point", "coordinates": [-2.0951577, 48.6664748]}, "properties": {"id": "auto01358", "nom": "A1358", "auto": true, "z": -2.34, "saillie": 5.36}}, {"type": "Feature", "geometry": {"type": "Point", "coordinates": [-2.1032656, 48.666452]}, "properties": {"id": "auto01359", "nom": "A1359", "auto": true, "z": 1.37, "saillie": 3.12}}, {"type": "Feature", "geometry": {"type": "Point", "coordinates": [-2.1003788, 48.6664315]}, "properties": {"id": "auto01360", "nom": "A1360", "auto": true, "z": 6.01, "saillie": 6.15}}, {"type": "Feature", "geometry": {"type": "Point", "coordinates": [-2.0138335, 48.6663945]}, "properties": {"id": "auto01361", "nom": "A1361", "auto": true, "z": -2.03, "saillie": 3.05}}, {"type": "Feature", "geometry": {"type": "Point", "coordinates": [-2.0092051, 48.666373]}, "properties": {"id": "auto01362", "nom": "A1362", "auto": true, "z": 6.65, "saillie": 5.59}}, {"type": "Feature", "geometry": {"type": "Point", "coordinates": [-2.0541022, 48.6663141]}, "properties": {"id": "auto01363", "nom": "A1363", "auto": true, "z": 0.44, "saillie": 2.64}}, {"type": "Feature", "geometry": {"type": "Point", "coordinates": [-2.0082191, 48.6663064]}, "properties": {"id": "auto01364", "nom": "A1364", "auto": true, "z": 1.43, "saillie": 3.41}}, {"type": "Feature", "geometry": {"type": "Point", "coordinates": [-2.098298, 48.6663043]}, "properties": {"id": "auto01365", "nom": "A1365", "auto": true, "z": 0.63, "saillie": 6.73}}, {"type": "Feature", "geometry": {"type": "Point", "coordinates": [-2.1044476, 48.6662931]}, "properties": {"id": "auto01366", "nom": "A1366", "auto": true, "z": 1.55, "saillie": 7.31}}, {"type": "Feature", "geometry": {"type": "Point", "coordinates": [-2.1028686, 48.6662887]}, "properties": {"id": "auto01367", "nom": "A1367", "auto": true, "z": 0.57, "saillie": 4.11}}, {"type": "Feature", "geometry": {"type": "Point", "coordinates": [-2.0142026, 48.6662708]}, "properties": {"id": "auto01368", "nom": "A1368", "auto": true, "z": -2.0, "saillie": 2.23}}, {"type": "Feature", "geometry": {"type": "Point", "coordinates": [-2.0085951, 48.6662545]}, "properties": {"id": "auto01369", "nom": "A1369", "auto": true, "z": 1.71, "saillie": 1.75}}, {"type": "Feature", "geometry": {"type": "Point", "coordinates": [-2.1047693, 48.6662433]}, "properties": {"id": "auto01370", "nom": "A1370", "auto": true, "z": 1.83, "saillie": 10.15}}, {"type": "Feature", "geometry": {"type": "Point", "coordinates": [-2.0988907, 48.6662429]}, "properties": {"id": "auto01371", "nom": "A1371", "auto": true, "z": 1.12, "saillie": 4.3}}, {"type": "Feature", "geometry": {"type": "Point", "coordinates": [-2.0879502, 48.6662423]}, "properties": {"id": "auto01372", "nom": "A1372", "auto": true, "z": 1.11, "saillie": 7.47}}, {"type": "Feature", "geometry": {"type": "Point", "coordinates": [-2.0070669, 48.6662106]}, "properties": {"id": "auto01373", "nom": "A1373", "auto": true, "z": 0.15, "saillie": 3.07}}, {"type": "Feature", "geometry": {"type": "Point", "coordinates": [-2.1037796, 48.6661415]}, "properties": {"id": "auto01374", "nom": "A1374", "auto": true, "z": 3.82, "saillie": 5.8}}, {"type": "Feature", "geometry": {"type": "Point", "coordinates": [-2.0853274, 48.666138]}, "properties": {"id": "auto01375", "nom": "A1375", "auto": true, "z": 2.51, "saillie": 12.14}}, {"type": "Feature", "geometry": {"type": "Point", "coordinates": [-2.0871774, 48.6661311]}, "properties": {"id": "auto01376", "nom": "A1376", "auto": true, "z": 1.98, "saillie": 7.14}}, {"type": "Feature", "geometry": {"type": "Point", "coordinates": [-2.0975181, 48.6661214]}, "properties": {"id": "auto01377", "nom": "A1377", "auto": true, "z": 0.79, "saillie": 6.64}}, {"type": "Feature", "geometry": {"type": "Point", "coordinates": [-2.100947, 48.6661187]}, "properties": {"id": "auto01378", "nom": "A1378", "auto": true, "z": 3.32, "saillie": 5.12}}, {"type": "Feature", "geometry": {"type": "Point", "coordinates": [-2.0960476, 48.6661122]}, "properties": {"id": "auto01379", "nom": "A1379", "auto": true, "z": -2.37, "saillie": 4.07}}, {"type": "Feature", "geometry": {"type": "Point", "coordinates": [-2.102031, 48.6660722]}, "properties": {"id": "auto01380", "nom": "A1380", "auto": true, "z": 0.44, "saillie": 4.77}}, {"type": "Feature", "geometry": {"type": "Point", "coordinates": [-2.0539695, 48.6660673]}, "properties": {"id": "auto01381", "nom": "A1381", "auto": true, "z": 0.62, "saillie": 3.02}}, {"type": "Feature", "geometry": {"type": "Point", "coordinates": [-1.9900173, 48.6660613]}, "properties": {"id": "auto01382", "nom": "A1382", "auto": true, "z": 13.4, "saillie": 4.84}}, {"type": "Feature", "geometry": {"type": "Point", "coordinates": [-2.0876582, 48.6660384]}, "properties": {"id": "auto01383", "nom": "A1383", "auto": true, "z": 0.7, "saillie": 3.0}}, {"type": "Feature", "geometry": {"type": "Point", "coordinates": [-2.1014278, 48.666026]}, "properties": {"id": "auto01384", "nom": "A1384", "auto": true, "z": 1.66, "saillie": 4.83}}, {"type": "Feature", "geometry": {"type": "Point", "coordinates": [-2.0056335, 48.6660185]}, "properties": {"id": "auto01385", "nom": "A1385", "auto": true, "z": -1.91, "saillie": 1.09}}, {"type": "Feature", "geometry": {"type": "Point", "coordinates": [-2.0143953, 48.6660103]}, "properties": {"id": "auto01386", "nom": "A1386", "auto": true, "z": 0.07, "saillie": 3.4}}, {"type": "Feature", "geometry": {"type": "Point", "coordinates": [-2.0980968, 48.6659163]}, "properties": {"id": "auto01387", "nom": "A1387", "auto": true, "z": 0.35, "saillie": 2.93}}, {"type": "Feature", "geometry": {"type": "Point", "coordinates": [-2.0065481, 48.665908]}, "properties": {"id": "auto01388", "nom": "A1388", "auto": true, "z": 8.63, "saillie": 11.19}}, {"type": "Feature", "geometry": {"type": "Point", "coordinates": [-2.0880779, 48.6658763]}, "properties": {"id": "auto01389", "nom": "A1389", "auto": true, "z": 0.53, "saillie": 4.81}}, {"type": "Feature", "geometry": {"type": "Point", "coordinates": [-2.050574, 48.6658509]}, "properties": {"id": "auto01390", "nom": "A1390", "auto": true, "z": -1.51, "saillie": 1.3}}, {"type": "Feature", "geometry": {"type": "Point", "coordinates": [-2.0909034, 48.6658276]}, "properties": {"id": "auto01391", "nom": "A1391", "auto": true, "z": 0.93, "saillie": 8.48}}, {"type": "Feature", "geometry": {"type": "Point", "coordinates": [-2.1036938, 48.6658207]}, "properties": {"id": "auto01392", "nom": "A1392", "auto": true, "z": 1.81, "saillie": 4.13}}, {"type": "Feature", "geometry": {"type": "Point", "coordinates": [-2.0139375, 48.6657772]}, "properties": {"id": "auto01393", "nom": "A1393", "auto": true, "z": 0.85, "saillie": 3.78}}, {"type": "Feature", "geometry": {"type": "Point", "coordinates": [-2.007893, 48.6657433]}, "properties": {"id": "auto01394", "nom": "A1394", "auto": true, "z": 1.77, "saillie": 2.98}}, {"type": "Feature", "geometry": {"type": "Point", "coordinates": [-1.9899865, 48.6657381]}, "properties": {"id": "auto01395", "nom": "A1395", "auto": true, "z": 13.32, "saillie": 5.55}}, {"type": "Feature", "geometry": {"type": "Point", "coordinates": [-2.0142593, 48.6657276]}, "properties": {"id": "auto01396", "nom": "A1396", "auto": true, "z": 0.68, "saillie": 2.25}}, {"type": "Feature", "geometry": {"type": "Point", "coordinates": [-2.0986756, 48.6657113]}, "properties": {"id": "auto01397", "nom": "A1397", "auto": true, "z": 1.38, "saillie": 2.28}}, {"type": "Feature", "geometry": {"type": "Point", "coordinates": [-2.008269, 48.6656914]}, "properties": {"id": "auto01398", "nom": "A1398", "auto": true, "z": 1.62, "saillie": 2.2}}, {"type": "Feature", "geometry": {"type": "Point", "coordinates": [-2.0169765, 48.6656853]}, "properties": {"id": "auto01399", "nom": "A1399", "auto": true, "z": -1.71, "saillie": 2.12}}, {"type": "Feature", "geometry": {"type": "Point", "coordinates": [-2.1003594, 48.6656752]}, "properties": {"id": "auto01400", "nom": "A1400", "auto": true, "z": 1.03, "saillie": 2.39}}, {"type": "Feature", "geometry": {"type": "Point", "coordinates": [-2.0147437, 48.6656712]}, "properties": {"id": "auto01401", "nom": "A1401", "auto": true, "z": 1.98, "saillie": 4.47}}, {"type": "Feature", "geometry": {"type": "Point", "coordinates": [-2.0989973, 48.6656614]}, "properties": {"id": "auto01402", "nom": "A1402", "auto": true, "z": 1.47, "saillie": 2.59}}, {"type": "Feature", "geometry": {"type": "Point", "coordinates": [-2.1041134, 48.6656585]}, "properties": {"id": "auto01403", "nom": "A1403", "auto": true, "z": 1.44, "saillie": 5.15}}, {"type": "Feature", "geometry": {"type": "Point", "coordinates": [-2.0534399, 48.6656572]}, "properties": {"id": "auto01404", "nom": "A1404", "auto": true, "z": -0.48, "saillie": 2.0}}, {"type": "Feature", "geometry": {"type": "Point", "coordinates": [-2.0850075, 48.6656469]}, "properties": {"id": "auto01405", "nom": "A1405", "auto": true, "z": 0.13, "saillie": 6.81}}, {"type": "Feature", "geometry": {"type": "Point", "coordinates": [-2.0993697, 48.6655734]}, "properties": {"id": "auto01406", "nom": "A1406", "auto": true, "z": 1.8, "saillie": 3.72}}, {"type": "Feature", "geometry": {"type": "Point", "coordinates": [-2.0282318, 48.6655709]}, "properties": {"id": "auto01407", "nom": "A1407", "auto": true, "z": -2.41, "saillie": 3.99}}, {"type": "Feature", "geometry": {"type": "Point", "coordinates": [-2.1049736, 48.6655495]}, "properties": {"id": "auto01408", "nom": "A1408", "auto": true, "z": -0.2, "saillie": 7.73}}, {"type": "Feature", "geometry": {"type": "Point", "coordinates": [-2.1007248, 48.6655153]}, "properties": {"id": "auto01409", "nom": "A1409", "auto": true, "z": 0.89, "saillie": 3.02}}, {"type": "Feature", "geometry": {"type": "Point", "coordinates": [-2.0976754, 48.6655017]}, "properties": {"id": "auto01410", "nom": "A1410", "auto": true, "z": -0.11, "saillie": 3.76}}, {"type": "Feature", "geometry": {"type": "Point", "coordinates": [-2.1085038, 48.6654702]}, "properties": {"id": "auto01411", "nom": "A1411", "auto": true, "z": -2.43, "saillie": 5.99}}, {"type": "Feature", "geometry": {"type": "Point", "coordinates": [-2.1018088, 48.6654689]}, "properties": {"id": "auto01412", "nom": "A1412", "auto": true, "z": 1.53, "saillie": 5.7}}, {"type": "Feature", "geometry": {"type": "Point", "coordinates": [-2.1010465, 48.6654655]}, "properties": {"id": "auto01413", "nom": "A1413", "auto": true, "z": 1.25, "saillie": 2.97}}, {"type": "Feature", "geometry": {"type": "Point", "coordinates": [-2.0910311, 48.6654616]}, "properties": {"id": "auto01414", "nom": "A1414", "auto": true, "z": 1.14, "saillie": 7.83}}, {"type": "Feature", "geometry": {"type": "Point", "coordinates": [-2.0987594, 48.6654553]}, "properties": {"id": "auto01415", "nom": "A1415", "auto": true, "z": 1.62, "saillie": 3.12}}, {"type": "Feature", "geometry": {"type": "Point", "coordinates": [-2.0920644, 48.6654534]}, "properties": {"id": "auto01416", "nom": "A1416", "auto": true, "z": -1.39, "saillie": 6.51}}, {"type": "Feature", "geometry": {"type": "Point", "coordinates": [-2.0148857, 48.6654489]}, "properties": {"id": "auto01417", "nom": "A1417", "auto": true, "z": 0.62, "saillie": 2.24}}, {"type": "Feature", "geometry": {"type": "Point", "coordinates": [-2.0881985, 48.6654385]}, "properties": {"id": "auto01418", "nom": "A1418", "auto": true, "z": 1.89, "saillie": 6.32}}, {"type": "Feature", "geometry": {"type": "Point", "coordinates": [-2.0970144, 48.6654219]}, "properties": {"id": "auto01419", "nom": "A1419", "auto": true, "z": -0.21, "saillie": 4.44}}, {"type": "Feature", "geometry": {"type": "Point", "coordinates": [-2.0182568, 48.665415]}, "properties": {"id": "auto01420", "nom": "A1420", "auto": true, "z": -2.13, "saillie": 2.37}}, {"type": "Feature", "geometry": {"type": "Point", "coordinates": [-2.0133033, 48.6654074]}, "properties": {"id": "auto01421", "nom": "A1421", "auto": true, "z": 5.01, "saillie": 8.9}}, {"type": "Feature", "geometry": {"type": "Point", "coordinates": [-2.0048092, 48.6653682]}, "properties": {"id": "auto01422", "nom": "A1422", "auto": true, "z": -1.25, "saillie": 1.28}}, {"type": "Feature", "geometry": {"type": "Point", "coordinates": [-2.0173249, 48.6653461]}, "properties": {"id": "auto01423", "nom": "A1423", "auto": true, "z": -1.63, "saillie": 2.51}}, {"type": "Feature", "geometry": {"type": "Point", "coordinates": [-2.1013577, 48.6653079]}, "properties": {"id": "auto01424", "nom": "A1424", "auto": true, "z": 0.91, "saillie": 5.01}}, {"type": "Feature", "geometry": {"type": "Point", "coordinates": [-2.0074145, 48.6652947]}, "properties": {"id": "auto01425", "nom": "A1425", "auto": true, "z": 1.66, "saillie": 1.7}}, {"type": "Feature", "geometry": {"type": "Point", "coordinates": [-2.0110602, 48.6652855]}, "properties": {"id": "auto01426", "nom": "A1426", "auto": true, "z": -1.13, "saillie": 2.24}}, {"type": "Feature", "geometry": {"type": "Point", "coordinates": [-2.0139435, 48.6652723]}, "properties": {"id": "auto01427", "nom": "A1427", "auto": true, "z": 2.66, "saillie": 3.57}}, {"type": "Feature", "geometry": {"type": "Point", "coordinates": [-2.0966175, 48.6652586]}, "properties": {"id": "auto01428", "nom": "A1428", "auto": true, "z": -0.18, "saillie": 2.54}}, {"type": "Feature", "geometry": {"type": "Point", "coordinates": [-2.0987384, 48.6652399]}, "properties": {"id": "auto01429", "nom": "A1429", "auto": true, "z": 1.05, "saillie": 4.6}}, {"type": "Feature", "geometry": {"type": "Point", "coordinates": [-2.0149734, 48.6652289]}, "properties": {"id": "auto01430", "nom": "A1430", "auto": true, "z": 0.4, "saillie": 1.68}}, {"type": "Feature", "geometry": {"type": "Point", "coordinates": [-2.0082784, 48.6652223]}, "properties": {"id": "auto01431", "nom": "A1431", "auto": true, "z": 1.6, "saillie": 2.97}}, {"type": "Feature", "geometry": {"type": "Point", "coordinates": [-2.0169859, 48.6652162]}, "properties": {"id": "auto01432", "nom": "A1432", "auto": true, "z": -1.58, "saillie": 2.12}}, {"type": "Feature", "geometry": {"type": "Point", "coordinates": [-2.0197066, 48.6652097]}, "properties": {"id": "auto01433", "nom": "A1433", "auto": true, "z": 0.14, "saillie": 5.88}}, {"type": "Feature", "geometry": {"type": "Point", "coordinates": [-2.0837661, 48.6651952]}, "properties": {"id": "auto01434", "nom": "A1434", "auto": true, "z": 0.87, "saillie": 8.76}}, {"type": "Feature", "geometry": {"type": "Point", "coordinates": [-2.0857244, 48.6651837]}, "properties": {"id": "auto01435", "nom": "A1435", "auto": true, "z": 4.39, "saillie": 9.01}}, {"type": "Feature", "geometry": {"type": "Point", "coordinates": [-2.2844055, 48.6651829]}, "properties": {"id": "auto01436", "nom": "A1436", "auto": true, "z": -1.57, "saillie": 8.25}}, {"type": "Feature", "geometry": {"type": "Point", "coordinates": [-2.0882824, 48.6651825]}, "properties": {"id": "auto01437", "nom": "A1437", "auto": true, "z": 4.14, "saillie": 6.74}}, {"type": "Feature", "geometry": {"type": "Point", "coordinates": [-2.0984062, 48.665182]}, "properties": {"id": "auto01438", "nom": "A1438", "auto": true, "z": 0.3, "saillie": 4.35}}, {"type": "Feature", "geometry": {"type": "Point", "coordinates": [-2.0176871, 48.6651506]}, "properties": {"id": "auto01439", "nom": "A1439", "auto": true, "z": -2.42, "saillie": 1.13}}, {"type": "Feature", "geometry": {"type": "Point", "coordinates": [-2.0143668, 48.6651463]}, "properties": {"id": "auto01440", "nom": "A1440", "auto": true, "z": 2.08, "saillie": 2.19}}, {"type": "Feature", "geometry": {"type": "Point", "coordinates": [-2.0191, 48.6651271]}, "properties": {"id": "auto01441", "nom": "A1441", "auto": true, "z": 1.08, "saillie": 3.63}}, {"type": "Feature", "geometry": {"type": "Point", "coordinates": [-2.0157254, 48.6651251]}, "properties": {"id": "auto01442", "nom": "A1442", "auto": true, "z": -1.95, "saillie": 1.5}}, {"type": "Feature", "geometry": {"type": "Point", "coordinates": [-2.0067434, 48.6651066]}, "properties": {"id": "auto01443", "nom": "A1443", "auto": true, "z": 2.08, "saillie": 1.93}}, {"type": "Feature", "geometry": {"type": "Point", "coordinates": [-2.0060353, 48.6651004]}, "properties": {"id": "auto01444", "nom": "A1444", "auto": true, "z": 4.79, "saillie": 4.67}}, {"type": "Feature", "geometry": {"type": "Point", "coordinates": [-2.0107685, 48.6650815]}, "properties": {"id": "auto01445", "nom": "A1445", "auto": true, "z": -0.18, "saillie": 3.31}}, {"type": "Feature", "geometry": {"type": "Point", "coordinates": [-2.0030909, 48.6650439]}, "properties": {"id": "auto01446", "nom": "A1446", "auto": true, "z": 4.05, "saillie": 6.69}}, {"type": "Feature", "geometry": {"type": "Point", "coordinates": [-2.0970808, 48.6649864]}, "properties": {"id": "auto01447", "nom": "A1447", "auto": true, "z": -0.85, "saillie": 2.9}}, {"type": "Feature", "geometry": {"type": "Point", "coordinates": [-2.0054253, 48.6649818]}, "properties": {"id": "auto01448", "nom": "A1448", "auto": true, "z": 2.03, "saillie": 4.06}}, {"type": "Feature", "geometry": {"type": "Point", "coordinates": [-2.097406, 48.6649724]}, "properties": {"id": "auto01449", "nom": "A1449", "auto": true, "z": -1.46, "saillie": 2.77}}, {"type": "Feature", "geometry": {"type": "Point", "coordinates": [-2.0878785, 48.6649474]}, "properties": {"id": "auto01450", "nom": "A1450", "auto": true, "z": 5.28, "saillie": 4.78}}, {"type": "Feature", "geometry": {"type": "Point", "coordinates": [-2.08385, 48.6649392]}, "properties": {"id": "auto01451", "nom": "A1451", "auto": true, "z": 4.97, "saillie": 7.91}}, {"type": "Feature", "geometry": {"type": "Point", "coordinates": [-2.0167415, 48.6649381]}, "properties": {"id": "auto01452", "nom": "A1452", "auto": true, "z": -1.5, "saillie": 2.26}}, {"type": "Feature", "geometry": {"type": "Point", "coordinates": [-2.0882579, 48.6649312]}, "properties": {"id": "auto01453", "nom": "A1453", "auto": true, "z": 3.99, "saillie": 4.55}}, {"type": "Feature", "geometry": {"type": "Point", "coordinates": [-2.0857541, 48.66493]}, "properties": {"id": "auto01454", "nom": "A1454", "auto": true, "z": 5.69, "saillie": 7.07}}, {"type": "Feature", "geometry": {"type": "Point", "coordinates": [-2.0178291, 48.6649283]}, "properties": {"id": "auto01455", "nom": "A1455", "auto": true, "z": -1.91, "saillie": 1.28}}, {"type": "Feature", "geometry": {"type": "Point", "coordinates": [-2.2844849, 48.6648909]}, "properties": {"id": "auto01456", "nom": "A1456", "auto": true, "z": -0.51, "saillie": 7.22}}, {"type": "Feature", "geometry": {"type": "Point", "coordinates": [-2.0866756, 48.6648906]}, "properties": {"id": "auto01457", "nom": "A1457", "auto": true, "z": 3.33, "saillie": 6.31}}, {"type": "Feature", "geometry": {"type": "Point", "coordinates": [-2.0192384, 48.6648689]}, "properties": {"id": "auto01458", "nom": "A1458", "auto": true, "z": 2.07, "saillie": 5.24}}, {"type": "Feature", "geometry": {"type": "Point", "coordinates": [-2.0529264, 48.6648498]}, "properties": {"id": "auto01459", "nom": "A1459", "auto": true, "z": 0.19, "saillie": 2.79}}, {"type": "Feature", "geometry": {"type": "Point", "coordinates": [-2.2841524, 48.6648335]}, "properties": {"id": "auto01460", "nom": "A1460", "auto": true, "z": -2.05, "saillie": 7.79}}, {"type": "Feature", "geometry": {"type": "Point", "coordinates": [-2.0076339, 48.6647447]}, "properties": {"id": "auto01461", "nom": "A1461", "auto": true, "z": 1.78, "saillie": 2.66}}, {"type": "Feature", "geometry": {"type": "Point", "coordinates": [-2.0129668, 48.6647366]}, "properties": {"id": "auto01462", "nom": "A1462", "auto": true, "z": -1.77, "saillie": 2.0}}, {"type": "Feature", "geometry": {"type": "Point", "coordinates": [-2.0837748, 48.6647261]}, "properties": {"id": "auto01463", "nom": "A1463", "auto": true, "z": 6.86, "saillie": 10.83}}, {"type": "Feature", "geometry": {"type": "Point", "coordinates": [-2.003331, 48.6647093]}, "properties": {"id": "auto01464", "nom": "A1464", "auto": true, "z": 1.29, "saillie": 3.69}}, {"type": "Feature", "geometry": {"type": "Point", "coordinates": [-2.014488, 48.6647086]}, "properties": {"id": "auto01465", "nom": "A1465", "auto": true, "z": 1.6, "saillie": 2.03}}, {"type": "Feature", "geometry": {"type": "Point", "coordinates": [-2.0832258, 48.6646775]}, "properties": {"id": "auto01466", "nom": "A1466", "auto": true, "z": 10.11, "saillie": 16.52}}, {"type": "Feature", "geometry": {"type": "Point", "coordinates": [-2.0524719, 48.6646528]}, "properties": {"id": "auto01467", "nom": "A1467", "auto": true, "z": -0.7, "saillie": 1.8}}, {"type": "Feature", "geometry": {"type": "Point", "coordinates": [-2.0911132, 48.6646288]}, "properties": {"id": "auto01468", "nom": "A1468", "auto": true, "z": -1.29, "saillie": 4.33}}, {"type": "Feature", "geometry": {"type": "Point", "coordinates": [-2.0963918, 48.6646193]}, "properties": {"id": "auto01469", "nom": "A1469", "auto": true, "z": -1.88, "saillie": 3.8}}, {"type": "Feature", "geometry": {"type": "Point", "coordinates": [-2.0859395, 48.6645976]}, "properties": {"id": "auto01470", "nom": "A1470", "auto": true, "z": 5.88, "saillie": 3.01}}, {"type": "Feature", "geometry": {"type": "Point", "coordinates": [-2.0177404, 48.6645715]}, "properties": {"id": "auto01471", "nom": "A1471", "auto": true, "z": -2.1, "saillie": 1.37}}, {"type": "Feature", "geometry": {"type": "Point", "coordinates": [-2.0883856, 48.6645652]}, "properties": {"id": "auto01472", "nom": "A1472", "auto": true, "z": 3.86, "saillie": 5.44}}, {"type": "Feature", "geometry": {"type": "Point", "coordinates": [-2.0198071, 48.6645565]}, "properties": {"id": "auto01473", "nom": "A1473", "auto": true, "z": -2.46, "saillie": 2.74}}, {"type": "Feature", "geometry": {"type": "Point", "coordinates": [-2.0254652, 48.6645341]}, "properties": {"id": "auto01474", "nom": "A1474", "auto": true, "z": 0.76, "saillie": 5.17}}, {"type": "Feature", "geometry": {"type": "Point", "coordinates": [-2.0852243, 48.66452]}, "properties": {"id": "auto01475", "nom": "A1475", "auto": true, "z": 5.33, "saillie": 8.54}}, {"type": "Feature", "geometry": {"type": "Point", "coordinates": [-2.0250281, 48.6645165]}, "properties": {"id": "auto01476", "nom": "A1476", "auto": true, "z": 0.74, "saillie": 6.3}}, {"type": "Feature", "geometry": {"type": "Point", "coordinates": [-2.0046148, 48.6644751]}, "properties": {"id": "auto01477", "nom": "A1477", "auto": true, "z": -0.27, "saillie": 2.49}}, {"type": "Feature", "geometry": {"type": "Point", "coordinates": [-2.0943618, 48.6644538]}, "properties": {"id": "auto01478", "nom": "A1478", "auto": true, "z": -1.36, "saillie": 4.39}}, {"type": "Feature", "geometry": {"type": "Point", "coordinates": [-2.0145689, 48.6644167]}, "properties": {"id": "auto01479", "nom": "A1479", "auto": true, "z": 2.15, "saillie": 3.41}}, {"type": "Feature", "geometry": {"type": "Point", "coordinates": [-2.0936502, 48.6644121]}, "properties": {"id": "auto01480", "nom": "A1480", "auto": true, "z": -0.92, "saillie": 4.93}}, {"type": "Feature", "geometry": {"type": "Point", "coordinates": [-2.0946835, 48.664404]}, "properties": {"id": "auto01481", "nom": "A1481", "auto": true, "z": -0.78, "saillie": 4.35}}, {"type": "Feature", "geometry": {"type": "Point", "coordinates": [-2.0908719, 48.6643868]}, "properties": {"id": "auto01482", "nom": "A1482", "auto": true, "z": 1.01, "saillie": 4.95}}, {"type": "Feature", "geometry": {"type": "Point", "coordinates": [-2.0866808, 48.6643857]}, "properties": {"id": "auto01483", "nom": "A1483", "auto": true, "z": 6.02, "saillie": 4.39}}, {"type": "Feature", "geometry": {"type": "Point", "coordinates": [-2.0127663, 48.6643485]}, "properties": {"id": "auto01484", "nom": "A1484", "auto": true, "z": -1.68, "saillie": 2.02}}, {"type": "Feature", "geometry": {"type": "Point", "coordinates": [-2.0410127, 48.6643454]}, "properties": {"id": "auto01485", "nom": "A1485", "auto": true, "z": 2.81, "saillie": 4.65}}, {"type": "Feature", "geometry": {"type": "Point", "coordinates": [-2.0859692, 48.664344]}, "properties": {"id": "auto01486", "nom": "A1486", "auto": true, "z": 7.11, "saillie": 3.81}}, {"type": "Feature", "geometry": {"type": "Point", "coordinates": [-2.0190206, 48.6643012]}, "properties": {"id": "auto01487", "nom": "A1487", "auto": true, "z": 1.76, "saillie": 6.09}}, {"type": "Feature", "geometry": {"type": "Point", "coordinates": [-2.0250073, 48.6643011]}, "properties": {"id": "auto01488", "nom": "A1488", "auto": true, "z": -0.98, "saillie": 3.74}}, {"type": "Feature", "geometry": {"type": "Point", "coordinates": [-2.0869955, 48.6642641]}, "properties": {"id": "auto01489", "nom": "A1489", "auto": true, "z": 4.79, "saillie": 5.79}}, {"type": "Feature", "geometry": {"type": "Point", "coordinates": [-2.0880831, 48.6642536]}, "properties": {"id": "auto01490", "nom": "A1490", "auto": true, "z": 5.06, "saillie": 4.53}}, {"type": "Feature", "geometry": {"type": "Point", "coordinates": [-2.025817, 48.6642308]}, "properties": {"id": "auto01491", "nom": "A1491", "auto": true, "z": 4.5, "saillie": 9.23}}, {"type": "Feature", "geometry": {"type": "Point", "coordinates": [-2.0174349, 48.6642239]}, "properties": {"id": "auto01492", "nom": "A1492", "auto": true, "z": -1.81, "saillie": 1.45}}, {"type": "Feature", "geometry": {"type": "Point", "coordinates": [-2.1016319, 48.6642145]}, "properties": {"id": "auto01493", "nom": "A1493", "auto": true, "z": -0.48, "saillie": 4.21}}, {"type": "Feature", "geometry": {"type": "Point", "coordinates": [-2.1032072, 48.6641831]}, "properties": {"id": "auto01494", "nom": "A1494", "auto": true, "z": 0.76, "saillie": 6.18}}, {"type": "Feature", "geometry": {"type": "Point", "coordinates": [-2.0856265, 48.6641783]}, "properties": {"id": "auto01495", "nom": "A1495", "auto": true, "z": 7.19, "saillie": 4.56}}, {"type": "Feature", "geometry": {"type": "Point", "coordinates": [-2.1044032, 48.6641679]}, "properties": {"id": "auto01496", "nom": "A1496", "auto": true, "z": -0.48, "saillie": 6.24}}, {"type": "Feature", "geometry": {"type": "Point", "coordinates": [-2.099504, 48.6641615]}, "properties": {"id": "auto01497", "nom": "A1497", "auto": true, "z": 1.64, "saillie": 5.73}}, {"type": "Feature", "geometry": {"type": "Point", "coordinates": [-2.015141, 48.6641403]}, "properties": {"id": "auto01498", "nom": "A1498", "auto": true, "z": 1.39, "saillie": 2.22}}, {"type": "Feature", "geometry": {"type": "Point", "coordinates": [-2.0067589, 48.6641326]}, "properties": {"id": "auto01499", "nom": "A1499", "auto": true, "z": 2.45, "saillie": 2.98}}, {"type": "Feature", "geometry": {"type": "Point", "coordinates": [-2.0859447, 48.6640926]}, "properties": {"id": "auto01500", "nom": "A1500", "auto": true, "z": 6.1, "saillie": 4.28}}, {"type": "Feature", "geometry": {"type": "Point", "coordinates": [-2.102055, 48.6640882]}, "properties": {"id": "auto01501", "nom": "A1501", "auto": true, "z": -1.85, "saillie": 3.14}}, {"type": "Feature", "geometry": {"type": "Point", "coordinates": [-2.0886653, 48.6640845]}, "properties": {"id": "auto01502", "nom": "A1502", "auto": true, "z": 5.21, "saillie": 7.21}}, {"type": "Feature", "geometry": {"type": "Point", "coordinates": [-2.1011807, 48.6640536]}, "properties": {"id": "auto01503", "nom": "A1503", "auto": true, "z": -1.9, "saillie": 2.21}}, {"type": "Feature", "geometry": {"type": "Point", "coordinates": [-2.0186136, 48.66403]}, "properties": {"id": "auto01504", "nom": "A1504", "auto": true, "z": -0.88, "saillie": 2.67}}, {"type": "Feature", "geometry": {"type": "Point", "coordinates": [-2.0874624, 48.6640278]}, "properties": {"id": "auto01505", "nom": "A1505", "auto": true, "z": 3.71, "saillie": 4.42}}, {"type": "Feature", "geometry": {"type": "Point", "coordinates": [-2.0951363, 48.664024]}, "properties": {"id": "auto01506", "nom": "A1506", "auto": true, "z": -1.68, "saillie": 2.5}}, {"type": "Feature", "geometry": {"type": "Point", "coordinates": [-2.0435395, 48.6640221]}, "properties": {"id": "auto01507", "nom": "A1507", "auto": true, "z": -1.07, "saillie": 1.54}}, {"type": "Feature", "geometry": {"type": "Point", "coordinates": [-2.0252507, 48.6640024]}, "properties": {"id": "auto01508", "nom": "A1508", "auto": true, "z": -2.26, "saillie": 3.04}}, {"type": "Feature", "geometry": {"type": "Point", "coordinates": [-2.0160487, 48.6639578]}, "properties": {"id": "auto01509", "nom": "A1509", "auto": true, "z": -0.34, "saillie": 1.42}}, {"type": "Feature", "geometry": {"type": "Point", "coordinates": [-2.0132162, 48.6639329]}, "properties": {"id": "auto01510", "nom": "A1510", "auto": true, "z": -1.16, "saillie": 1.45}}, {"type": "Feature", "geometry": {"type": "Point", "coordinates": [-2.0405917, 48.6639306]}, "properties": {"id": "auto01511", "nom": "A1511", "auto": true, "z": 3.29, "saillie": 5.08}}, {"type": "Feature", "geometry": {"type": "Point", "coordinates": [-2.0957797, 48.6639244]}, "properties": {"id": "auto01512", "nom": "A1512", "auto": true, "z": -1.52, "saillie": 3.31}}, {"type": "Feature", "geometry": {"type": "Point", "coordinates": [-2.102854, 48.6639098]}, "properties": {"id": "auto01513", "nom": "A1513", "auto": true, "z": -0.23, "saillie": 4.14}}, {"type": "Feature", "geometry": {"type": "Point", "coordinates": [-2.0842907, 48.6638749]}, "properties": {"id": "auto01514", "nom": "A1514", "auto": true, "z": 0.46, "saillie": 4.35}}, {"type": "Feature", "geometry": {"type": "Point", "coordinates": [-2.0305697, 48.6638498]}, "properties": {"id": "auto01515", "nom": "A1515", "auto": true, "z": -0.82, "saillie": 4.6}}, {"type": "Feature", "geometry": {"type": "Point", "coordinates": [-2.1036635, 48.663839]}, "properties": {"id": "auto01516", "nom": "A1516", "auto": true, "z": 1.2, "saillie": 4.5}}, {"type": "Feature", "geometry": {"type": "Point", "coordinates": [-2.0999025, 48.6637839]}, "properties": {"id": "auto01517", "nom": "A1517", "auto": true, "z": 4.03, "saillie": 4.21}}, {"type": "Feature", "geometry": {"type": "Point", "coordinates": [-2.0857506, 48.6637764]}, "properties": {"id": "auto01518", "nom": "A1518", "auto": true, "z": 6.73, "saillie": 6.32}}, {"type": "Feature", "geometry": {"type": "Point", "coordinates": [-2.0179355, 48.6637702]}, "properties": {"id": "auto01519", "nom": "A1519", "auto": true, "z": -1.41, "saillie": 1.81}}, {"type": "Feature", "geometry": {"type": "Point", "coordinates": [-2.0154317, 48.6637675]}, "properties": {"id": "auto01520", "nom": "A1520", "auto": true, "z": 2.01, "saillie": 2.24}}, {"type": "Feature", "geometry": {"type": "Point", "coordinates": [-2.0995196, 48.6637642]}, "properties": {"id": "auto01521", "nom": "A1521", "auto": true, "z": 3.54, "saillie": 6.09}}, {"type": "Feature", "geometry": {"type": "Point", "coordinates": [-2.0861301, 48.6637602]}, "properties": {"id": "auto01522", "nom": "A1522", "auto": true, "z": 4.18, "saillie": 3.77}}, {"type": "Feature", "geometry": {"type": "Point", "coordinates": [-2.0548889, 48.663757]}, "properties": {"id": "auto01523", "nom": "A1523", "auto": true, "z": 0.17, "saillie": 4.14}}, {"type": "Feature", "geometry": {"type": "Point", "coordinates": [-2.0151031, 48.6637453]}, "properties": {"id": "auto01524", "nom": "A1524", "auto": true, "z": 1.62, "saillie": 1.81}}, {"type": "Feature", "geometry": {"type": "Point", "coordinates": [-2.1020199, 48.6637292]}, "properties": {"id": "auto01525", "nom": "A1525", "auto": true, "z": -1.65, "saillie": 2.39}}, {"type": "Feature", "geometry": {"type": "Point", "coordinates": [-2.1024535, 48.6637106]}, "properties": {"id": "auto01526", "nom": "A1526", "auto": true, "z": -1.27, "saillie": 2.82}}, {"type": "Feature", "geometry": {"type": "Point", "coordinates": [-2.0164005, 48.6636546]}, "properties": {"id": "auto01527", "nom": "A1527", "auto": true, "z": -1.12, "saillie": 1.32}}, {"type": "Feature", "geometry": {"type": "Point", "coordinates": [-2.0190669, 48.6636504]}, "properties": {"id": "auto01528", "nom": "A1528", "auto": true, "z": -2.29, "saillie": 1.92}}, {"type": "Feature", "geometry": {"type": "Point", "coordinates": [-2.1040253, 48.6636432]}, "properties": {"id": "auto01529", "nom": "A1529", "auto": true, "z": 3.24, "saillie": 7.89}}, {"type": "Feature", "geometry": {"type": "Point", "coordinates": [-2.0175965, 48.6636402]}, "properties": {"id": "auto01530", "nom": "A1530", "auto": true, "z": -1.16, "saillie": 1.54}}, {"type": "Feature", "geometry": {"type": "Point", "coordinates": [-2.0891111, 48.6636328]}, "properties": {"id": "auto01531", "nom": "A1531", "auto": true, "z": 2.18, "saillie": 3.68}}, {"type": "Feature", "geometry": {"type": "Point", "coordinates": [-2.0882946, 48.6636317]}, "properties": {"id": "auto01532", "nom": "A1532", "auto": true, "z": -0.0, "saillie": 1.11}}, {"type": "Feature", "geometry": {"type": "Point", "coordinates": [-2.1072879, 48.6636115]}, "properties": {"id": "auto01533", "nom": "A1533", "auto": true, "z": -1.64, "saillie": 6.21}}, {"type": "Feature", "geometry": {"type": "Point", "coordinates": [-2.0980894, 48.6636092]}, "properties": {"id": "auto01534", "nom": "A1534", "auto": true, "z": 2.29, "saillie": 6.39}}, {"type": "Feature", "geometry": {"type": "Point", "coordinates": [-2.0132394, 48.6636075]}, "properties": {"id": "auto01535", "nom": "A1535", "auto": true, "z": -0.66, "saillie": 1.61}}, {"type": "Feature", "geometry": {"type": "Point", "coordinates": [-2.0905781, 48.6636061]}, "properties": {"id": "auto01536", "nom": "A1536", "auto": true, "z": 0.57, "saillie": 2.17}}, {"type": "Feature", "geometry": {"type": "Point", "coordinates": [-2.0542211, 48.6636051]}, "properties": {"id": "auto01537", "nom": "A1537", "auto": true, "z": -0.97, "saillie": 3.15}}, {"type": "Feature", "geometry": {"type": "Point", "coordinates": [-2.0866039, 48.6635958]}, "properties": {"id": "auto01538", "nom": "A1538", "auto": true, "z": 4.99, "saillie": 5.7}}, {"type": "Feature", "geometry": {"type": "Point", "coordinates": [-2.100427, 48.6635811]}, "properties": {"id": "auto01539", "nom": "A1539", "auto": true, "z": 3.38, "saillie": 5.88}}, {"type": "Feature", "geometry": {"type": "Point", "coordinates": [-1.9912442, 48.6635223]}, "properties": {"id": "auto01540", "nom": "A1540", "auto": true, "z": 9.81, "saillie": 1.45}}, {"type": "Feature", "geometry": {"type": "Point", "coordinates": [-2.0137204, 48.6635151]}, "properties": {"id": "auto01541", "nom": "A1541", "auto": true, "z": -0.24, "saillie": 1.8}}, {"type": "Feature", "geometry": {"type": "Point", "coordinates": [-2.0869221, 48.6635101]}, "properties": {"id": "auto01542", "nom": "A1542", "auto": true, "z": 3.66, "saillie": 4.37}}, {"type": "Feature", "geometry": {"type": "Point", "coordinates": [-2.0852856, 48.6634718]}, "properties": {"id": "auto01543", "nom": "A1543", "auto": true, "z": 4.07, "saillie": 5.26}}, {"type": "Feature", "geometry": {"type": "Point", "coordinates": [-2.0185584, 48.6634555]}, "properties": {"id": "auto01544", "nom": "A1544", "auto": true, "z": -1.72, "saillie": 2.1}}, {"type": "Feature", "geometry": {"type": "Point", "coordinates": [-2.0127851, 48.6634103]}, "properties": {"id": "auto01545", "nom": "A1545", "auto": true, "z": -1.9, "saillie": 1.29}}, {"type": "Feature", "geometry": {"type": "Point", "coordinates": [-2.0180094, 48.6634065]}, "properties": {"id": "auto01546", "nom": "A1546", "auto": true, "z": -1.31, "saillie": 1.4}}, {"type": "Feature", "geometry": {"type": "Point", "coordinates": [-2.0189344, 48.6634036]}, "properties": {"id": "auto01547", "nom": "A1547", "auto": true, "z": -1.34, "saillie": 2.56}}, {"type": "Feature", "geometry": {"type": "Point", "coordinates": [-2.0140895, 48.6633914]}, "properties": {"id": "auto01548", "nom": "A1548", "auto": true, "z": -0.29, "saillie": 1.34}}, {"type": "Feature", "geometry": {"type": "Point", "coordinates": [-2.0985562, 48.6633729]}, "properties": {"id": "auto01549", "nom": "A1549", "auto": true, "z": 4.34, "saillie": 5.66}}, {"type": "Feature", "geometry": {"type": "Point", "coordinates": [-2.0999147, 48.6633507]}, "properties": {"id": "auto01550", "nom": "A1550", "auto": true, "z": 4.55, "saillie": 2.93}}, {"type": "Feature", "geometry": {"type": "Point", "coordinates": [-2.099586, 48.6633287]}, "properties": {"id": "auto01551", "nom": "A1551", "auto": true, "z": 4.55, "saillie": 4.39}}, {"type": "Feature", "geometry": {"type": "Point", "coordinates": [-2.0965909, 48.6633128]}, "properties": {"id": "auto01552", "nom": "A1552", "auto": true, "z": -1.38, "saillie": 3.23}}, {"type": "Feature", "geometry": {"type": "Point", "coordinates": [-2.103394, 48.6633098]}, "properties": {"id": "auto01553", "nom": "A1553", "auto": true, "z": 3.8, "saillie": 8.69}}, {"type": "Feature", "geometry": {"type": "Point", "coordinates": [-2.1072563, 48.6632883]}, "properties": {"id": "auto01554", "nom": "A1554", "auto": true, "z": 0.67, "saillie": 8.41}}, {"type": "Feature", "geometry": {"type": "Point", "coordinates": [-2.0872263, 48.6632807]}, "properties": {"id": "auto01555", "nom": "A1555", "auto": true, "z": 2.12, "saillie": 4.81}}, {"type": "Feature", "geometry": {"type": "Point", "coordinates": [-2.0902721, 48.6632587]}, "properties": {"id": "auto01556", "nom": "A1556", "auto": true, "z": 1.8, "saillie": 4.76}}, {"type": "Feature", "geometry": {"type": "Point", "coordinates": [-2.016742, 48.6632436]}, "properties": {"id": "auto01557", "nom": "A1557", "auto": true, "z": -0.9, "saillie": 1.82}}, {"type": "Feature", "geometry": {"type": "Point", "coordinates": [-2.0991418, 48.6632396]}, "properties": {"id": "auto01558", "nom": "A1558", "auto": true, "z": 4.44, "saillie": 5.97}}, {"type": "Feature", "geometry": {"type": "Point", "coordinates": [-2.0153258, 48.6632312]}, "properties": {"id": "auto01559", "nom": "A1559", "auto": true, "z": 1.49, "saillie": 1.21}}, {"type": "Feature", "geometry": {"type": "Point", "coordinates": [-2.0944054, 48.6632261]}, "properties": {"id": "auto01560", "nom": "A1560", "auto": true, "z": -0.99, "saillie": 2.76}}, {"type": "Feature", "geometry": {"type": "Point", "coordinates": [-2.1003885, 48.6631862]}, "properties": {"id": "auto01561", "nom": "A1561", "auto": true, "z": 6.28, "saillie": 6.8}}, {"type": "Feature", "geometry": {"type": "Point", "coordinates": [-2.0891741, 48.6631614]}, "properties": {"id": "auto01562", "nom": "A1562", "auto": true, "z": 4.79, "saillie": 9.76}}, {"type": "Feature", "geometry": {"type": "Point", "coordinates": [-2.0843292, 48.6631521]}, "properties": {"id": "auto01563", "nom": "A1563", "auto": true, "z": 2.22, "saillie": 6.44}}, {"type": "Feature", "geometry": {"type": "Point", "coordinates": [-2.0525429, 48.6631355]}, "properties": {"id": "auto01564", "nom": "A1564", "auto": true, "z": -2.07, "saillie": 1.85}}, {"type": "Feature", "geometry": {"type": "Point", "coordinates": [-2.0035049, 48.6631158]}, "properties": {"id": "auto01565", "nom": "A1565", "auto": true, "z": 1.44, "saillie": 1.94}}, {"type": "Feature", "geometry": {"type": "Point", "coordinates": [-2.0158033, 48.6631029]}, "properties": {"id": "auto01566", "nom": "A1566", "auto": true, "z": 2.78, "saillie": 4.2}}, {"type": "Feature", "geometry": {"type": "Point", "coordinates": [-2.107564, 48.6630949]}, "properties": {"id": "auto01567", "nom": "A1567", "auto": true, "z": -0.59, "saillie": 8.16}}, {"type": "Feature", "geometry": {"type": "Point", "coordinates": [-2.0617886, 48.6630672]}, "properties": {"id": "auto01568", "nom": "A1568", "auto": true, "z": -1.61, "saillie": 5.73}}, {"type": "Feature", "geometry": {"type": "Point", "coordinates": [-2.0128049, 48.663049]}, "properties": {"id": "auto01569", "nom": "A1569", "auto": true, "z": -1.67, "saillie": 1.33}}, {"type": "Feature", "geometry": {"type": "Point", "coordinates": [-2.0876932, 48.6630445]}, "properties": {"id": "auto01570", "nom": "A1570", "auto": true, "z": -0.19, "saillie": 3.93}}, {"type": "Feature", "geometry": {"type": "Point", "coordinates": [-2.0996121, 48.6630392]}, "properties": {"id": "auto01571", "nom": "A1571", "auto": true, "z": 6.1, "saillie": 6.16}}, {"type": "Feature", "geometry": {"type": "Point", "coordinates": [-2.017321, 48.663039]}, "properties": {"id": "auto01572", "nom": "A1572", "auto": true, "z": -1.07, "saillie": 1.49}}, {"type": "Feature", "geometry": {"type": "Point", "coordinates": [-2.033702, 48.6630324]}, "properties": {"id": "auto01573", "nom": "A1573", "auto": true, "z": -1.06, "saillie": 3.69}}, {"type": "Feature", "geometry": {"type": "Point", "coordinates": [-2.0906305, 48.663027]}, "properties": {"id": "auto01574", "nom": "A1574", "auto": true, "z": -0.56, "saillie": 4.25}}, {"type": "Feature", "geometry": {"type": "Point", "coordinates": [-2.0622729, 48.6630106]}, "properties": {"id": "auto01575", "nom": "A1575", "auto": true, "z": -1.79, "saillie": 5.37}}, {"type": "Feature", "geometry": {"type": "Point", "coordinates": [-2.0184593, 48.662991]}, "properties": {"id": "auto01576", "nom": "A1576", "auto": true, "z": 0.82, "saillie": 4.33}}, {"type": "Feature", "geometry": {"type": "Point", "coordinates": [-2.0973724, 48.6629549]}, "properties": {"id": "auto01577", "nom": "A1577", "auto": true, "z": -2.05, "saillie": 2.03}}, {"type": "Feature", "geometry": {"type": "Point", "coordinates": [-2.0950313, 48.6629469]}, "properties": {"id": "auto01578", "nom": "A1578", "auto": true, "z": -2.43, "saillie": 1.32}}, {"type": "Feature", "geometry": {"type": "Point", "coordinates": [-2.0427274, 48.6629388]}, "properties": {"id": "auto01579", "nom": "A1579", "auto": true, "z": 1.11, "saillie": 3.28}}, {"type": "Feature", "geometry": {"type": "Point", "coordinates": [-2.1160367, 48.6629113]}, "properties": {"id": "auto01580", "nom": "A1580", "auto": true, "z": -2.11, "saillie": 6.69}}, {"type": "Feature", "geometry": {"type": "Point", "coordinates": [-2.1059676, 48.662911]}, "properties": {"id": "auto01581", "nom": "A1581", "auto": true, "z": 1.2, "saillie": 8.57}}, {"type": "Feature", "geometry": {"type": "Point", "coordinates": [-2.0034301, 48.6629026]}, "properties": {"id": "auto01582", "nom": "A1582", "auto": true, "z": 1.71, "saillie": 1.75}}, {"type": "Feature", "geometry": {"type": "Point", "coordinates": [-2.0180696, 48.6628993]}, "properties": {"id": "auto01583", "nom": "A1583", "auto": true, "z": 0.82, "saillie": 2.76}}, {"type": "Feature", "geometry": {"type": "Point", "coordinates": [-2.0132755, 48.6628489]}, "properties": {"id": "auto01584", "nom": "A1584", "auto": true, "z": -0.43, "saillie": 1.95}}, {"type": "Feature", "geometry": {"type": "Point", "coordinates": [-2.099974, 48.6628434]}, "properties": {"id": "auto01585", "nom": "A1585", "auto": true, "z": 3.96, "saillie": 2.96}}, {"type": "Feature", "geometry": {"type": "Point", "coordinates": [-2.1065026, 48.6628159]}, "properties": {"id": "auto01586", "nom": "A1586", "auto": true, "z": 0.94, "saillie": 6.88}}, {"type": "Feature", "geometry": {"type": "Point", "coordinates": [-2.0050528, 48.6627983]}, "properties": {"id": "auto01587", "nom": "A1587", "auto": true, "z": 5.68, "saillie": 4.99}}, {"type": "Feature", "geometry": {"type": "Point", "coordinates": [-2.0849412, 48.6627294]}, "properties": {"id": "auto01588", "nom": "A1588", "auto": true, "z": -0.0, "saillie": 4.27}}, {"type": "Feature", "geometry": {"type": "Point", "coordinates": [-2.0964772, 48.6627048]}, "properties": {"id": "auto01589", "nom": "A1589", "auto": true, "z": 1.09, "saillie": 4.35}}, {"type": "Feature", "geometry": {"type": "Point", "coordinates": [-2.1014811, 48.6626707]}, "properties": {"id": "auto01590", "nom": "A1590", "auto": true, "z": 1.33, "saillie": 2.99}}, {"type": "Feature", "geometry": {"type": "Point", "coordinates": [-2.060988, 48.6626686]}, "properties": {"id": "auto01591", "nom": "A1591", "auto": true, "z": -1.03, "saillie": 4.79}}, {"type": "Feature", "geometry": {"type": "Point", "coordinates": [-2.1010982, 48.662651]}, "properties": {"id": "auto01592", "nom": "A1592", "auto": true, "z": 4.26, "saillie": 6.18}}, {"type": "Feature", "geometry": {"type": "Point", "coordinates": [-2.0987571, 48.6626432]}, "properties": {"id": "auto01593", "nom": "A1593", "auto": true, "z": 4.35, "saillie": 6.45}}, {"type": "Feature", "geometry": {"type": "Point", "coordinates": [-2.0034568, 48.6626131]}, "properties": {"id": "auto01594", "nom": "A1594", "auto": true, "z": 1.91, "saillie": 1.23}}, {"type": "Feature", "geometry": {"type": "Point", "coordinates": [-2.0904259, 48.6626031]}, "properties": {"id": "auto01595", "nom": "A1595", "auto": true, "z": -1.5, "saillie": 3.88}}, {"type": "Feature", "geometry": {"type": "Point", "coordinates": [-2.0618517, 48.6625958]}, "properties": {"id": "auto01596", "nom": "A1596", "auto": true, "z": -0.12, "saillie": 3.75}}, {"type": "Feature", "geometry": {"type": "Point", "coordinates": [-2.0407887, 48.6625883]}, "properties": {"id": "auto01597", "nom": "A1597", "auto": true, "z": 0.3, "saillie": 2.46}}, {"type": "Feature", "geometry": {"type": "Point", "coordinates": [-2.0127059, 48.6625845]}, "properties": {"id": "auto01598", "nom": "A1598", "auto": true, "z": 0.16, "saillie": 2.16}}, {"type": "Feature", "geometry": {"type": "Point", "coordinates": [-2.0144473, 48.6625832]}, "properties": {"id": "auto01599", "nom": "A1599", "auto": true, "z": 1.3, "saillie": 2.32}}, {"type": "Feature", "geometry": {"type": "Point", "coordinates": [-2.0043782, 48.6625743]}, "properties": {"id": "auto01600", "nom": "A1600", "auto": true, "z": 6.68, "saillie": 5.01}}, {"type": "Feature", "geometry": {"type": "Point", "coordinates": [-2.0641894, 48.6625685]}, "properties": {"id": "auto01601", "nom": "A1601", "auto": true, "z": 0.93, "saillie": 8.89}}, {"type": "Feature", "geometry": {"type": "Point", "coordinates": [-2.0148809, 48.662565]}, "properties": {"id": "auto01602", "nom": "A1602", "auto": true, "z": 1.34, "saillie": 1.58}}, {"type": "Feature", "geometry": {"type": "Point", "coordinates": [-2.0388812, 48.6625609]}, "properties": {"id": "auto01603", "nom": "A1603", "auto": true, "z": 1.93, "saillie": 3.87}}, {"type": "Feature", "geometry": {"type": "Point", "coordinates": [-2.0908525, 48.6625128]}, "properties": {"id": "auto01604", "nom": "A1604", "auto": true, "z": -1.87, "saillie": 3.49}}, {"type": "Feature", "geometry": {"type": "Point", "coordinates": [-2.0983601, 48.6624799]}, "properties": {"id": "auto01605", "nom": "A1605", "auto": true, "z": 1.69, "saillie": 4.82}}, {"type": "Feature", "geometry": {"type": "Point", "coordinates": [-2.0612958, 48.6624753]}, "properties": {"id": "auto01606", "nom": "A1606", "auto": true, "z": -0.83, "saillie": 3.53}}, {"type": "Feature", "geometry": {"type": "Point", "coordinates": [-2.096019, 48.662472]}, "properties": {"id": "auto01607", "nom": "A1607", "auto": true, "z": -1.72, "saillie": 1.46}}, {"type": "Feature", "geometry": {"type": "Point", "coordinates": [-2.1039096, 48.6624584]}, "properties": {"id": "auto01608", "nom": "A1608", "auto": true, "z": 1.46, "saillie": 7.64}}, {"type": "Feature", "geometry": {"type": "Point", "coordinates": [-2.1016226, 48.6624483]}, "properties": {"id": "auto01609", "nom": "A1609", "auto": true, "z": 5.96, "saillie": 8.37}}, {"type": "Feature", "geometry": {"type": "Point", "coordinates": [-2.1008603, 48.6624449]}, "properties": {"id": "auto01610", "nom": "A1610", "auto": true, "z": 9.22, "saillie": 8.45}}, {"type": "Feature", "geometry": {"type": "Point", "coordinates": [-2.0622138, 48.6624002]}, "properties": {"id": "auto01611", "nom": "A1611", "auto": true, "z": 0.63, "saillie": 6.49}}, {"type": "Feature", "geometry": {"type": "Point", "coordinates": [-2.0901339, 48.6623993]}, "properties": {"id": "auto01612", "nom": "A1612", "auto": true, "z": 0.56, "saillie": 6.12}}, {"type": "Feature", "geometry": {"type": "Point", "coordinates": [-2.017259, 48.6623927]}, "properties": {"id": "auto01613", "nom": "A1613", "auto": true, "z": -1.34, "saillie": 1.19}}, {"type": "Feature", "geometry": {"type": "Point", "coordinates": [-2.0130139, 48.6623913]}, "properties": {"id": "auto01614", "nom": "A1614", "auto": true, "z": 0.33, "saillie": 1.65}}, {"type": "Feature", "geometry": {"type": "Point", "coordinates": [-2.0896968, 48.6623819]}, "properties": {"id": "auto01615", "nom": "A1615", "auto": true, "z": -1.13, "saillie": 4.43}}, {"type": "Feature", "geometry": {"type": "Point", "coordinates": [-2.0964998, 48.6623793]}, "properties": {"id": "auto01616", "nom": "A1616", "auto": true, "z": 0.72, "saillie": 3.78}}, {"type": "Feature", "geometry": {"type": "Point", "coordinates": [-2.0334736, 48.6623571]}, "properties": {"id": "auto01617", "nom": "A1617", "auto": true, "z": -1.26, "saillie": 2.06}}, {"type": "Feature", "geometry": {"type": "Point", "coordinates": [-2.0161646, 48.6623306]}, "properties": {"id": "auto01618", "nom": "A1618", "auto": true, "z": -0.8, "saillie": 1.3}}, {"type": "Feature", "geometry": {"type": "Point", "coordinates": [-2.0976922, 48.6623282]}, "properties": {"id": "auto01619", "nom": "A1619", "auto": true, "z": 1.65, "saillie": 4.48}}, {"type": "Feature", "geometry": {"type": "Point", "coordinates": [-2.0987255, 48.66232]}, "properties": {"id": "auto01620", "nom": "A1620", "auto": true, "z": 1.25, "saillie": 2.96}}, {"type": "Feature", "geometry": {"type": "Point", "coordinates": [-2.1005211, 48.6623152]}, "properties": {"id": "auto01621", "nom": "A1621", "auto": true, "z": 6.84, "saillie": 4.62}}, {"type": "Feature", "geometry": {"type": "Point", "coordinates": [-2.0914312, 48.6623078]}, "properties": {"id": "auto01622", "nom": "A1622", "auto": true, "z": -2.42, "saillie": 2.53}}, {"type": "Feature", "geometry": {"type": "Point", "coordinates": [-2.0185564, 48.6623019]}, "properties": {"id": "auto01623", "nom": "A1623", "auto": true, "z": -1.81, "saillie": 1.96}}, {"type": "Feature", "geometry": {"type": "Point", "coordinates": [-2.054638, 48.6622895]}, "properties": {"id": "auto01624", "nom": "A1624", "auto": true, "z": 0.33, "saillie": 6.29}}, {"type": "Feature", "geometry": {"type": "Point", "coordinates": [-2.0385825, 48.6622852]}, "properties": {"id": "auto01625", "nom": "A1625", "auto": true, "z": 0.01, "saillie": 1.86}}, {"type": "Feature", "geometry": {"type": "Point", "coordinates": [-2.0607871, 48.6622806]}, "properties": {"id": "auto01626", "nom": "A1626", "auto": true, "z": -2.13, "saillie": 2.85}}, {"type": "Feature", "geometry": {"type": "Point", "coordinates": [-2.0119668, 48.6622551]}, "properties": {"id": "auto01627", "nom": "A1627", "auto": true, "z": 8.1, "saillie": 7.37}}, {"type": "Feature", "geometry": {"type": "Point", "coordinates": [-2.0539772, 48.6622094]}, "properties": {"id": "auto01628", "nom": "A1628", "auto": true, "z": -1.94, "saillie": 4.5}}, {"type": "Feature", "geometry": {"type": "Point", "coordinates": [-2.0882631, 48.6621909]}, "properties": {"id": "auto01629", "nom": "A1629", "auto": true, "z": -2.23, "saillie": 3.29}}, {"type": "Feature", "geometry": {"type": "Point", "coordinates": [-2.0969159, 48.6621812]}, "properties": {"id": "auto01630", "nom": "A1630", "auto": true, "z": -1.25, "saillie": 1.57}}, {"type": "Feature", "geometry": {"type": "Point", "coordinates": [-2.0624097, 48.6621755]}, "properties": {"id": "auto01631", "nom": "A1631", "auto": true, "z": -1.67, "saillie": 4.7}}, {"type": "Feature", "geometry": {"type": "Point", "coordinates": [-2.0542989, 48.6621597]}, "properties": {"id": "auto01632", "nom": "A1632", "auto": true, "z": -0.36, "saillie": 6.08}}, {"type": "Feature", "geometry": {"type": "Point", "coordinates": [-2.0990874, 48.6621243]}, "properties": {"id": "auto01633", "nom": "A1633", "auto": true, "z": 6.29, "saillie": 7.07}}, {"type": "Feature", "geometry": {"type": "Point", "coordinates": [-2.0641983, 48.6620994]}, "properties": {"id": "auto01634", "nom": "A1634", "auto": true, "z": 0.38, "saillie": 7.78}}, {"type": "Feature", "geometry": {"type": "Point", "coordinates": [-2.061803, 48.6620932]}, "properties": {"id": "auto01635", "nom": "A1635", "auto": true, "z": -0.03, "saillie": 5.14}}, {"type": "Feature", "geometry": {"type": "Point", "coordinates": [-2.0610915, 48.6620513]}, "properties": {"id": "auto01636", "nom": "A1636", "auto": true, "z": -1.24, "saillie": 3.08}}, {"type": "Feature", "geometry": {"type": "Point", "coordinates": [-2.0995682, 48.6620316]}, "properties": {"id": "auto01637", "nom": "A1637", "auto": true, "z": 9.4, "saillie": 7.82}}, {"type": "Feature", "geometry": {"type": "Point", "coordinates": [-2.0421495, 48.662026]}, "properties": {"id": "auto01638", "nom": "A1638", "auto": true, "z": 0.68, "saillie": 2.23}}, {"type": "Feature", "geometry": {"type": "Point", "coordinates": [-2.0122713, 48.662026]}, "properties": {"id": "auto01639", "nom": "A1639", "auto": true, "z": 8.86, "saillie": 7.28}}, {"type": "Feature", "geometry": {"type": "Point", "coordinates": [-2.0980436, 48.6620248]}, "properties": {"id": "auto01640", "nom": "A1640", "auto": true, "z": -0.68, "saillie": 1.25}}, {"type": "Feature", "geometry": {"type": "Point", "coordinates": [-2.011509, 48.662022]}, "properties": {"id": "auto01641", "nom": "A1641", "auto": true, "z": 3.58, "saillie": 4.41}}, {"type": "Feature", "geometry": {"type": "Point", "coordinates": [-2.0833467, 48.6620043]}, "properties": {"id": "auto01642", "nom": "A1642", "auto": true, "z": -1.43, "saillie": 3.9}}, {"type": "Feature", "geometry": {"type": "Point", "coordinates": [-2.0607051, 48.6619956]}, "properties": {"id": "auto01643", "nom": "A1643", "auto": true, "z": -0.85, "saillie": 3.93}}, {"type": "Feature", "geometry": {"type": "Point", "coordinates": [-2.0837261, 48.6619881]}, "properties": {"id": "auto01644", "nom": "A1644", "auto": true, "z": -1.32, "saillie": 4.01}}, {"type": "Feature", "geometry": {"type": "Point", "coordinates": [-2.0333814, 48.6619644]}, "properties": {"id": "auto01645", "nom": "A1645", "auto": true, "z": -1.36, "saillie": 1.93}}, {"type": "Feature", "geometry": {"type": "Point", "coordinates": [-2.0179222, 48.6619321]}, "properties": {"id": "auto01646", "nom": "A1646", "auto": true, "z": 1.87, "saillie": 4.71}}, {"type": "Feature", "geometry": {"type": "Point", "coordinates": [-2.0909591, 48.6619314]}, "properties": {"id": "auto01647", "nom": "A1647", "auto": true, "z": -2.12, "saillie": 3.04}}, {"type": "Feature", "geometry": {"type": "Point", "coordinates": [-2.0953126, 48.6619254]}, "properties": {"id": "auto01648", "nom": "A1648", "auto": true, "z": -1.83, "saillie": 1.29}}, {"type": "Feature", "geometry": {"type": "Point", "coordinates": [-2.0860602, 48.6619245]}, "properties": {"id": "auto01649", "nom": "A1649", "auto": true, "z": -2.45, "saillie": 2.64}}, {"type": "Feature", "geometry": {"type": "Point", "coordinates": [-2.0919924, 48.6619232]}, "properties": {"id": "auto01650", "nom": "A1650", "auto": true, "z": -2.38, "saillie": 2.94}}, {"type": "Feature", "geometry": {"type": "Point", "coordinates": [-2.0172649, 48.6618877]}, "properties": {"id": "auto01651", "nom": "A1651", "auto": true, "z": 3.3, "saillie": 4.6}}, {"type": "Feature", "geometry": {"type": "Point", "coordinates": [-2.1004249, 48.6618867]}, "properties": {"id": "auto01652", "nom": "A1652", "auto": true, "z": 6.75, "saillie": 4.41}}, {"type": "Feature", "geometry": {"type": "Point", "coordinates": [-2.0539459, 48.6618862]}, "properties": {"id": "auto01653", "nom": "A1653", "auto": true, "z": -1.64, "saillie": 3.74}}, {"type": "Feature", "geometry": {"type": "Point", "coordinates": [-2.1162057, 48.6618584]}, "properties": {"id": "auto01654", "nom": "A1654", "auto": true, "z": -0.63, "saillie": 8.74}}, {"type": "Feature", "geometry": {"type": "Point", "coordinates": [-2.098951, 48.6618417]}, "properties": {"id": "auto01655", "nom": "A1655", "auto": true, "z": 4.8, "saillie": 6.37}}, {"type": "Feature", "geometry": {"type": "Point", "coordinates": [-2.0536138, 48.6618282]}, "properties": {"id": "auto01656", "nom": "A1656", "auto": true, "z": -0.17, "saillie": 5.0}}, {"type": "Feature", "geometry": {"type": "Point", "coordinates": [-2.0492568, 48.6617968]}, "properties": {"id": "auto01657", "nom": "A1657", "auto": true, "z": 1.23, "saillie": 5.13}}, {"type": "Feature", "geometry": {"type": "Point", "coordinates": [-2.1038971, 48.6617739]}, "properties": {"id": "auto01658", "nom": "A1658", "auto": true, "z": -0.65, "saillie": 5.96}}, {"type": "Feature", "geometry": {"type": "Point", "coordinates": [-2.0977988, 48.6617468]}, "properties": {"id": "auto01659", "nom": "A1659", "auto": true, "z": 1.52, "saillie": 2.97}}, {"type": "Feature", "geometry": {"type": "Point", "coordinates": [-2.1011731, 48.6617465]}, "properties": {"id": "auto01660", "nom": "A1660", "auto": true, "z": 5.65, "saillie": 7.58}}, {"type": "Feature", "geometry": {"type": "Point", "coordinates": [-2.1029145, 48.6617439]}, "properties": {"id": "auto01661", "nom": "A1661", "auto": true, "z": 7.72, "saillie": 10.94}}, {"type": "Feature", "geometry": {"type": "Point", "coordinates": [-2.2904262, 48.6617421]}, "properties": {"id": "auto01662", "nom": "A1662", "auto": true, "z": 5.66, "saillie": 5.21}}, {"type": "Feature", "geometry": {"type": "Point", "coordinates": [-2.0608433, 48.6617374]}, "properties": {"id": "auto01663", "nom": "A1663", "auto": true, "z": -1.48, "saillie": 1.63}}, {"type": "Feature", "geometry": {"type": "Point", "coordinates": [-2.1008444, 48.6617245]}, "properties": {"id": "auto01664", "nom": "A1664", "auto": true, "z": 6.53, "saillie": 6.02}}, {"type": "Feature", "geometry": {"type": "Point", "coordinates": [-2.0417389, 48.6617189]}, "properties": {"id": "auto01665", "nom": "A1665", "auto": true, "z": 2.9, "saillie": 4.53}}, {"type": "Feature", "geometry": {"type": "Point", "coordinates": [-2.0840233, 48.661687]}, "properties": {"id": "auto01666", "nom": "A1666", "auto": true, "z": -1.58, "saillie": 5.02}}, {"type": "Feature", "geometry": {"type": "Point", "coordinates": [-2.0121827, 48.6616692]}, "properties": {"id": "auto01667", "nom": "A1667", "auto": true, "z": 6.15, "saillie": 4.08}}, {"type": "Feature", "geometry": {"type": "Point", "coordinates": [-2.0332384, 48.6616099]}, "properties": {"id": "auto01668", "nom": "A1668", "auto": true, "z": -1.48, "saillie": 1.93}}, {"type": "Feature", "geometry": {"type": "Point", "coordinates": [-2.07846, 48.661564]}, "properties": {"id": "auto01669", "nom": "A1669", "auto": true, "z": -2.29, "saillie": 2.64}}, {"type": "Feature", "geometry": {"type": "Point", "coordinates": [-2.031873, 48.6615595]}, "properties": {"id": "auto01670", "nom": "A1670", "auto": true, "z": 0.78, "saillie": 4.06}}, {"type": "Feature", "geometry": {"type": "Point", "coordinates": [-2.1005017, 48.6615589]}, "properties": {"id": "auto01671", "nom": "A1671", "auto": true, "z": 9.87, "saillie": 7.36}}, {"type": "Feature", "geometry": {"type": "Point", "coordinates": [-2.0183755, 48.6615525]}, "properties": {"id": "auto01672", "nom": "A1672", "auto": true, "z": -2.05, "saillie": 1.36}}, {"type": "Feature", "geometry": {"type": "Point", "coordinates": [-2.0487954, 48.6615279]}, "properties": {"id": "auto01673", "nom": "A1673", "auto": true, "z": 0.26, "saillie": 3.73}}, {"type": "Feature", "geometry": {"type": "Point", "coordinates": [-2.1013147, 48.6615241]}, "properties": {"id": "auto01674", "nom": "A1674", "auto": true, "z": 7.58, "saillie": 12.0}}, {"type": "Feature", "geometry": {"type": "Point", "coordinates": [-2.0608225, 48.661522]}, "properties": {"id": "auto01675", "nom": "A1675", "auto": true, "z": -1.49, "saillie": 4.03}}, {"type": "Feature", "geometry": {"type": "Point", "coordinates": [-2.0910797, 48.6614936]}, "properties": {"id": "auto01676", "nom": "A1676", "auto": true, "z": -1.2, "saillie": 3.17}}, {"type": "Feature", "geometry": {"type": "Point", "coordinates": [-2.0530912, 48.6614899]}, "properties": {"id": "auto01677", "nom": "A1677", "auto": true, "z": -1.54, "saillie": 3.36}}, {"type": "Feature", "geometry": {"type": "Point", "coordinates": [-2.013961, 48.6614861]}, "properties": {"id": "auto01678", "nom": "A1678", "auto": true, "z": 0.96, "saillie": 1.39}}, {"type": "Feature", "geometry": {"type": "Point", "coordinates": [-2.0971168, 48.6614515]}, "properties": {"id": "auto01679", "nom": "A1679", "auto": true, "z": 0.65, "saillie": 3.13}}, {"type": "Feature", "geometry": {"type": "Point", "coordinates": [-2.0978756, 48.661419]}, "properties": {"id": "auto01680", "nom": "A1680", "auto": true, "z": -0.33, "saillie": 2.54}}, {"type": "Feature", "geometry": {"type": "Point", "coordinates": [-2.0413825, 48.6614095]}, "properties": {"id": "auto01681", "nom": "A1681", "auto": true, "z": 1.62, "saillie": 3.24}}, {"type": "Feature", "geometry": {"type": "Point", "coordinates": [-2.0524846, 48.6614075]}, "properties": {"id": "auto01682", "nom": "A1682", "auto": true, "z": -0.9, "saillie": 4.79}}, {"type": "Feature", "geometry": {"type": "Point", "coordinates": [-2.0906356, 48.6614044]}, "properties": {"id": "auto01683", "nom": "A1683", "auto": true, "z": -1.24, "saillie": 3.16}}, {"type": "Feature", "geometry": {"type": "Point", "coordinates": [-2.0615166, 48.6613843]}, "properties": {"id": "auto01684", "nom": "A1684", "auto": true, "z": 0.71, "saillie": 5.21}}, {"type": "Feature", "geometry": {"type": "Point", "coordinates": [-2.0159089, 48.661368]}, "properties": {"id": "auto01685", "nom": "A1685", "auto": true, "z": 1.8, "saillie": 3.09}}, {"type": "Feature", "geometry": {"type": "Point", "coordinates": [-2.061188, 48.6613622]}, "properties": {"id": "auto01686", "nom": "A1686", "auto": true, "z": 0.56, "saillie": 4.13}}, {"type": "Feature", "geometry": {"type": "Point", "coordinates": [-2.0933526, 48.6613603]}, "properties": {"id": "auto01687", "nom": "A1687", "auto": true, "z": -2.27, "saillie": 1.29}}, {"type": "Feature", "geometry": {"type": "Point", "coordinates": [-2.1036382, 48.6613524]}, "properties": {"id": "auto01688", "nom": "A1688", "auto": true, "z": 5.66, "saillie": 11.69}}, {"type": "Feature", "geometry": {"type": "Point", "coordinates": [-2.1000978, 48.6613238]}, "properties": {"id": "auto01689", "nom": "A1689", "auto": true, "z": 5.51, "saillie": 5.52}}, {"type": "Feature", "geometry": {"type": "Point", "coordinates": [-2.0536193, 48.6613233]}, "properties": {"id": "auto01690", "nom": "A1690", "auto": true, "z": -2.33, "saillie": 1.84}}, {"type": "Feature", "geometry": {"type": "Point", "coordinates": [-2.0135644, 48.6613226]}, "properties": {"id": "auto01691", "nom": "A1691", "auto": true, "z": 1.07, "saillie": 1.21}}, {"type": "Feature", "geometry": {"type": "Point", "coordinates": [-2.0419683, 48.6612765]}, "properties": {"id": "auto01692", "nom": "A1692", "auto": true, "z": 3.21, "saillie": 4.85}}, {"type": "Feature", "geometry": {"type": "Point", "coordinates": [-2.0138827, 48.6612371]}, "properties": {"id": "auto01693", "nom": "A1693", "auto": true, "z": 1.13, "saillie": 1.03}}, {"type": "Feature", "geometry": {"type": "Point", "coordinates": [-2.0995995, 48.661237]}, "properties": {"id": "auto01694", "nom": "A1694", "auto": true, "z": 6.48, "saillie": 5.98}}, {"type": "Feature", "geometry": {"type": "Point", "coordinates": [-2.1026451, 48.6612147]}, "properties": {"id": "auto01695", "nom": "A1695", "auto": true, "z": 10.1, "saillie": 8.5}}, {"type": "Feature", "geometry": {"type": "Point", "coordinates": [-2.1012289, 48.6612033]}, "properties": {"id": "auto01696", "nom": "A1696", "auto": true, "z": 5.69, "saillie": 10.13}}, {"type": "Feature", "geometry": {"type": "Point", "coordinates": [-2.0788587, 48.6611864]}, "properties": {"id": "auto01697", "nom": "A1697", "auto": true, "z": -2.06, "saillie": 3.29}}, {"type": "Feature", "geometry": {"type": "Point", "coordinates": [-2.0526263, 48.6611851]}, "properties": {"id": "auto01698", "nom": "A1698", "auto": true, "z": -2.15, "saillie": 2.28}}, {"type": "Feature", "geometry": {"type": "Point", "coordinates": [-2.0144755, 48.661176]}, "properties": {"id": "auto01699", "nom": "A1699", "auto": true, "z": 1.0, "saillie": 1.19}}, {"type": "Feature", "geometry": {"type": "Point", "coordinates": [-2.0313402, 48.6611133]}, "properties": {"id": "auto01700", "nom": "A1700", "auto": true, "z": -0.04, "saillie": 3.04}}, {"type": "Feature", "geometry": {"type": "Point", "coordinates": [-2.0851091, 48.6610998]}, "properties": {"id": "auto01701", "nom": "A1701", "auto": true, "z": 0.97, "saillie": 5.11}}, {"type": "Feature", "geometry": {"type": "Point", "coordinates": [-2.0255672, 48.6610688]}, "properties": {"id": "auto01702", "nom": "A1702", "auto": true, "z": -2.33, "saillie": 1.78}}, {"type": "Feature", "geometry": {"type": "Point", "coordinates": [-2.1030647, 48.6610525]}, "properties": {"id": "auto01703", "nom": "A1703", "auto": true, "z": 3.91, "saillie": 5.76}}, {"type": "Feature", "geometry": {"type": "Point", "coordinates": [-2.0151155, 48.6610409]}, "properties": {"id": "auto01704", "nom": "A1704", "auto": true, "z": 1.76, "saillie": 1.65}}, {"type": "Feature", "geometry": {"type": "Point", "coordinates": [-2.0613735, 48.6610298]}, "properties": {"id": "auto01705", "nom": "A1705", "auto": true, "z": 1.36, "saillie": 5.95}}, {"type": "Feature", "geometry": {"type": "Point", "coordinates": [-2.0979997, 48.6610171]}, "properties": {"id": "auto01706", "nom": "A1706", "auto": true, "z": 12.42, "saillie": 15.56}}, {"type": "Feature", "geometry": {"type": "Point", "coordinates": [-2.0991955, 48.661002]}, "properties": {"id": "auto01707", "nom": "A1707", "auto": true, "z": 4.97, "saillie": 6.6}}, {"type": "Feature", "geometry": {"type": "Point", "coordinates": [-2.014238, 48.6609697]}, "properties": {"id": "auto01708", "nom": "A1708", "auto": true, "z": 1.53, "saillie": 1.01}}, {"type": "Feature", "geometry": {"type": "Point", "coordinates": [-2.1033828, 48.6609667]}, "properties": {"id": "auto01709", "nom": "A1709", "auto": true, "z": 1.48, "saillie": 6.75}}, {"type": "Feature", "geometry": {"type": "Point", "coordinates": [-2.053964, 48.6609481]}, "properties": {"id": "auto01710", "nom": "A1710", "auto": true, "z": 3.85, "saillie": 7.07}}, {"type": "Feature", "geometry": {"type": "Point", "coordinates": [-2.1016922, 48.660931]}, "properties": {"id": "auto01711", "nom": "A1711", "auto": true, "z": 1.36, "saillie": 5.5}}, {"type": "Feature", "geometry": {"type": "Point", "coordinates": [-2.0135807, 48.6609253]}, "properties": {"id": "auto01712", "nom": "A1712", "auto": true, "z": 1.78, "saillie": 1.25}}, {"type": "Feature", "geometry": {"type": "Point", "coordinates": [-2.2894683, 48.6608832]}, "properties": {"id": "auto01713", "nom": "A1713", "auto": true, "z": 0.4, "saillie": 1.13}}, {"type": "Feature", "geometry": {"type": "Point", "coordinates": [-2.0995102, 48.6608803]}, "properties": {"id": "auto01714", "nom": "A1714", "auto": true, "z": 6.76, "saillie": 8.34}}, {"type": "Feature", "geometry": {"type": "Point", "coordinates": [-2.0311534, 48.6608689]}, "properties": {"id": "auto01715", "nom": "A1715", "auto": true, "z": -1.78, "saillie": 1.14}}, {"type": "Feature", "geometry": {"type": "Point", "coordinates": [-2.0855217, 48.6608659]}, "properties": {"id": "auto01716", "nom": "A1716", "auto": true, "z": 0.79, "saillie": 4.49}}, {"type": "Feature", "geometry": {"type": "Point", "coordinates": [-2.1024474, 48.6608626]}, "properties": {"id": "auto01717", "nom": "A1717", "auto": true, "z": 13.09, "saillie": 11.7}}, {"type": "Feature", "geometry": {"type": "Point", "coordinates": [-2.0985276, 48.6608503]}, "properties": {"id": "auto01718", "nom": "A1718", "auto": true, "z": 5.72, "saillie": 7.32}}, {"type": "Feature", "geometry": {"type": "Point", "coordinates": [-2.0960782, 48.660847]}, "properties": {"id": "auto01719", "nom": "A1719", "auto": true, "z": 2.46, "saillie": 5.26}}, {"type": "Feature", "geometry": {"type": "Point", "coordinates": [-2.0409984, 48.6608129]}, "properties": {"id": "auto01720", "nom": "A1720", "auto": true, "z": 1.01, "saillie": 2.67}}, {"type": "Feature", "geometry": {"type": "Point", "coordinates": [-2.0963999, 48.6607972]}, "properties": {"id": "auto01721", "nom": "A1721", "auto": true, "z": 2.34, "saillie": 5.14}}, {"type": "Feature", "geometry": {"type": "Point", "coordinates": [-2.0922633, 48.660794]}, "properties": {"id": "auto01722", "nom": "A1722", "auto": true, "z": -1.87, "saillie": 1.39}}, {"type": "Feature", "geometry": {"type": "Point", "coordinates": [-2.0560709, 48.6607865]}, "properties": {"id": "auto01723", "nom": "A1723", "auto": true, "z": -1.05, "saillie": 4.57}}, {"type": "Feature", "geometry": {"type": "Point", "coordinates": [-2.0161212, 48.6607462]}, "properties": {"id": "auto01724", "nom": "A1724", "auto": true, "z": -0.88, "saillie": 1.0}}, {"type": "Feature", "geometry": {"type": "Point", "coordinates": [-2.0485565, 48.6607449]}, "properties": {"id": "auto01725", "nom": "A1725", "auto": true, "z": -1.58, "saillie": 1.7}}, {"type": "Feature", "geometry": {"type": "Point", "coordinates": [-2.0492611, 48.660715]}, "properties": {"id": "auto01726", "nom": "A1726", "auto": true, "z": -2.38, "saillie": 1.44}}, {"type": "Feature", "geometry": {"type": "Point", "coordinates": [-2.0534484, 48.6606816]}, "properties": {"id": "auto01727", "nom": "A1727", "auto": true, "z": 3.39, "saillie": 5.78}}, {"type": "Feature", "geometry": {"type": "Point", "coordinates": [-2.0135565, 48.660674]}, "properties": {"id": "auto01728", "nom": "A1728", "auto": true, "z": 3.44, "saillie": 2.45}}, {"type": "Feature", "geometry": {"type": "Point", "coordinates": [-2.1021012, 48.6606611]}, "properties": {"id": "auto01729", "nom": "A1729", "auto": true, "z": 3.36, "saillie": 4.47}}, {"type": "Feature", "geometry": {"type": "Point", "coordinates": [-2.0123572, 48.6606524]}, "properties": {"id": "auto01730", "nom": "A1730", "auto": true, "z": 1.35, "saillie": 1.2}}, {"type": "Feature", "geometry": {"type": "Point", "coordinates": [-2.0846842, 48.6606493]}, "properties": {"id": "auto01731", "nom": "A1731", "auto": true, "z": 1.32, "saillie": 7.14}}, {"type": "Feature", "geometry": {"type": "Point", "coordinates": [-2.0982898, 48.6606442]}, "properties": {"id": "auto01732", "nom": "A1732", "auto": true, "z": 3.99, "saillie": 6.45}}, {"type": "Feature", "geometry": {"type": "Point", "coordinates": [-2.0611726, 48.6606418]}, "properties": {"id": "auto01733", "nom": "A1733", "auto": true, "z": -2.26, "saillie": 3.36}}, {"type": "Feature", "geometry": {"type": "Point", "coordinates": [-2.0616062, 48.6606234]}, "properties": {"id": "auto01734", "nom": "A1734", "auto": true, "z": -1.98, "saillie": 4.68}}, {"type": "Feature", "geometry": {"type": "Point", "coordinates": [-2.0397275, 48.6606143]}, "properties": {"id": "auto01735", "nom": "A1735", "auto": true, "z": 1.59, "saillie": 4.02}}, {"type": "Feature", "geometry": {"type": "Point", "coordinates": [-2.0995364, 48.6605908]}, "properties": {"id": "auto01736", "nom": "A1736", "auto": true, "z": 4.76, "saillie": 7.14}}, {"type": "Feature", "geometry": {"type": "Point", "coordinates": [-2.041079, 48.660521]}, "properties": {"id": "auto01737", "nom": "A1737", "auto": true, "z": 1.23, "saillie": 3.45}}, {"type": "Feature", "geometry": {"type": "Point", "coordinates": [-2.1028494, 48.6605209]}, "properties": {"id": "auto01738", "nom": "A1738", "auto": true, "z": 5.65, "saillie": 6.02}}, {"type": "Feature", "geometry": {"type": "Point", "coordinates": [-2.0987094, 48.660482]}, "properties": {"id": "auto01739", "nom": "A1739", "auto": true, "z": 2.31, "saillie": 4.81}}, {"type": "Feature", "geometry": {"type": "Point", "coordinates": [-2.0288285, 48.6604624]}, "properties": {"id": "auto01740", "nom": "A1740", "auto": true, "z": -2.01, "saillie": 2.01}}, {"type": "Feature", "geometry": {"type": "Point", "coordinates": [-2.0153314, 48.660455]}, "properties": {"id": "auto01741", "nom": "A1741", "auto": true, "z": 1.54, "saillie": 1.35}}, {"type": "Feature", "geometry": {"type": "Point", "coordinates": [-2.1034386, 48.6604235]}, "properties": {"id": "auto01742", "nom": "A1742", "auto": true, "z": 4.4, "saillie": 10.1}}, {"type": "Feature", "geometry": {"type": "Point", "coordinates": [-2.0743202, 48.6604065]}, "properties": {"id": "auto01743", "nom": "A1743", "auto": true, "z": -2.23, "saillie": 2.99}}, {"type": "Feature", "geometry": {"type": "Point", "coordinates": [-2.1020731, 48.6603739]}, "properties": {"id": "auto01744", "nom": "A1744", "auto": true, "z": 7.42, "saillie": 8.7}}, {"type": "Feature", "geometry": {"type": "Point", "coordinates": [-2.0613074, 48.6603477]}, "properties": {"id": "auto01745", "nom": "A1745", "auto": true, "z": -2.31, "saillie": 4.76}}, {"type": "Feature", "geometry": {"type": "Point", "coordinates": [-2.0547214, 48.6603391]}, "properties": {"id": "auto01746", "nom": "A1746", "auto": true, "z": -0.55, "saillie": 2.75}}, {"type": "Feature", "geometry": {"type": "Point", "coordinates": [-2.0736051, 48.6603289]}, "properties": {"id": "auto01747", "nom": "A1747", "auto": true, "z": -1.65, "saillie": 4.62}}, {"type": "Feature", "geometry": {"type": "Point", "coordinates": [-2.1015242, 48.6603253]}, "properties": {"id": "auto01748", "nom": "A1748", "auto": true, "z": 2.43, "saillie": 6.53}}, {"type": "Feature", "geometry": {"type": "Point", "coordinates": [-2.0118349, 48.6603139]}, "properties": {"id": "auto01749", "nom": "A1749", "auto": true, "z": 1.86, "saillie": 1.93}}, {"type": "Feature", "geometry": {"type": "Point", "coordinates": [-2.0854116, 48.6602937]}, "properties": {"id": "auto01750", "nom": "A1750", "auto": true, "z": -0.37, "saillie": 4.91}}, {"type": "Feature", "geometry": {"type": "Point", "coordinates": [-2.048403, 48.6602828]}, "properties": {"id": "auto01751", "nom": "A1751", "auto": true, "z": -1.71, "saillie": 1.69}}, {"type": "Feature", "geometry": {"type": "Point", "coordinates": [-2.0519941, 48.6602746]}, "properties": {"id": "auto01752", "nom": "A1752", "auto": true, "z": -2.07, "saillie": 1.4}}, {"type": "Feature", "geometry": {"type": "Point", "coordinates": [-2.0534609, 48.6602484]}, "properties": {"id": "auto01753", "nom": "A1753", "auto": true, "z": 5.31, "saillie": 5.9}}, {"type": "Feature", "geometry": {"type": "Point", "coordinates": [-2.0529697, 48.6602332]}, "properties": {"id": "auto01754", "nom": "A1754", "auto": true, "z": 3.26, "saillie": 6.53}}, {"type": "Feature", "geometry": {"type": "Point", "coordinates": [-2.1024927, 48.6602117]}, "properties": {"id": "auto01755", "nom": "A1755", "auto": true, "z": 7.98, "saillie": 5.72}}, {"type": "Feature", "geometry": {"type": "Point", "coordinates": [-2.098302, 48.660211]}, "properties": {"id": "auto01756", "nom": "A1756", "auto": true, "z": 1.37, "saillie": 4.57}}, {"type": "Feature", "geometry": {"type": "Point", "coordinates": [-2.0122006, 48.6601543]}, "properties": {"id": "auto01757", "nom": "A1757", "auto": true, "z": 2.97, "saillie": 1.85}}, {"type": "Feature", "geometry": {"type": "Point", "coordinates": [-2.0556831, 48.660154]}, "properties": {"id": "auto01758", "nom": "A1758", "auto": true, "z": 4.02, "saillie": 7.69}}, {"type": "Feature", "geometry": {"type": "Point", "coordinates": [-2.014921, 48.6601478]}, "properties": {"id": "auto01759", "nom": "A1759", "auto": true, "z": 2.12, "saillie": 1.03}}, {"type": "Feature", "geometry": {"type": "Point", "coordinates": [-2.1008528, 48.6601378]}, "properties": {"id": "auto01760", "nom": "A1760", "auto": true, "z": -1.36, "saillie": 3.43}}, {"type": "Feature", "geometry": {"type": "Point", "coordinates": [-2.0857228, 48.6601362]}, "properties": {"id": "auto01761", "nom": "A1761", "auto": true, "z": -0.8, "saillie": 4.6}}, {"type": "Feature", "geometry": {"type": "Point", "coordinates": [-2.0153004, 48.6601318]}, "properties": {"id": "auto01762", "nom": "A1762", "auto": true, "z": 1.55, "saillie": 1.28}}, {"type": "Feature", "geometry": {"type": "Point", "coordinates": [-2.0887142, 48.6601165]}, "properties": {"id": "auto01763", "nom": "A1763", "auto": true, "z": 0.14, "saillie": 3.56}}, {"type": "Feature", "geometry": {"type": "Point", "coordinates": [-2.0736891, 48.6600729]}, "properties": {"id": "auto01764", "nom": "A1764", "auto": true, "z": -0.83, "saillie": 4.78}}, {"type": "Feature", "geometry": {"type": "Point", "coordinates": [-2.0733604, 48.6600509]}, "properties": {"id": "auto01765", "nom": "A1765", "auto": true, "z": 0.48, "saillie": 6.59}}, {"type": "Feature", "geometry": {"type": "Point", "coordinates": [-2.0989383, 48.6600395]}, "properties": {"id": "auto01766", "nom": "A1766", "auto": true, "z": 0.49, "saillie": 4.08}}, {"type": "Feature", "geometry": {"type": "Point", "coordinates": [-2.0865288, 48.6600297]}, "properties": {"id": "auto01767", "nom": "A1767", "auto": true, "z": -0.25, "saillie": 3.98}}, {"type": "Feature", "geometry": {"type": "Point", "coordinates": [-2.0117532, 48.6600289]}, "properties": {"id": "auto01768", "nom": "A1768", "auto": true, "z": 2.15, "saillie": 2.02}}, {"type": "Feature", "geometry": {"type": "Point", "coordinates": [-2.0564315, 48.6600141]}, "properties": {"id": "auto01769", "nom": "A1769", "auto": true, "z": 2.34, "saillie": 6.38}}, {"type": "Feature", "geometry": {"type": "Point", "coordinates": [-2.0740615, 48.6599849]}, "properties": {"id": "auto01770", "nom": "A1770", "auto": true, "z": -2.27, "saillie": 2.05}}, {"type": "Feature", "geometry": {"type": "Point", "coordinates": [-2.0162656, 48.659983]}, "properties": {"id": "auto01771", "nom": "A1771", "auto": true, "z": 0.63, "saillie": 2.45}}, {"type": "Feature", "geometry": {"type": "Point", "coordinates": [-2.0879379, 48.6599694]}, "properties": {"id": "auto01772", "nom": "A1772", "auto": true, "z": 2.25, "saillie": 6.29}}, {"type": "Feature", "geometry": {"type": "Point", "coordinates": [-2.1025765, 48.6599557]}, "properties": {"id": "auto01773", "nom": "A1773", "auto": true, "z": 6.48, "saillie": 7.79}}, {"type": "Feature", "geometry": {"type": "Point", "coordinates": [-2.0759077, 48.6599423]}, "properties": {"id": "auto01774", "nom": "A1774", "auto": true, "z": -0.27, "saillie": 4.82}}, {"type": "Feature", "geometry": {"type": "Point", "coordinates": [-2.1005607, 48.659934]}, "properties": {"id": "auto01775", "nom": "A1775", "auto": true, "z": -0.15, "saillie": 4.85}}, {"type": "Feature", "geometry": {"type": "Point", "coordinates": [-2.0287225, 48.6599261]}, "properties": {"id": "auto01776", "nom": "A1776", "auto": true, "z": -1.72, "saillie": 1.99}}, {"type": "Feature", "geometry": {"type": "Point", "coordinates": [-1.9983001, 48.6599096]}, "properties": {"id": "auto01777", "nom": "A1777", "auto": true, "z": 13.32, "saillie": 4.85}}, {"type": "Feature", "geometry": {"type": "Point", "coordinates": [-2.0885848, 48.6599057]}, "properties": {"id": "auto01778", "nom": "A1778", "auto": true, "z": 1.06, "saillie": 4.27}}, {"type": "Feature", "geometry": {"type": "Point", "coordinates": [-2.059033, 48.6599035]}, "properties": {"id": "auto01779", "nom": "A1779", "auto": true, "z": 0.36, "saillie": 4.26}}, {"type": "Feature", "geometry": {"type": "Point", "coordinates": [-2.0126608, 48.6598465]}, "properties": {"id": "auto01780", "nom": "A1780", "auto": true, "z": 2.86, "saillie": 1.76}}, {"type": "Feature", "geometry": {"type": "Point", "coordinates": [-1.9973615, 48.6597687]}, "properties": {"id": "auto01781", "nom": "A1781", "auto": true, "z": 12.1, "saillie": 2.54}}, {"type": "Feature", "geometry": {"type": "Point", "coordinates": [-2.0564071, 48.6597627]}, "properties": {"id": "auto01782", "nom": "A1782", "auto": true, "z": 3.1, "saillie": 7.51}}, {"type": "Feature", "geometry": {"type": "Point", "coordinates": [-2.0157537, 48.6597522]}, "properties": {"id": "auto01783", "nom": "A1783", "auto": true, "z": 2.61, "saillie": 4.0}}, {"type": "Feature", "geometry": {"type": "Point", "coordinates": [-2.290714, 48.6597461]}, "properties": {"id": "auto01784", "nom": "A1784", "auto": true, "z": 0.35, "saillie": 1.09}}, {"type": "Feature", "geometry": {"type": "Point", "coordinates": [-2.0560785, 48.6597407]}, "properties": {"id": "auto01785", "nom": "A1785", "auto": true, "z": 2.45, "saillie": 4.41}}, {"type": "Feature", "geometry": {"type": "Point", "coordinates": [-2.0751245, 48.6597233]}, "properties": {"id": "auto01786", "nom": "A1786", "auto": true, "z": -2.21, "saillie": 2.03}}, {"type": "Feature", "geometry": {"type": "Point", "coordinates": [-2.088076, 48.6597112]}, "properties": {"id": "auto01787", "nom": "A1787", "auto": true, "z": 3.87, "saillie": 6.56}}, {"type": "Feature", "geometry": {"type": "Point", "coordinates": [-2.0287017, 48.6597106]}, "properties": {"id": "auto01788", "nom": "A1788", "auto": true, "z": -1.64, "saillie": 1.84}}, {"type": "Feature", "geometry": {"type": "Point", "coordinates": [-2.0153132, 48.6596987]}, "properties": {"id": "auto01789", "nom": "A1789", "auto": true, "z": 1.25, "saillie": 1.96}}, {"type": "Feature", "geometry": {"type": "Point", "coordinates": [-2.0597202, 48.6596941]}, "properties": {"id": "auto01790", "nom": "A1790", "auto": true, "z": -0.25, "saillie": 4.58}}, {"type": "Feature", "geometry": {"type": "Point", "coordinates": [-2.0522095, 48.6596886]}, "properties": {"id": "auto01791", "nom": "A1791", "auto": true, "z": 3.23, "saillie": 6.09}}, {"type": "Feature", "geometry": {"type": "Point", "coordinates": [-2.1027653, 48.6596592]}, "properties": {"id": "auto01792", "nom": "A1792", "auto": true, "z": 6.27, "saillie": 8.06}}, {"type": "Feature", "geometry": {"type": "Point", "coordinates": [-2.0918261, 48.659659]}, "properties": {"id": "auto01793", "nom": "A1793", "auto": true, "z": -2.47, "saillie": 1.76}}, {"type": "Feature", "geometry": {"type": "Point", "coordinates": [-2.0557428, 48.6596468]}, "properties": {"id": "auto01794", "nom": "A1794", "auto": true, "z": 0.74, "saillie": 3.57}}, {"type": "Feature", "geometry": {"type": "Point", "coordinates": [-2.0142189, 48.6596366]}, "properties": {"id": "auto01795", "nom": "A1795", "auto": true, "z": 1.75, "saillie": 1.09}}, {"type": "Feature", "geometry": {"type": "Point", "coordinates": [-2.0865987, 48.6596301]}, "properties": {"id": "auto01796", "nom": "A1796", "auto": true, "z": 3.52, "saillie": 7.09}}, {"type": "Feature", "geometry": {"type": "Point", "coordinates": [-2.0120405, 48.6596202]}, "properties": {"id": "auto01797", "nom": "A1797", "auto": true, "z": 2.04, "saillie": 1.48}}, {"type": "Feature", "geometry": {"type": "Point", "coordinates": [-2.0760931, 48.6596099]}, "properties": {"id": "auto01798", "nom": "A1798", "auto": true, "z": 2.76, "saillie": 6.8}}, {"type": "Feature", "geometry": {"type": "Point", "coordinates": [-2.0988963, 48.6596087]}, "properties": {"id": "auto01799", "nom": "A1799", "auto": true, "z": 1.71, "saillie": 7.2}}, {"type": "Feature", "geometry": {"type": "Point", "coordinates": [-2.0549771, 48.6596072]}, "properties": {"id": "auto01800", "nom": "A1800", "auto": true, "z": -0.93, "saillie": 1.87}}, {"type": "Feature", "geometry": {"type": "Point", "coordinates": [-2.059222, 48.6596071]}, "properties": {"id": "auto01801", "nom": "A1801", "auto": true, "z": 0.59, "saillie": 3.04}}, {"type": "Feature", "geometry": {"type": "Point", "coordinates": [-2.1032495, 48.6596024]}, "properties": {"id": "auto01802", "nom": "A1802", "auto": true, "z": 0.26, "saillie": 5.49}}, {"type": "Feature", "geometry": {"type": "Point", "coordinates": [-2.0899694, 48.6595941]}, "properties": {"id": "auto01803", "nom": "A1803", "auto": true, "z": 2.04, "saillie": 5.22}}, {"type": "Feature", "geometry": {"type": "Point", "coordinates": [-2.0757645, 48.6595878]}, "properties": {"id": "auto01804", "nom": "A1804", "auto": true, "z": 2.1, "saillie": 4.6}}, {"type": "Feature", "geometry": {"type": "Point", "coordinates": [-2.0954101, 48.6595777]}, "properties": {"id": "auto01805", "nom": "A1805", "auto": true, "z": -2.05, "saillie": 1.1}}, {"type": "Feature", "geometry": {"type": "Point", "coordinates": [-2.0949189, 48.6595627]}, "properties": {"id": "auto01806", "nom": "A1806", "auto": true, "z": -2.36, "saillie": 1.14}}, {"type": "Feature", "geometry": {"type": "Point", "coordinates": [-2.0741823, 48.6595471]}, "properties": {"id": "auto01807", "nom": "A1807", "auto": true, "z": -1.64, "saillie": 2.41}}, {"type": "Feature", "geometry": {"type": "Point", "coordinates": [-2.0519719, 48.6594824]}, "properties": {"id": "auto01808", "nom": "A1808", "auto": true, "z": 2.17, "saillie": 6.16}}, {"type": "Feature", "geometry": {"type": "Point", "coordinates": [-2.0554003, 48.659481]}, "properties": {"id": "auto01809", "nom": "A1809", "auto": true, "z": 1.0, "saillie": 4.87}}, {"type": "Feature", "geometry": {"type": "Point", "coordinates": [-2.1035642, 48.6594807]}, "properties": {"id": "auto01810", "nom": "A1810", "auto": true, "z": -1.94, "saillie": 4.96}}, {"type": "Feature", "geometry": {"type": "Point", "coordinates": [-2.0862018, 48.6594668]}, "properties": {"id": "auto01811", "nom": "A1811", "auto": true, "z": 0.44, "saillie": 6.17}}, {"type": "Feature", "geometry": {"type": "Point", "coordinates": [-2.0524597, 48.6594617]}, "properties": {"id": "auto01812", "nom": "A1812", "auto": true, "z": 4.59, "saillie": 6.77}}, {"type": "Feature", "geometry": {"type": "Point", "coordinates": [-2.0561049, 48.6594511]}, "properties": {"id": "auto01813", "nom": "A1813", "auto": true, "z": 3.13, "saillie": 7.63}}, {"type": "Feature", "geometry": {"type": "Point", "coordinates": [-2.0918593, 48.6594412]}, "properties": {"id": "auto01814", "nom": "A1814", "auto": true, "z": -2.28, "saillie": 1.95}}, {"type": "Feature", "geometry": {"type": "Point", "coordinates": [-2.0565927, 48.6594304]}, "properties": {"id": "auto01815", "nom": "A1815", "auto": true, "z": -0.67, "saillie": 6.71}}, {"type": "Feature", "geometry": {"type": "Point", "coordinates": [-2.0908226, 48.6594134]}, "properties": {"id": "auto01816", "nom": "A1816", "auto": true, "z": 4.99, "saillie": 7.8}}, {"type": "Feature", "geometry": {"type": "Point", "coordinates": [-2.0350397, 48.6594067]}, "properties": {"id": "auto01817", "nom": "A1817", "auto": true, "z": -0.9, "saillie": 1.33}}, {"type": "Feature", "geometry": {"type": "Point", "coordinates": [-2.1056779, 48.6593901]}, "properties": {"id": "auto01818", "nom": "A1818", "auto": true, "z": -0.73, "saillie": 6.47}}, {"type": "Feature", "geometry": {"type": "Point", "coordinates": [-2.0136493, 48.6593722]}, "properties": {"id": "auto01819", "nom": "A1819", "auto": true, "z": 2.65, "saillie": 1.66}}, {"type": "Feature", "geometry": {"type": "Point", "coordinates": [-2.0184903, 48.6593485]}, "properties": {"id": "auto01820", "nom": "A1820", "auto": true, "z": -0.9, "saillie": 1.3}}, {"type": "Feature", "geometry": {"type": "Point", "coordinates": [-2.0893995, 48.6593301]}, "properties": {"id": "auto01821", "nom": "A1821", "auto": true, "z": 2.19, "saillie": 4.94}}, {"type": "Feature", "geometry": {"type": "Point", "coordinates": [-2.0538619, 48.65933]}, "properties": {"id": "auto01822", "nom": "A1822", "auto": true, "z": 3.63, "saillie": 6.97}}, {"type": "Feature", "geometry": {"type": "Point", "coordinates": [-2.0590316, 48.6593268]}, "properties": {"id": "auto01823", "nom": "A1823", "auto": true, "z": 1.55, "saillie": 4.33}}, {"type": "Feature", "geometry": {"type": "Point", "coordinates": [-2.0878208, 48.6593255]}, "properties": {"id": "auto01824", "nom": "A1824", "auto": true, "z": 1.46, "saillie": 4.88}}, {"type": "Feature", "geometry": {"type": "Point", "coordinates": [-2.0890166, 48.6593104]}, "properties": {"id": "auto01825", "nom": "A1825", "auto": true, "z": 1.33, "saillie": 4.99}}, {"type": "Feature", "geometry": {"type": "Point", "coordinates": [-2.1053386, 48.6592604]}, "properties": {"id": "auto01826", "nom": "A1826", "auto": true, "z": 1.54, "saillie": 7.43}}, {"type": "Feature", "geometry": {"type": "Point", "coordinates": [-2.0817734, 48.6592593]}, "properties": {"id": "auto01827", "nom": "A1827", "auto": true, "z": -2.22, "saillie": 5.03}}, {"type": "Feature", "geometry": {"type": "Point", "coordinates": [-2.0926006, 48.6592292]}, "properties": {"id": "auto01828", "nom": "A1828", "auto": true, "z": -1.75, "saillie": 2.01}}, {"type": "Feature", "geometry": {"type": "Point", "coordinates": [-2.0745844, 48.6592055]}, "properties": {"id": "auto01829", "nom": "A1829", "auto": true, "z": 1.34, "saillie": 4.58}}, {"type": "Feature", "geometry": {"type": "Point", "coordinates": [-2.0764341, 48.6591987]}, "properties": {"id": "auto01830", "nom": "A1830", "auto": true, "z": 3.53, "saillie": 5.55}}, {"type": "Feature", "geometry": {"type": "Point", "coordinates": [-2.0760513, 48.659179]}, "properties": {"id": "auto01831", "nom": "A1831", "auto": true, "z": 4.57, "saillie": 5.24}}, {"type": "Feature", "geometry": {"type": "Point", "coordinates": [-2.0921058, 48.6591783]}, "properties": {"id": "auto01832", "nom": "A1832", "auto": true, "z": -1.98, "saillie": 1.75}}, {"type": "Feature", "geometry": {"type": "Point", "coordinates": [-2.0178192, 48.6591604]}, "properties": {"id": "auto01833", "nom": "A1833", "auto": true, "z": 0.43, "saillie": 2.34}}, {"type": "Feature", "geometry": {"type": "Point", "coordinates": [-2.1016252, 48.6591312]}, "properties": {"id": "auto01834", "nom": "A1834", "auto": true, "z": -1.58, "saillie": 3.01}}, {"type": "Feature", "geometry": {"type": "Point", "coordinates": [-2.0547117, 48.6591137]}, "properties": {"id": "auto01835", "nom": "A1835", "auto": true, "z": 0.76, "saillie": 3.39}}, {"type": "Feature", "geometry": {"type": "Point", "coordinates": [-2.1020588, 48.6591126]}, "properties": {"id": "auto01836", "nom": "A1836", "auto": true, "z": -2.27, "saillie": 2.79}}, {"type": "Feature", "geometry": {"type": "Point", "coordinates": [-2.0906827, 48.6590949]}, "properties": {"id": "auto01837", "nom": "A1837", "auto": true, "z": 6.39, "saillie": 7.56}}, {"type": "Feature", "geometry": {"type": "Point", "coordinates": [-2.1048298, 48.6590659]}, "properties": {"id": "auto01838", "nom": "A1838", "auto": true, "z": 1.2, "saillie": 7.76}}, {"type": "Feature", "geometry": {"type": "Point", "coordinates": [-2.0133473, 48.6590605]}, "properties": {"id": "auto01839", "nom": "A1839", "auto": true, "z": 3.6, "saillie": 2.49}}, {"type": "Feature", "geometry": {"type": "Point", "coordinates": [-2.0900253, 48.6590509]}, "properties": {"id": "auto01840", "nom": "A1840", "auto": true, "z": 7.0, "saillie": 9.32}}, {"type": "Feature", "geometry": {"type": "Point", "coordinates": [-2.0598202, 48.6590409]}, "properties": {"id": "auto01841", "nom": "A1841", "auto": true, "z": -1.7, "saillie": 6.53}}, {"type": "Feature", "geometry": {"type": "Point", "coordinates": [-2.0590038, 48.6590395]}, "properties": {"id": "auto01842", "nom": "A1842", "auto": true, "z": 1.63, "saillie": 5.68}}, {"type": "Feature", "geometry": {"type": "Point", "coordinates": [-2.0895883, 48.6590336]}, "properties": {"id": "auto01843", "nom": "A1843", "auto": true, "z": 1.78, "saillie": 4.51}}, {"type": "Feature", "geometry": {"type": "Point", "coordinates": [-2.0251535, 48.6590313]}, "properties": {"id": "auto01844", "nom": "A1844", "auto": true, "z": -2.1, "saillie": 1.62}}, {"type": "Feature", "geometry": {"type": "Point", "coordinates": [-2.0183509, 48.6590299]}, "properties": {"id": "auto01845", "nom": "A1845", "auto": true, "z": 1.96, "saillie": 3.54}}, {"type": "Feature", "geometry": {"type": "Point", "coordinates": [-2.0892054, 48.6590139]}, "properties": {"id": "auto01846", "nom": "A1846", "auto": true, "z": 1.45, "saillie": 5.18}}, {"type": "Feature", "geometry": {"type": "Point", "coordinates": [-2.0815829, 48.658979]}, "properties": {"id": "auto01847", "nom": "A1847", "auto": true, "z": -0.12, "saillie": 6.53}}, {"type": "Feature", "geometry": {"type": "Point", "coordinates": [-2.052245, 48.65893]}, "properties": {"id": "auto01848", "nom": "A1848", "auto": true, "z": 1.42, "saillie": 4.88}}, {"type": "Feature", "geometry": {"type": "Point", "coordinates": [-2.0721037, 48.6588786]}, "properties": {"id": "auto01849", "nom": "A1849", "auto": true, "z": -2.18, "saillie": 1.43}}, {"type": "Feature", "geometry": {"type": "Point", "coordinates": [-2.0125678, 48.658877]}, "properties": {"id": "auto01850", "nom": "A1850", "auto": true, "z": 1.67, "saillie": 1.01}}, {"type": "Feature", "geometry": {"type": "Point", "coordinates": [-2.0882631, 48.6588379]}, "properties": {"id": "auto01851", "nom": "A1851", "auto": true, "z": -2.01, "saillie": 2.11}}, {"type": "Feature", "geometry": {"type": "Point", "coordinates": [-2.0827105, 48.6588227]}, "properties": {"id": "auto01852", "nom": "A1852", "auto": true, "z": -1.01, "saillie": 5.51}}, {"type": "Feature", "geometry": {"type": "Point", "coordinates": [-2.0909257, 48.6587961]}, "properties": {"id": "auto01853", "nom": "A1853", "auto": true, "z": 7.25, "saillie": 9.55}}, {"type": "Feature", "geometry": {"type": "Point", "coordinates": [-2.0285035, 48.6587817]}, "properties": {"id": "auto01854", "nom": "A1854", "auto": true, "z": -0.96, "saillie": 2.07}}, {"type": "Feature", "geometry": {"type": "Point", "coordinates": [-2.0847735, 48.6587707]}, "properties": {"id": "auto01855", "nom": "A1855", "auto": true, "z": -2.13, "saillie": 2.88}}, {"type": "Feature", "geometry": {"type": "Point", "coordinates": [-2.0850987, 48.6587568]}, "properties": {"id": "auto01856", "nom": "A1856", "auto": true, "z": -0.14, "saillie": 4.4}}, {"type": "Feature", "geometry": {"type": "Point", "coordinates": [-2.0528238, 48.6587252]}, "properties": {"id": "auto01857", "nom": "A1857", "auto": true, "z": -0.23, "saillie": 2.91}}, {"type": "Feature", "geometry": {"type": "Point", "coordinates": [-2.0760601, 48.6587099]}, "properties": {"id": "auto01858", "nom": "A1858", "auto": true, "z": 3.78, "saillie": 4.23}}, {"type": "Feature", "geometry": {"type": "Point", "coordinates": [-2.0836791, 48.6587093]}, "properties": {"id": "auto01859", "nom": "A1859", "auto": true, "z": -2.48, "saillie": 2.77}}, {"type": "Feature", "geometry": {"type": "Point", "coordinates": [-2.0755688, 48.6586948]}, "properties": {"id": "auto01860", "nom": "A1860", "auto": true, "z": 1.66, "saillie": 3.51}}, {"type": "Feature", "geometry": {"type": "Point", "coordinates": [-2.0876459, 48.6586479]}, "properties": {"id": "auto01861", "nom": "A1861", "auto": true, "z": -2.15, "saillie": 2.75}}, {"type": "Feature", "geometry": {"type": "Point", "coordinates": [-2.0895498, 48.6586386]}, "properties": {"id": "auto01862", "nom": "A1862", "auto": true, "z": -0.97, "saillie": 3.15}}, {"type": "Feature", "geometry": {"type": "Point", "coordinates": [-2.0922159, 48.6586328]}, "properties": {"id": "auto01863", "nom": "A1863", "auto": true, "z": 0.4, "saillie": 4.95}}, {"type": "Feature", "geometry": {"type": "Point", "coordinates": [-2.0551001, 48.6586285]}, "properties": {"id": "auto01864", "nom": "A1864", "auto": true, "z": 0.47, "saillie": 6.74}}, {"type": "Feature", "geometry": {"type": "Point", "coordinates": [-2.0925376, 48.6585829]}, "properties": {"id": "auto01865", "nom": "A1865", "auto": true, "z": 0.91, "saillie": 5.45}}, {"type": "Feature", "geometry": {"type": "Point", "coordinates": [-2.0817612, 48.6585748]}, "properties": {"id": "auto01866", "nom": "A1866", "auto": true, "z": -1.29, "saillie": 2.96}}, {"type": "Feature", "geometry": {"type": "Point", "coordinates": [-2.059067, 48.6585681]}, "properties": {"id": "auto01867", "nom": "A1867", "auto": true, "z": 0.1, "saillie": 9.25}}, {"type": "Feature", "geometry": {"type": "Point", "coordinates": [-2.0721807, 48.6585508]}, "properties": {"id": "auto01868", "nom": "A1868", "auto": true, "z": -1.32, "saillie": 2.53}}, {"type": "Feature", "geometry": {"type": "Point", "coordinates": [-2.0851861, 48.6585367]}, "properties": {"id": "auto01869", "nom": "A1869", "auto": true, "z": -1.88, "saillie": 2.53}}, {"type": "Feature", "geometry": {"type": "Point", "coordinates": [-2.0833802, 48.6584336]}, "properties": {"id": "auto01870", "nom": "A1870", "auto": true, "z": -0.3, "saillie": 2.92}}, {"type": "Feature", "geometry": {"type": "Point", "coordinates": [-2.0120894, 48.6584285]}, "properties": {"id": "auto01871", "nom": "A1871", "auto": true, "z": 1.43, "saillie": 1.16}}, {"type": "Feature", "geometry": {"type": "Point", "coordinates": [-2.0547541, 48.6584269]}, "properties": {"id": "auto01872", "nom": "A1872", "auto": true, "z": -1.62, "saillie": 4.29}}, {"type": "Feature", "geometry": {"type": "Point", "coordinates": [-2.0541002, 48.6584186]}, "properties": {"id": "auto01873", "nom": "A1873", "auto": true, "z": 0.12, "saillie": 4.93}}, {"type": "Feature", "geometry": {"type": "Point", "coordinates": [-2.0756493, 48.658403]}, "properties": {"id": "auto01874", "nom": "A1874", "auto": true, "z": 3.42, "saillie": 2.81}}, {"type": "Feature", "geometry": {"type": "Point", "coordinates": [-2.0760794, 48.6583486]}, "properties": {"id": "auto01875", "nom": "A1875", "auto": true, "z": 4.13, "saillie": 4.66}}, {"type": "Feature", "geometry": {"type": "Point", "coordinates": [-2.0906634, 48.6583386]}, "properties": {"id": "auto01876", "nom": "A1876", "auto": true, "z": -2.12, "saillie": 1.53}}, {"type": "Feature", "geometry": {"type": "Point", "coordinates": [-2.0884851, 48.6583236]}, "properties": {"id": "auto01877", "nom": "A1877", "auto": true, "z": -1.39, "saillie": 2.99}}, {"type": "Feature", "geometry": {"type": "Point", "coordinates": [-2.0842945, 48.6583224]}, "properties": {"id": "auto01878", "nom": "A1878", "auto": true, "z": -1.14, "saillie": 2.17}}, {"type": "Feature", "geometry": {"type": "Point", "coordinates": [-2.0522943, 48.658315]}, "properties": {"id": "auto01879", "nom": "A1879", "auto": true, "z": 0.62, "saillie": 3.39}}, {"type": "Feature", "geometry": {"type": "Point", "coordinates": [-2.1049187, 48.658305]}, "properties": {"id": "auto01880", "nom": "A1880", "auto": true, "z": 5.22, "saillie": 7.19}}, {"type": "Feature", "geometry": {"type": "Point", "coordinates": [-2.0655164, 48.6582938]}, "properties": {"id": "auto01881", "nom": "A1881", "auto": true, "z": -2.37, "saillie": 7.88}}, {"type": "Feature", "geometry": {"type": "Point", "coordinates": [-2.0926722, 48.6582888]}, "properties": {"id": "auto01882", "nom": "A1882", "auto": true, "z": -0.95, "saillie": 3.63}}, {"type": "Feature", "geometry": {"type": "Point", "coordinates": [-2.1028488, 48.6582855]}, "properties": {"id": "auto01883", "nom": "A1883", "auto": true, "z": 1.24, "saillie": 6.83}}, {"type": "Feature", "geometry": {"type": "Point", "coordinates": [-2.0911477, 48.6582819]}, "properties": {"id": "auto01884", "nom": "A1884", "auto": true, "z": -1.98, "saillie": 1.8}}, {"type": "Feature", "geometry": {"type": "Point", "coordinates": [-2.1039904, 48.6582727]}, "properties": {"id": "auto01885", "nom": "A1885", "auto": true, "z": 5.17, "saillie": 12.49}}, {"type": "Feature", "geometry": {"type": "Point", "coordinates": [-2.0534867, 48.6582644]}, "properties": {"id": "auto01886", "nom": "A1886", "auto": true, "z": -2.37, "saillie": 1.51}}, {"type": "Feature", "geometry": {"type": "Point", "coordinates": [-2.0778644, 48.6582364]}, "properties": {"id": "auto01887", "nom": "A1887", "auto": true, "z": 4.2, "saillie": 8.03}}, {"type": "Feature", "geometry": {"type": "Point", "coordinates": [-2.1068156, 48.6582236]}, "properties": {"id": "auto01888", "nom": "A1888", "auto": true, "z": 0.81, "saillie": 6.35}}, {"type": "Feature", "geometry": {"type": "Point", "coordinates": [-2.0851005, 48.6582159]}, "properties": {"id": "auto01889", "nom": "A1889", "auto": true, "z": -1.39, "saillie": 2.19}}, {"type": "Feature", "geometry": {"type": "Point", "coordinates": [-2.074978, 48.6582153]}, "properties": {"id": "auto01890", "nom": "A1890", "auto": true, "z": 3.36, "saillie": 5.66}}, {"type": "Feature", "geometry": {"type": "Point", "coordinates": [-2.0825969, 48.6582147]}, "properties": {"id": "auto01891", "nom": "A1891", "auto": true, "z": 1.33, "saillie": 3.49}}, {"type": "Feature", "geometry": {"type": "Point", "coordinates": [-2.0772613, 48.65819]}, "properties": {"id": "auto01892", "nom": "A1892", "auto": true, "z": 3.66, "saillie": 6.14}}, {"type": "Feature", "geometry": {"type": "Point", "coordinates": [-2.106104, 48.658182]}, "properties": {"id": "auto01893", "nom": "A1893", "auto": true, "z": -0.76, "saillie": 5.3}}, {"type": "Feature", "geometry": {"type": "Point", "coordinates": [-2.0658312, 48.6581723]}, "properties": {"id": "auto01894", "nom": "A1894", "auto": true, "z": -1.07, "saillie": 4.26}}, {"type": "Feature", "geometry": {"type": "Point", "coordinates": [-2.0938033, 48.6581682]}, "properties": {"id": "auto01895", "nom": "A1895", "auto": true, "z": -2.13, "saillie": 3.43}}, {"type": "Feature", "geometry": {"type": "Point", "coordinates": [-2.0902631, 48.6581394]}, "properties": {"id": "auto01896", "nom": "A1896", "auto": true, "z": -1.71, "saillie": 2.24}}, {"type": "Feature", "geometry": {"type": "Point", "coordinates": [-2.0858522, 48.6581117]}, "properties": {"id": "auto01897", "nom": "A1897", "auto": true, "z": -1.22, "saillie": 3.07}}, {"type": "Feature", "geometry": {"type": "Point", "coordinates": [-2.0761092, 48.6580949]}, "properties": {"id": "auto01898", "nom": "A1898", "auto": true, "z": 3.71, "saillie": 4.5}}, {"type": "Feature", "geometry": {"type": "Point", "coordinates": [-2.0887893, 48.6580943]}, "properties": {"id": "auto01899", "nom": "A1899", "auto": true, "z": -2.08, "saillie": 2.05}}, {"type": "Feature", "geometry": {"type": "Point", "coordinates": [-2.0821494, 48.6580896]}, "properties": {"id": "auto01900", "nom": "A1900", "auto": true, "z": 2.29, "saillie": 3.27}}, {"type": "Feature", "geometry": {"type": "Point", "coordinates": [-2.081604, 48.6580768]}, "properties": {"id": "auto01901", "nom": "A1901", "auto": true, "z": 2.85, "saillie": 3.51}}, {"type": "Feature", "geometry": {"type": "Point", "coordinates": [-2.0683242, 48.6580662]}, "properties": {"id": "auto01902", "nom": "A1902", "auto": true, "z": 2.26, "saillie": 8.32}}, {"type": "Feature", "geometry": {"type": "Point", "coordinates": [-2.0835585, 48.6580294]}, "properties": {"id": "auto01903", "nom": "A1903", "auto": true, "z": 2.58, "saillie": 4.47}}, {"type": "Feature", "geometry": {"type": "Point", "coordinates": [-2.0754484, 48.658015]}, "properties": {"id": "auto01904", "nom": "A1904", "auto": true, "z": 5.45, "saillie": 5.76}}, {"type": "Feature", "geometry": {"type": "Point", "coordinates": [-2.0658645, 48.6579545]}, "properties": {"id": "auto01905", "nom": "A1905", "auto": true, "z": -0.69, "saillie": 3.34}}, {"type": "Feature", "geometry": {"type": "Point", "coordinates": [-2.0929658, 48.6579517]}, "properties": {"id": "auto01906", "nom": "A1906", "auto": true, "z": -2.04, "saillie": 2.54}}, {"type": "Feature", "geometry": {"type": "Point", "coordinates": [-2.091333, 48.6579495]}, "properties": {"id": "auto01907", "nom": "A1907", "auto": true, "z": -1.76, "saillie": 2.09}}, {"type": "Feature", "geometry": {"type": "Point", "coordinates": [-2.077562, 48.6579248]}, "properties": {"id": "auto01908", "nom": "A1908", "auto": true, "z": 3.49, "saillie": 6.09}}, {"type": "Feature", "geometry": {"type": "Point", "coordinates": [-1.9923419, 48.6579244]}, "properties": {"id": "auto01909", "nom": "A1909", "auto": true, "z": 13.39, "saillie": 1.04}}, {"type": "Feature", "geometry": {"type": "Point", "coordinates": [-2.0853942, 48.6578789]}, "properties": {"id": "auto01910", "nom": "A1910", "auto": true, "z": -1.03, "saillie": 1.44}}, {"type": "Feature", "geometry": {"type": "Point", "coordinates": [-2.1064553, 48.6578785]}, "properties": {"id": "auto01911", "nom": "A1911", "auto": true, "z": -0.28, "saillie": 4.24}}, {"type": "Feature", "geometry": {"type": "Point", "coordinates": [-2.0814746, 48.657866]}, "properties": {"id": "auto01912", "nom": "A1912", "auto": true, "z": 2.68, "saillie": 5.18}}, {"type": "Feature", "geometry": {"type": "Point", "coordinates": [-2.0860445, 48.6578511]}, "properties": {"id": "auto01913", "nom": "A1913", "auto": true, "z": -1.01, "saillie": 2.68}}, {"type": "Feature", "geometry": {"type": "Point", "coordinates": [-2.0903435, 48.6578476]}, "properties": {"id": "auto01914", "nom": "A1914", "auto": true, "z": 0.36, "saillie": 4.33}}, {"type": "Feature", "geometry": {"type": "Point", "coordinates": [-2.0692823, 48.6578451]}, "properties": {"id": "auto01915", "nom": "A1915", "auto": true, "z": 2.79, "saillie": 7.7}}, {"type": "Feature", "geometry": {"type": "Point", "coordinates": [-2.0682456, 48.6578171]}, "properties": {"id": "auto01916", "nom": "A1916", "auto": true, "z": 2.67, "saillie": 6.59}}, {"type": "Feature", "geometry": {"type": "Point", "coordinates": [-2.0759729, 48.6578123]}, "properties": {"id": "auto01917", "nom": "A1917", "auto": true, "z": 5.07, "saillie": 4.81}}, {"type": "Feature", "geometry": {"type": "Point", "coordinates": [-2.0846249, 48.6578036]}, "properties": {"id": "auto01918", "nom": "A1918", "auto": true, "z": -0.05, "saillie": 1.8}}, {"type": "Feature", "geometry": {"type": "Point", "coordinates": [-2.0871826, 48.6578024]}, "properties": {"id": "auto01919", "nom": "A1919", "auto": true, "z": 5.75, "saillie": 7.55}}, {"type": "Feature", "geometry": {"type": "Point", "coordinates": [-2.0704205, 48.6577966]}, "properties": {"id": "auto01920", "nom": "A1920", "auto": true, "z": 1.16, "saillie": 6.2}}, {"type": "Feature", "geometry": {"type": "Point", "coordinates": [-2.0883242, 48.6577897]}, "properties": {"id": "auto01921", "nom": "A1921", "auto": true, "z": 1.19, "saillie": 5.06}}, {"type": "Feature", "geometry": {"type": "Point", "coordinates": [-2.0030467, 48.6577634]}, "properties": {"id": "auto01922", "nom": "A1922", "auto": true, "z": 9.85, "saillie": 1.63}}, {"type": "Feature", "geometry": {"type": "Point", "coordinates": [-2.0822264, 48.6577618]}, "properties": {"id": "auto01923", "nom": "A1923", "auto": true, "z": 0.35, "saillie": 2.09}}, {"type": "Feature", "geometry": {"type": "Point", "coordinates": [-2.1049745, 48.6577617]}, "properties": {"id": "auto01924", "nom": "A1924", "auto": true, "z": 2.07, "saillie": 6.62}}, {"type": "Feature", "geometry": {"type": "Point", "coordinates": [-2.0754781, 48.6577613]}, "properties": {"id": "auto01925", "nom": "A1925", "auto": true, "z": 5.44, "saillie": 6.05}}, {"type": "Feature", "geometry": {"type": "Point", "coordinates": [-2.0160519, 48.6577568]}, "properties": {"id": "auto01926", "nom": "A1926", "auto": true, "z": 3.08, "saillie": 2.87}}, {"type": "Feature", "geometry": {"type": "Point", "coordinates": [-2.0662806, 48.6577566]}, "properties": {"id": "auto01927", "nom": "A1927", "auto": true, "z": 2.65, "saillie": 5.83}}, {"type": "Feature", "geometry": {"type": "Point", "coordinates": [-2.0934361, 48.6577513]}, "properties": {"id": "auto01928", "nom": "A1928", "auto": true, "z": 0.4, "saillie": 5.2}}, {"type": "Feature", "geometry": {"type": "Point", "coordinates": [-1.9982023, 48.6577506]}, "properties": {"id": "auto01929", "nom": "A1929", "auto": true, "z": 13.57, "saillie": 1.28}}, {"type": "Feature", "geometry": {"type": "Point", "coordinates": [-2.0656268, 48.6577483]}, "properties": {"id": "auto01930", "nom": "A1930", "auto": true, "z": -0.07, "saillie": 5.54}}, {"type": "Feature", "geometry": {"type": "Point", "coordinates": [-2.0773785, 48.6577163]}, "properties": {"id": "auto01931", "nom": "A1931", "auto": true, "z": 3.27, "saillie": 5.42}}, {"type": "Feature", "geometry": {"type": "Point", "coordinates": [-2.0673646, 48.6577104]}, "properties": {"id": "auto01932", "nom": "A1932", "auto": true, "z": 0.62, "saillie": 3.76}}, {"type": "Feature", "geometry": {"type": "Point", "coordinates": [-2.0700306, 48.6577051]}, "properties": {"id": "auto01933", "nom": "A1933", "auto": true, "z": 2.06, "saillie": 7.14}}, {"type": "Feature", "geometry": {"type": "Point", "coordinates": [-2.1042052, 48.6576866]}, "properties": {"id": "auto01934", "nom": "A1934", "auto": true, "z": 5.76, "saillie": 8.51}}, {"type": "Feature", "geometry": {"type": "Point", "coordinates": [-2.0913592, 48.6576599]}, "properties": {"id": "auto01935", "nom": "A1935", "auto": true, "z": -0.19, "saillie": 3.26}}, {"type": "Feature", "geometry": {"type": "Point", "coordinates": [-2.0559853, 48.6576535]}, "properties": {"id": "auto01936", "nom": "A1936", "auto": true, "z": -0.7, "saillie": 5.15}}, {"type": "Feature", "geometry": {"type": "Point", "coordinates": [-2.0856442, 48.6576519]}, "properties": {"id": "auto01937", "nom": "A1937", "auto": true, "z": -0.35, "saillie": 1.31}}, {"type": "Feature", "geometry": {"type": "Point", "coordinates": [-2.0908137, 48.6576472]}, "properties": {"id": "auto01938", "nom": "A1938", "auto": true, "z": -0.58, "saillie": 2.88}}, {"type": "Feature", "geometry": {"type": "Point", "coordinates": [-2.0832491, 48.657646]}, "properties": {"id": "auto01939", "nom": "A1939", "auto": true, "z": 1.29, "saillie": 2.49}}, {"type": "Feature", "geometry": {"type": "Point", "coordinates": [-2.1053975, 48.6576354]}, "properties": {"id": "auto01940", "nom": "A1940", "auto": true, "z": -1.22, "saillie": 3.8}}, {"type": "Feature", "geometry": {"type": "Point", "coordinates": [-2.0155503, 48.6576337]}, "properties": {"id": "auto01941", "nom": "A1941", "auto": true, "z": 1.87, "saillie": 1.34}}, {"type": "Feature", "geometry": {"type": "Point", "coordinates": [-2.1057769, 48.6576192]}, "properties": {"id": "auto01942", "nom": "A1942", "auto": true, "z": -0.05, "saillie": 4.97}}, {"type": "Feature", "geometry": {"type": "Point", "coordinates": [-1.9988966, 48.6576133]}, "properties": {"id": "auto01943", "nom": "A1943", "auto": true, "z": 13.54, "saillie": 1.19}}, {"type": "Feature", "geometry": {"type": "Point", "coordinates": [-2.0238737, 48.6576072]}, "properties": {"id": "auto01944", "nom": "A1944", "auto": true, "z": 3.93, "saillie": 6.25}}, {"type": "Feature", "geometry": {"type": "Point", "coordinates": [-2.0164175, 48.6575972]}, "properties": {"id": "auto01945", "nom": "A1945", "auto": true, "z": 1.26, "saillie": 2.02}}, {"type": "Feature", "geometry": {"type": "Point", "coordinates": [-2.0708908, 48.6575963]}, "properties": {"id": "auto01946", "nom": "A1946", "auto": true, "z": 1.89, "saillie": 6.36}}, {"type": "Feature", "geometry": {"type": "Point", "coordinates": [-2.0835708, 48.6575962]}, "properties": {"id": "auto01947", "nom": "A1947", "auto": true, "z": 1.2, "saillie": 2.57}}, {"type": "Feature", "geometry": {"type": "Point", "coordinates": [-2.0677877, 48.6575843]}, "properties": {"id": "auto01948", "nom": "A1948", "auto": true, "z": 3.57, "saillie": 4.79}}, {"type": "Feature", "geometry": {"type": "Point", "coordinates": [-2.0763313, 48.6575807]}, "properties": {"id": "auto01949", "nom": "A1949", "auto": true, "z": 5.21, "saillie": 5.4}}, {"type": "Feature", "geometry": {"type": "Point", "coordinates": [-2.1065321, 48.6575507]}, "properties": {"id": "auto01950", "nom": "A1950", "auto": true, "z": -0.81, "saillie": 6.16}}, {"type": "Feature", "geometry": {"type": "Point", "coordinates": [-2.106095, 48.6575334]}, "properties": {"id": "auto01951", "nom": "A1951", "auto": true, "z": -0.26, "saillie": 6.29}}, {"type": "Feature", "geometry": {"type": "Point", "coordinates": [-2.075945, 48.6575251]}, "properties": {"id": "auto01952", "nom": "A1952", "auto": true, "z": 5.28, "saillie": 3.13}}, {"type": "Feature", "geometry": {"type": "Point", "coordinates": [-2.0481865, 48.6574798]}, "properties": {"id": "auto01953", "nom": "A1953", "auto": true, "z": -0.82, "saillie": 1.56}}, {"type": "Feature", "geometry": {"type": "Point", "coordinates": [-2.0888382, 48.6574793]}, "properties": {"id": "auto01954", "nom": "A1954", "auto": true, "z": 2.81, "saillie": 6.26}}, {"type": "Feature", "geometry": {"type": "Point", "coordinates": [-2.0863889, 48.6574758]}, "properties": {"id": "auto01955", "nom": "A1955", "auto": true, "z": -1.14, "saillie": 2.7}}, {"type": "Feature", "geometry": {"type": "Point", "coordinates": [-2.0230435, 48.657462]}, "properties": {"id": "auto01956", "nom": "A1956", "auto": true, "z": 3.06, "saillie": 3.47}}, {"type": "Feature", "geometry": {"type": "Point", "coordinates": [-2.0875847, 48.6574608]}, "properties": {"id": "auto01957", "nom": "A1957", "auto": true, "z": 4.66, "saillie": 6.56}}, {"type": "Feature", "geometry": {"type": "Point", "coordinates": [-2.0852438, 48.6574526]}, "properties": {"id": "auto01958", "nom": "A1958", "auto": true, "z": 0.96, "saillie": 2.19}}, {"type": "Feature", "geometry": {"type": "Point", "coordinates": [-2.028484, 48.6574486]}, "properties": {"id": "auto01959", "nom": "A1959", "auto": true, "z": 0.31, "saillie": 2.32}}, {"type": "Feature", "geometry": {"type": "Point", "coordinates": [-2.0469296, 48.657425]}, "properties": {"id": "auto01960", "nom": "A1960", "auto": true, "z": -2.05, "saillie": 1.65}}, {"type": "Feature", "geometry": {"type": "Point", "coordinates": [-2.0817002, 48.6573877]}, "properties": {"id": "auto01961", "nom": "A1961", "auto": true, "z": -1.82, "saillie": 2.58}}, {"type": "Feature", "geometry": {"type": "Point", "coordinates": [-2.0504628, 48.6573833]}, "properties": {"id": "auto01962", "nom": "A1962", "auto": true, "z": -0.08, "saillie": 1.81}}, {"type": "Feature", "geometry": {"type": "Point", "coordinates": [-2.0919308, 48.6573831]}, "properties": {"id": "auto01963", "nom": "A1963", "auto": true, "z": -1.8, "saillie": 2.32}}, {"type": "Feature", "geometry": {"type": "Point", "coordinates": [-1.9993638, 48.6573774]}, "properties": {"id": "auto01964", "nom": "A1964", "auto": true, "z": 13.39, "saillie": 1.16}}, {"type": "Feature", "geometry": {"type": "Point", "coordinates": [-2.067821, 48.6573665]}, "properties": {"id": "auto01965", "nom": "A1965", "auto": true, "z": 5.53, "saillie": 6.6}}, {"type": "Feature", "geometry": {"type": "Point", "coordinates": [-2.0698874, 48.6573506]}, "properties": {"id": "auto01966", "nom": "A1966", "auto": true, "z": 3.01, "saillie": 6.8}}, {"type": "Feature", "geometry": {"type": "Point", "coordinates": [-2.0674381, 48.6573468]}, "properties": {"id": "auto01967", "nom": "A1967", "auto": true, "z": 4.23, "saillie": 6.09}}, {"type": "Feature", "geometry": {"type": "Point", "coordinates": [-2.0793016, 48.6573458]}, "properties": {"id": "auto01968", "nom": "A1968", "auto": true, "z": 5.48, "saillie": 7.35}}, {"type": "Feature", "geometry": {"type": "Point", "coordinates": [-2.0947018, 48.6573366]}, "properties": {"id": "auto01969", "nom": "A1969", "auto": true, "z": -2.27, "saillie": 3.15}}, {"type": "Feature", "geometry": {"type": "Point", "coordinates": [-2.1048782, 48.6573332]}, "properties": {"id": "auto01970", "nom": "A1970", "auto": true, "z": -1.16, "saillie": 4.45}}, {"type": "Feature", "geometry": {"type": "Point", "coordinates": [-1.9902713, 48.6573263]}, "properties": {"id": "auto01971", "nom": "A1971", "auto": true, "z": 13.49, "saillie": 1.08}}, {"type": "Feature", "geometry": {"type": "Point", "coordinates": [-2.0529051, 48.6573157]}, "properties": {"id": "auto01972", "nom": "A1972", "auto": true, "z": -2.42, "saillie": 1.05}}, {"type": "Feature", "geometry": {"type": "Point", "coordinates": [-2.0657476, 48.6573106]}, "properties": {"id": "auto01973", "nom": "A1973", "auto": true, "z": 2.14, "saillie": 5.27}}, {"type": "Feature", "geometry": {"type": "Point", "coordinates": [-2.0683053, 48.6573098]}, "properties": {"id": "auto01974", "nom": "A1974", "auto": true, "z": 1.23, "saillie": 3.12}}, {"type": "Feature", "geometry": {"type": "Point", "coordinates": [-2.0787527, 48.6572971]}, "properties": {"id": "auto01975", "nom": "A1975", "auto": true, "z": 2.34, "saillie": 3.75}}, {"type": "Feature", "geometry": {"type": "Point", "coordinates": [-2.0881127, 48.657294]}, "properties": {"id": "auto01976", "nom": "A1976", "auto": true, "z": 1.91, "saillie": 3.63}}, {"type": "Feature", "geometry": {"type": "Point", "coordinates": [-2.1041667, 48.6572916]}, "properties": {"id": "auto01977", "nom": "A1977", "auto": true, "z": 1.33, "saillie": 6.52}}, {"type": "Feature", "geometry": {"type": "Point", "coordinates": [-2.0856634, 48.6572905]}, "properties": {"id": "auto01978", "nom": "A1978", "auto": true, "z": 0.88, "saillie": 2.77}}, {"type": "Feature", "geometry": {"type": "Point", "coordinates": [-2.0238968, 48.6572817]}, "properties": {"id": "auto01979", "nom": "A1979", "auto": true, "z": 6.18, "saillie": 5.6}}, {"type": "Feature", "geometry": {"type": "Point", "coordinates": [-2.0761373, 48.6572645]}, "properties": {"id": "auto01980", "nom": "A1980", "auto": true, "z": 7.62, "saillie": 4.29}}, {"type": "Feature", "geometry": {"type": "Point", "coordinates": [-2.0848435, 48.6572534]}, "properties": {"id": "auto01981", "nom": "A1981", "auto": true, "z": 1.17, "saillie": 1.46}}, {"type": "Feature", "geometry": {"type": "Point", "coordinates": [-2.0687896, 48.6572532]}, "properties": {"id": "auto01982", "nom": "A1982", "auto": true, "z": 1.31, "saillie": 4.16}}, {"type": "Feature", "geometry": {"type": "Point", "coordinates": [-2.0484909, 48.6572506]}, "properties": {"id": "auto01983", "nom": "A1983", "auto": true, "z": 0.45, "saillie": 2.64}}, {"type": "Feature", "geometry": {"type": "Point", "coordinates": [-2.0757003, 48.6572471]}, "properties": {"id": "auto01984", "nom": "A1984", "auto": true, "z": 6.16, "saillie": 6.87}}, {"type": "Feature", "geometry": {"type": "Point", "coordinates": [-2.0647616, 48.6572444]}, "properties": {"id": "auto01985", "nom": "A1985", "auto": true, "z": -1.51, "saillie": 5.19}}, {"type": "Feature", "geometry": {"type": "Point", "coordinates": [-2.1036719, 48.6572407]}, "properties": {"id": "auto01986", "nom": "A1986", "auto": true, "z": -1.19, "saillie": 5.66}}, {"type": "Feature", "geometry": {"type": "Point", "coordinates": [-2.0902298, 48.6572395]}, "properties": {"id": "auto01987", "nom": "A1987", "auto": true, "z": -1.91, "saillie": 1.9}}, {"type": "Feature", "geometry": {"type": "Point", "coordinates": [-2.0783628, 48.6572056]}, "properties": {"id": "auto01988", "nom": "A1988", "auto": true, "z": 2.17, "saillie": 4.75}}, {"type": "Feature", "geometry": {"type": "Point", "coordinates": [-2.0875026, 48.6571758]}, "properties": {"id": "auto01989", "nom": "A1989", "auto": true, "z": 4.0, "saillie": 5.14}}, {"type": "Feature", "geometry": {"type": "Point", "coordinates": [-2.0284021, 48.6571636]}, "properties": {"id": "auto01990", "nom": "A1990", "auto": true, "z": 0.28, "saillie": 2.09}}, {"type": "Feature", "geometry": {"type": "Point", "coordinates": [-2.0575153, 48.6571559]}, "properties": {"id": "auto01991", "nom": "A1991", "auto": true, "z": -1.77, "saillie": 7.32}}, {"type": "Feature", "geometry": {"type": "Point", "coordinates": [-2.0830918, 48.657148]}, "properties": {"id": "auto01992", "nom": "A1992", "auto": true, "z": 0.95, "saillie": 1.61}}, {"type": "Feature", "geometry": {"type": "Point", "coordinates": [-2.0168639, 48.6571458]}, "properties": {"id": "auto01993", "nom": "A1993", "auto": true, "z": 0.75, "saillie": 1.09}}, {"type": "Feature", "geometry": {"type": "Point", "coordinates": [-2.0663298, 48.6571416]}, "properties": {"id": "auto01994", "nom": "A1994", "auto": true, "z": 1.1, "saillie": 2.95}}, {"type": "Feature", "geometry": {"type": "Point", "coordinates": [-2.0842334, 48.6571353]}, "properties": {"id": "auto01995", "nom": "A1995", "auto": true, "z": 0.37, "saillie": 1.33}}, {"type": "Feature", "geometry": {"type": "Point", "coordinates": [-2.0046718, 48.6571182]}, "properties": {"id": "auto01996", "nom": "A1996", "auto": true, "z": 9.36, "saillie": 1.4}}, {"type": "Feature", "geometry": {"type": "Point", "coordinates": [-2.0866249, 48.6571052]}, "properties": {"id": "auto01997", "nom": "A1997", "auto": true, "z": 0.11, "saillie": 2.77}}, {"type": "Feature", "geometry": {"type": "Point", "coordinates": [-2.091686, 48.6571051]}, "properties": {"id": "auto01998", "nom": "A1998", "auto": true, "z": -1.95, "saillie": 1.66}}, {"type": "Feature", "geometry": {"type": "Point", "coordinates": [-2.0144112, 48.6571049]}, "properties": {"id": "auto01999", "nom": "A1999", "auto": true, "z": 4.56, "saillie": 3.14}}, {"type": "Feature", "geometry": {"type": "Point", "coordinates": [-2.0699714, 48.6570947]}, "properties": {"id": "auto02000", "nom": "A2000", "auto": true, "z": -0.41, "saillie": 1.98}}, {"type": "Feature", "geometry": {"type": "Point", "coordinates": [-2.055872, 48.6570455]}, "properties": {"id": "auto02001", "nom": "A2001", "auto": true, "z": 1.21, "saillie": 6.0}}, {"type": "Feature", "geometry": {"type": "Point", "coordinates": [-2.0771496, 48.6570411]}, "properties": {"id": "auto02002", "nom": "A2002", "auto": true, "z": 3.75, "saillie": 5.64}}, {"type": "Feature", "geometry": {"type": "Point", "coordinates": [-1.9990042, 48.6570319]}, "properties": {"id": "auto02003", "nom": "A2003", "auto": true, "z": 12.96, "saillie": 1.17}}, {"type": "Feature", "geometry": {"type": "Point", "coordinates": [-2.090971, 48.6570275]}, "properties": {"id": "auto02004", "nom": "A2004", "auto": true, "z": -2.4, "saillie": 1.42}}, {"type": "Feature", "geometry": {"type": "Point", "coordinates": [-2.056414, 48.6570224]}, "properties": {"id": "auto02005", "nom": "A2005", "auto": true, "z": -2.37, "saillie": 5.96}}, {"type": "Feature", "geometry": {"type": "Point", "coordinates": [-2.1045756, 48.6570217]}, "properties": {"id": "auto02006", "nom": "A2006", "auto": true, "z": -0.32, "saillie": 5.65}}, {"type": "Feature", "geometry": {"type": "Point", "coordinates": [-2.0649575, 48.6570197]}, "properties": {"id": "auto02007", "nom": "A2007", "auto": true, "z": -0.91, "saillie": 3.09}}, {"type": "Feature", "geometry": {"type": "Point", "coordinates": [-2.0515155, 48.6570141]}, "properties": {"id": "auto02008", "nom": "A2008", "auto": true, "z": -1.24, "saillie": 1.27}}, {"type": "Feature", "geometry": {"type": "Point", "coordinates": [-2.0789415, 48.6570007]}, "properties": {"id": "auto02009", "nom": "A2009", "auto": true, "z": 2.91, "saillie": 3.89}}, {"type": "Feature", "geometry": {"type": "Point", "coordinates": [-2.0824782, 48.6569939]}, "properties": {"id": "auto02010", "nom": "A2010", "auto": true, "z": 0.72, "saillie": 2.83}}, {"type": "Feature", "geometry": {"type": "Point", "coordinates": [-2.0717022, 48.6569849]}, "properties": {"id": "auto02011", "nom": "A2011", "auto": true, "z": 1.17, "saillie": 3.92}}, {"type": "Feature", "geometry": {"type": "Point", "coordinates": [-2.0497166, 48.6569823]}, "properties": {"id": "auto02012", "nom": "A2012", "auto": true, "z": 0.43, "saillie": 2.72}}, {"type": "Feature", "geometry": {"type": "Point", "coordinates": [-1.9993802, 48.6569801]}, "properties": {"id": "auto02013", "nom": "A2013", "auto": true, "z": 12.7, "saillie": 1.03}}, {"type": "Feature", "geometry": {"type": "Point", "coordinates": [-1.9943191, 48.6569763]}, "properties": {"id": "auto02014", "nom": "A2014", "auto": true, "z": 13.14, "saillie": 1.05}}, {"type": "Feature", "geometry": {"type": "Point", "coordinates": [-2.0713735, 48.6569628]}, "properties": {"id": "auto02015", "nom": "A2015", "auto": true, "z": 0.27, "saillie": 2.95}}, {"type": "Feature", "geometry": {"type": "Point", "coordinates": [-2.0901476, 48.6569546]}, "properties": {"id": "auto02016", "nom": "A2016", "auto": true, "z": -2.1, "saillie": 1.51}}, {"type": "Feature", "geometry": {"type": "Point", "coordinates": [-2.0480803, 48.6569435]}, "properties": {"id": "auto02017", "nom": "A2017", "auto": true, "z": 0.34, "saillie": 3.5}}, {"type": "Feature", "geometry": {"type": "Point", "coordinates": [-1.9976897, 48.6569429]}, "properties": {"id": "auto02018", "nom": "A2018", "auto": true, "z": 12.98, "saillie": 1.15}}, {"type": "Feature", "geometry": {"type": "Point", "coordinates": [-2.0492761, 48.6569289]}, "properties": {"id": "auto02019", "nom": "A2019", "auto": true, "z": 0.98, "saillie": 3.53}}, {"type": "Feature", "geometry": {"type": "Point", "coordinates": [-2.0882403, 48.656928]}, "properties": {"id": "auto02020", "nom": "A2020", "auto": true, "z": 9.45, "saillie": 9.69}}, {"type": "Feature", "geometry": {"type": "Point", "coordinates": [-2.086604, 48.6568898]}, "properties": {"id": "auto02021", "nom": "A2021", "auto": true, "z": -0.3, "saillie": 2.33}}, {"type": "Feature", "geometry": {"type": "Point", "coordinates": [-2.0672303, 48.6568869]}, "properties": {"id": "auto02022", "nom": "A2022", "auto": true, "z": 6.51, "saillie": 5.68}}, {"type": "Feature", "geometry": {"type": "Point", "coordinates": [-2.0707127, 48.6568828]}, "properties": {"id": "auto02023", "nom": "A2023", "auto": true, "z": 2.41, "saillie": 4.27}}, {"type": "Feature", "geometry": {"type": "Point", "coordinates": [-2.0504142, 48.6568806]}, "properties": {"id": "auto02024", "nom": "A2024", "auto": true, "z": -1.56, "saillie": 1.47}}, {"type": "Feature", "geometry": {"type": "Point", "coordinates": [-2.0700589, 48.6568746]}, "properties": {"id": "auto02025", "nom": "A2025", "auto": true, "z": -0.5, "saillie": 1.4}}, {"type": "Feature", "geometry": {"type": "Point", "coordinates": [-2.0873085, 48.6568597]}, "properties": {"id": "auto02026", "nom": "A2026", "auto": true, "z": 5.65, "saillie": 7.79}}, {"type": "Feature", "geometry": {"type": "Point", "coordinates": [-2.0238012, 48.6568532]}, "properties": {"id": "auto02027", "nom": "A2027", "auto": true, "z": 7.35, "saillie": 6.07}}, {"type": "Feature", "geometry": {"type": "Point", "coordinates": [-2.0161825, 48.65685]}, "properties": {"id": "auto02028", "nom": "A2028", "auto": true, "z": 1.6, "saillie": 1.15}}, {"type": "Feature", "geometry": {"type": "Point", "coordinates": [-2.0044275, 48.6568401]}, "properties": {"id": "auto02029", "nom": "A2029", "auto": true, "z": 10.57, "saillie": 1.75}}, {"type": "Feature", "geometry": {"type": "Point", "coordinates": [-2.0948153, 48.656827]}, "properties": {"id": "auto02030", "nom": "A2030", "auto": true, "z": 0.75, "saillie": 6.06}}, {"type": "Feature", "geometry": {"type": "Point", "coordinates": [-2.0740798, 48.6568114]}, "properties": {"id": "auto02031", "nom": "A2031", "auto": true, "z": 1.29, "saillie": 3.38}}, {"type": "Feature", "geometry": {"type": "Point", "coordinates": [-2.0877386, 48.6568052]}, "properties": {"id": "auto02032", "nom": "A2032", "auto": true, "z": 5.85, "saillie": 4.55}}, {"type": "Feature", "geometry": {"type": "Point", "coordinates": [-2.0828943, 48.6567959]}, "properties": {"id": "auto02033", "nom": "A2033", "auto": true, "z": 3.71, "saillie": 4.3}}, {"type": "Feature", "geometry": {"type": "Point", "coordinates": [-2.1124985, 48.6567898]}, "properties": {"id": "auto02034", "nom": "A2034", "auto": true, "z": -0.07, "saillie": 8.2}}, {"type": "Feature", "geometry": {"type": "Point", "coordinates": [-2.0510034, 48.6567835]}, "properties": {"id": "auto02035", "nom": "A2035", "auto": true, "z": -0.79, "saillie": 2.28}}, {"type": "Feature", "geometry": {"type": "Point", "coordinates": [-2.0216702, 48.6567628]}, "properties": {"id": "auto02036", "nom": "A2036", "auto": true, "z": 5.06, "saillie": 3.56}}, {"type": "Feature", "geometry": {"type": "Point", "coordinates": [-1.9969104, 48.6567594]}, "properties": {"id": "auto02037", "nom": "A2037", "auto": true, "z": 12.94, "saillie": 1.07}}, {"type": "Feature", "geometry": {"type": "Point", "coordinates": [-2.0005012, 48.6567528]}, "properties": {"id": "auto02038", "nom": "A2038", "auto": true, "z": 12.52, "saillie": 1.11}}, {"type": "Feature", "geometry": {"type": "Point", "coordinates": [-2.0764679, 48.6567457]}, "properties": {"id": "auto02039", "nom": "A2039", "auto": true, "z": 4.75, "saillie": 4.16}}, {"type": "Feature", "geometry": {"type": "Point", "coordinates": [-2.0840866, 48.6567449]}, "properties": {"id": "auto02040", "nom": "A2040", "auto": true, "z": 2.95, "saillie": 3.75}}, {"type": "Feature", "geometry": {"type": "Point", "coordinates": [-2.0666167, 48.6567328]}, "properties": {"id": "auto02041", "nom": "A2041", "auto": true, "z": 5.14, "saillie": 6.78}}, {"type": "Feature", "geometry": {"type": "Point", "coordinates": [-2.0634595, 48.6567229]}, "properties": {"id": "auto02042", "nom": "A2042", "auto": true, "z": -1.6, "saillie": 7.0}}, {"type": "Feature", "geometry": {"type": "Point", "coordinates": [-2.078751, 48.6567204]}, "properties": {"id": "auto02043", "nom": "A2043", "auto": true, "z": 1.03, "saillie": 3.13}}, {"type": "Feature", "geometry": {"type": "Point", "coordinates": [-2.0846827, 48.6567195]}, "properties": {"id": "auto02044", "nom": "A2044", "auto": true, "z": 0.84, "saillie": 1.91}}, {"type": "Feature", "geometry": {"type": "Point", "coordinates": [-2.0745606, 48.6567188]}, "properties": {"id": "auto02045", "nom": "A2045", "auto": true, "z": 5.35, "saillie": 7.04}}, {"type": "Feature", "geometry": {"type": "Point", "coordinates": [-2.0943678, 48.6567019]}, "properties": {"id": "auto02046", "nom": "A2046", "auto": true, "z": -1.72, "saillie": 3.08}}, {"type": "Feature", "geometry": {"type": "Point", "coordinates": [-2.0769521, 48.6566889]}, "properties": {"id": "auto02047", "nom": "A2047", "auto": true, "z": 4.56, "saillie": 6.63}}, {"type": "Feature", "geometry": {"type": "Point", "coordinates": [-2.0555086, 48.6566643]}, "properties": {"id": "auto02048", "nom": "A2048", "auto": true, "z": -0.27, "saillie": 6.01}}, {"type": "Feature", "geometry": {"type": "Point", "coordinates": [-2.0649769, 48.6566584]}, "properties": {"id": "auto02049", "nom": "A2049", "auto": true, "z": -0.82, "saillie": 2.9}}, {"type": "Feature", "geometry": {"type": "Point", "coordinates": [-1.9993493, 48.6566569]}, "properties": {"id": "auto02050", "nom": "A2050", "auto": true, "z": 12.66, "saillie": 1.06}}, {"type": "Feature", "geometry": {"type": "Point", "coordinates": [-2.0670433, 48.6566425]}, "properties": {"id": "auto02051", "nom": "A2051", "auto": true, "z": 7.84, "saillie": 6.7}}, {"type": "Feature", "geometry": {"type": "Point", "coordinates": [-2.0496277, 48.6566255]}, "properties": {"id": "auto02052", "nom": "A2052", "auto": true, "z": 2.5, "saillie": 5.85}}, {"type": "Feature", "geometry": {"type": "Point", "coordinates": [-2.087284, 48.6566083]}, "properties": {"id": "auto02053", "nom": "A2053", "auto": true, "z": 5.08, "saillie": 7.22}}, {"type": "Feature", "geometry": {"type": "Point", "coordinates": [-2.082223, 48.6566082]}, "properties": {"id": "auto02054", "nom": "A2054", "auto": true, "z": 5.04, "saillie": 9.12}}, {"type": "Feature", "geometry": {"type": "Point", "coordinates": [-2.085868, 48.6565967]}, "properties": {"id": "auto02055", "nom": "A2055", "auto": true, "z": 1.81, "saillie": 3.72}}, {"type": "Feature", "geometry": {"type": "Point", "coordinates": [-2.092616, 48.6565966]}, "properties": {"id": "auto02056", "nom": "A2056", "auto": true, "z": -2.07, "saillie": 1.85}}, {"type": "Feature", "geometry": {"type": "Point", "coordinates": [-2.0884256, 48.6565956]}, "properties": {"id": "auto02057", "nom": "A2057", "auto": true, "z": 7.23, "saillie": 5.68}}, {"type": "Feature", "geometry": {"type": "Point", "coordinates": [-2.0850516, 48.6565956]}, "properties": {"id": "auto02058", "nom": "A2058", "auto": true, "z": 1.05, "saillie": 2.1}}, {"type": "Feature", "geometry": {"type": "Point", "coordinates": [-2.0282927, 48.6565914]}, "properties": {"id": "auto02059", "nom": "A2059", "auto": true, "z": 0.17, "saillie": 1.58}}, {"type": "Feature", "geometry": {"type": "Point", "coordinates": [-2.069323, 48.6565815]}, "properties": {"id": "auto02060", "nom": "A2060", "auto": true, "z": 4.36, "saillie": 6.11}}, {"type": "Feature", "geometry": {"type": "Point", "coordinates": [-2.0532692, 48.6565791]}, "properties": {"id": "auto02061", "nom": "A2061", "auto": true, "z": -2.04, "saillie": 1.54}}, {"type": "Feature", "geometry": {"type": "Point", "coordinates": [-2.0880969, 48.6565736]}, "properties": {"id": "auto02062", "nom": "A2062", "auto": true, "z": 6.88, "saillie": 4.14}}, {"type": "Feature", "geometry": {"type": "Point", "coordinates": [-2.0708981, 48.6565504]}, "properties": {"id": "auto02063", "nom": "A2063", "auto": true, "z": 7.37, "saillie": 8.15}}, {"type": "Feature", "geometry": {"type": "Point", "coordinates": [-2.0233365, 48.6565483]}, "properties": {"id": "auto02064", "nom": "A2064", "auto": true, "z": 7.65, "saillie": 3.68}}, {"type": "Feature", "geometry": {"type": "Point", "coordinates": [-2.0796584, 48.6565374]}, "properties": {"id": "auto02065", "nom": "A2065", "auto": true, "z": 0.15, "saillie": 3.97}}, {"type": "Feature", "geometry": {"type": "Point", "coordinates": [-1.9910665, 48.6565359]}, "properties": {"id": "auto02066", "nom": "A2066", "auto": true, "z": 13.51, "saillie": 1.28}}, {"type": "Feature", "geometry": {"type": "Point", "coordinates": [-1.9963985, 48.6565285]}, "properties": {"id": "auto02067", "nom": "A2067", "auto": true, "z": 12.93, "saillie": 1.17}}, {"type": "Feature", "geometry": {"type": "Point", "coordinates": [-2.0741061, 48.6565219]}, "properties": {"id": "auto02068", "nom": "A2068", "auto": true, "z": 0.49, "saillie": 2.9}}, {"type": "Feature", "geometry": {"type": "Point", "coordinates": [-2.0918468, 48.6565214]}, "properties": {"id": "auto02069", "nom": "A2069", "auto": true, "z": -2.33, "saillie": 1.46}}, {"type": "Feature", "geometry": {"type": "Point", "coordinates": [-2.0137564, 48.6565196]}, "properties": {"id": "auto02070", "nom": "A2070", "auto": true, "z": 5.21, "saillie": 2.78}}, {"type": "Feature", "geometry": {"type": "Point", "coordinates": [-1.9968321, 48.6565103]}, "properties": {"id": "auto02071", "nom": "A2071", "auto": true, "z": 12.76, "saillie": 1.06}}, {"type": "Feature", "geometry": {"type": "Point", "coordinates": [-2.0922262, 48.6565051]}, "properties": {"id": "auto02072", "nom": "A2072", "auto": true, "z": -2.18, "saillie": 1.65}}, {"type": "Feature", "geometry": {"type": "Point", "coordinates": [-2.068608, 48.6565038]}, "properties": {"id": "auto02073", "nom": "A2073", "auto": true, "z": 3.52, "saillie": 5.72}}, {"type": "Feature", "geometry": {"type": "Point", "coordinates": [-2.0638179, 48.6564913]}, "properties": {"id": "auto02074", "nom": "A2074", "auto": true, "z": 0.41, "saillie": 4.98}}, {"type": "Feature", "geometry": {"type": "Point", "coordinates": [-2.0837334, 48.6564716]}, "properties": {"id": "auto02075", "nom": "A2075", "auto": true, "z": 2.75, "saillie": 4.11}}, {"type": "Feature", "geometry": {"type": "Point", "coordinates": [-2.0704541, 48.6564612]}, "properties": {"id": "auto02076", "nom": "A2076", "auto": true, "z": 6.65, "saillie": 7.6}}, {"type": "Feature", "geometry": {"type": "Point", "coordinates": [-2.0696377, 48.6564599]}, "properties": {"id": "auto02077", "nom": "A2077", "auto": true, "z": 4.78, "saillie": 5.69}}, {"type": "Feature", "geometry": {"type": "Point", "coordinates": [-2.022022, 48.6564596]}, "properties": {"id": "auto02078", "nom": "A2078", "auto": true, "z": 4.44, "saillie": 2.23}}, {"type": "Feature", "geometry": {"type": "Point", "coordinates": [-2.0767109, 48.6564469]}, "properties": {"id": "auto02079", "nom": "A2079", "auto": true, "z": 3.0, "saillie": 5.04}}, {"type": "Feature", "geometry": {"type": "Point", "coordinates": [-2.0653896, 48.6564245]}, "properties": {"id": "auto02080", "nom": "A2080", "auto": true, "z": -0.88, "saillie": 1.69}}, {"type": "Feature", "geometry": {"type": "Point", "coordinates": [-2.0555927, 48.6564084]}, "properties": {"id": "auto02081", "nom": "A2081", "auto": true, "z": -0.72, "saillie": 6.57}}, {"type": "Feature", "geometry": {"type": "Point", "coordinates": [-2.0871547, 48.6563975]}, "properties": {"id": "auto02082", "nom": "A2082", "auto": true, "z": 4.78, "saillie": 7.5}}, {"type": "Feature", "geometry": {"type": "Point", "coordinates": [-2.0854677, 48.6563975]}, "properties": {"id": "auto02083", "nom": "A2083", "auto": true, "z": 1.4, "saillie": 2.93}}, {"type": "Feature", "geometry": {"type": "Point", "coordinates": [-2.0133633, 48.656392]}, "properties": {"id": "auto02084", "nom": "A2084", "auto": true, "z": 4.91, "saillie": 1.57}}, {"type": "Feature", "geometry": {"type": "Point", "coordinates": [-2.0793158, 48.6563718]}, "properties": {"id": "auto02085", "nom": "A2085", "auto": true, "z": 0.58, "saillie": 4.03}}, {"type": "Feature", "geometry": {"type": "Point", "coordinates": [-2.0243525, 48.6563612]}, "properties": {"id": "auto02086", "nom": "A2086", "auto": true, "z": 6.53, "saillie": 6.58}}, {"type": "Feature", "geometry": {"type": "Point", "coordinates": [-2.0670155, 48.6563553]}, "properties": {"id": "auto02087", "nom": "A2087", "auto": true, "z": 6.63, "saillie": 8.27}}, {"type": "Feature", "geometry": {"type": "Point", "coordinates": [-2.0543358, 48.6563536]}, "properties": {"id": "auto02088", "nom": "A2088", "auto": true, "z": -2.12, "saillie": 3.5}}, {"type": "Feature", "geometry": {"type": "Point", "coordinates": [-2.0526488, 48.6563531]}, "properties": {"id": "auto02089", "nom": "A2089", "auto": true, "z": -2.18, "saillie": 1.46}}, {"type": "Feature", "geometry": {"type": "Point", "coordinates": [-2.0690818, 48.6563394]}, "properties": {"id": "auto02090", "nom": "A2090", "auto": true, "z": 6.02, "saillie": 4.96}}, {"type": "Feature", "geometry": {"type": "Point", "coordinates": [-2.0811619, 48.656329]}, "properties": {"id": "auto02091", "nom": "A2091", "auto": true, "z": -0.07, "saillie": 4.59}}, {"type": "Feature", "geometry": {"type": "Point", "coordinates": [-1.9908833, 48.6563273]}, "properties": {"id": "auto02092", "nom": "A2092", "auto": true, "z": 13.49, "saillie": 1.62}}, {"type": "Feature", "geometry": {"type": "Point", "coordinates": [-2.0518254, 48.6562799]}, "properties": {"id": "auto02093", "nom": "A2093", "auto": true, "z": -2.35, "saillie": 1.03}}, {"type": "Feature", "geometry": {"type": "Point", "coordinates": [-2.0828419, 48.6562573]}, "properties": {"id": "auto02094", "nom": "A2094", "auto": true, "z": -0.25, "saillie": 3.22}}, {"type": "Feature", "geometry": {"type": "Point", "coordinates": [-2.0789224, 48.6562444]}, "properties": {"id": "auto02095", "nom": "A2095", "auto": true, "z": -0.95, "saillie": 1.83}}, {"type": "Feature", "geometry": {"type": "Point", "coordinates": [-2.0646642, 48.656239]}, "properties": {"id": "auto02096", "nom": "A2096", "auto": true, "z": -1.92, "saillie": 1.57}}, {"type": "Feature", "geometry": {"type": "Point", "coordinates": [-2.0909482, 48.6562353]}, "properties": {"id": "auto02097", "nom": "A2097", "auto": true, "z": -1.52, "saillie": 2.14}}, {"type": "Feature", "geometry": {"type": "Point", "coordinates": [-2.0895322, 48.6562238]}, "properties": {"id": "auto02098", "nom": "A2098", "auto": true, "z": -1.66, "saillie": 1.52}}, {"type": "Feature", "geometry": {"type": "Point", "coordinates": [-2.1081976, 48.6562173]}, "properties": {"id": "auto02099", "nom": "A2099", "auto": true, "z": -1.02, "saillie": 7.11}}, {"type": "Feature", "geometry": {"type": "Point", "coordinates": [-2.106619, 48.656213]}, "properties": {"id": "auto02100", "nom": "A2100", "auto": true, "z": -1.11, "saillie": 6.39}}, {"type": "Feature", "geometry": {"type": "Point", "coordinates": [-2.0221062, 48.6562036]}, "properties": {"id": "auto02101", "nom": "A2101", "auto": true, "z": 4.56, "saillie": 1.88}}, {"type": "Feature", "geometry": {"type": "Point", "coordinates": [-2.0935023, 48.6561982]}, "properties": {"id": "auto02102", "nom": "A2102", "auto": true, "z": 1.53, "saillie": 5.38}}, {"type": "Feature", "geometry": {"type": "Point", "coordinates": [-2.1114056, 48.6561878]}, "properties": {"id": "auto02103", "nom": "A2103", "auto": true, "z": -1.33, "saillie": 5.88}}, {"type": "Feature", "geometry": {"type": "Point", "coordinates": [-2.0236814, 48.6561732]}, "properties": {"id": "auto02104", "nom": "A2104", "auto": true, "z": 10.02, "saillie": 6.38}}, {"type": "Feature", "geometry": {"type": "Point", "coordinates": [-2.0717846, 48.6561521]}, "properties": {"id": "auto02105", "nom": "A2105", "auto": true, "z": 3.42, "saillie": 5.35}}, {"type": "Feature", "geometry": {"type": "Point", "coordinates": [-2.0225906, 48.6561472]}, "properties": {"id": "auto02106", "nom": "A2106", "auto": true, "z": 5.54, "saillie": 2.33}}, {"type": "Feature", "geometry": {"type": "Point", "coordinates": [-2.1060124, 48.6561308]}, "properties": {"id": "auto02107", "nom": "A2107", "auto": true, "z": -1.48, "saillie": 3.88}}, {"type": "Feature", "geometry": {"type": "Point", "coordinates": [-2.0834275, 48.6561241]}, "properties": {"id": "auto02108", "nom": "A2108", "auto": true, "z": 1.42, "saillie": 3.87}}, {"type": "Feature", "geometry": {"type": "Point", "coordinates": [-2.0690609, 48.656124]}, "properties": {"id": "auto02109", "nom": "A2109", "auto": true, "z": 6.41, "saillie": 4.29}}, {"type": "Feature", "geometry": {"type": "Point", "coordinates": [-2.0928957, 48.656116]}, "properties": {"id": "auto02110", "nom": "A2110", "auto": true, "z": 0.79, "saillie": 4.46}}, {"type": "Feature", "geometry": {"type": "Point", "coordinates": [-2.0695487, 48.6561032]}, "properties": {"id": "auto02111", "nom": "A2111", "auto": true, "z": 6.24, "saillie": 4.91}}, {"type": "Feature", "geometry": {"type": "Point", "coordinates": [-2.0687323, 48.6561019]}, "properties": {"id": "auto02112", "nom": "A2112", "auto": true, "z": 5.7, "saillie": 5.09}}, {"type": "Feature", "geometry": {"type": "Point", "coordinates": [-1.9922753, 48.6560886]}, "properties": {"id": "auto02113", "nom": "A2113", "auto": true, "z": 12.91, "saillie": 1.29}}, {"type": "Feature", "geometry": {"type": "Point", "coordinates": [-2.0639964, 48.6560872]}, "properties": {"id": "auto02114", "nom": "A2114", "auto": true, "z": 1.89, "saillie": 5.65}}, {"type": "Feature", "geometry": {"type": "Point", "coordinates": [-2.1121572, 48.6560834]}, "properties": {"id": "auto02115", "nom": "A2115", "auto": true, "z": -0.73, "saillie": 5.92}}, {"type": "Feature", "geometry": {"type": "Point", "coordinates": [-2.0845114, 48.6560778]}, "properties": {"id": "auto02116", "nom": "A2116", "auto": true, "z": 1.77, "saillie": 3.63}}, {"type": "Feature", "geometry": {"type": "Point", "coordinates": [-2.0939254, 48.6560719]}, "properties": {"id": "auto02117", "nom": "A2117", "auto": true, "z": -0.94, "saillie": 3.14}}, {"type": "Feature", "geometry": {"type": "Point", "coordinates": [-2.0721028, 48.6560665]}, "properties": {"id": "auto02118", "nom": "A2118", "auto": true, "z": 2.4, "saillie": 3.69}}, {"type": "Feature", "geometry": {"type": "Point", "coordinates": [-2.0743859, 48.6560413]}, "properties": {"id": "auto02119", "nom": "A2119", "auto": true, "z": -0.03, "saillie": 2.65}}, {"type": "Feature", "geometry": {"type": "Point", "coordinates": [-2.0209474, 48.6560362]}, "properties": {"id": "auto02120", "nom": "A2120", "auto": true, "z": 2.81, "saillie": 2.22}}, {"type": "Feature", "geometry": {"type": "Point", "coordinates": [-2.1126956, 48.6560242]}, "properties": {"id": "auto02121", "nom": "A2121", "auto": true, "z": -1.07, "saillie": 6.83}}, {"type": "Feature", "geometry": {"type": "Point", "coordinates": [-2.0631731, 48.656014]}, "properties": {"id": "auto02122", "nom": "A2122", "auto": true, "z": 1.31, "saillie": 5.41}}, {"type": "Feature", "geometry": {"type": "Point", "coordinates": [-2.0871162, 48.6560026]}, "properties": {"id": "auto02123", "nom": "A2123", "auto": true, "z": 3.48, "saillie": 5.29}}, {"type": "Feature", "geometry": {"type": "Point", "coordinates": [-2.0669264, 48.6559985]}, "properties": {"id": "auto02124", "nom": "A2124", "auto": true, "z": 1.47, "saillie": 3.03}}, {"type": "Feature", "geometry": {"type": "Point", "coordinates": [-2.0538098, 48.6559793]}, "properties": {"id": "auto02125", "nom": "A2125", "auto": true, "z": -2.11, "saillie": 2.4}}, {"type": "Feature", "geometry": {"type": "Point", "coordinates": [-2.0129967, 48.6559748]}, "properties": {"id": "auto02126", "nom": "A2126", "auto": true, "z": 6.02, "saillie": 1.59}}, {"type": "Feature", "geometry": {"type": "Point", "coordinates": [-2.0895619, 48.6559701]}, "properties": {"id": "auto02127", "nom": "A2127", "auto": true, "z": -0.94, "saillie": 1.87}}, {"type": "Feature", "geometry": {"type": "Point", "coordinates": [-2.0914115, 48.6559631]}, "properties": {"id": "auto02128", "nom": "A2128", "auto": true, "z": -2.28, "saillie": 1.36}}, {"type": "Feature", "geometry": {"type": "Point", "coordinates": [-2.0653443, 48.6559577]}, "properties": {"id": "auto02129", "nom": "A2129", "auto": true, "z": 0.95, "saillie": 3.12}}, {"type": "Feature", "geometry": {"type": "Point", "coordinates": [-2.0763876, 48.6559198]}, "properties": {"id": "auto02130", "nom": "A2130", "auto": true, "z": 1.62, "saillie": 3.35}}, {"type": "Feature", "geometry": {"type": "Point", "coordinates": [-2.023874, 48.6559127]}, "properties": {"id": "auto02131", "nom": "A2131", "auto": true, "z": 12.27, "saillie": 7.82}}, {"type": "Feature", "geometry": {"type": "Point", "coordinates": [-2.0692026, 48.6559016]}, "properties": {"id": "auto02132", "nom": "A2132", "auto": true, "z": 7.76, "saillie": 4.11}}, {"type": "Feature", "geometry": {"type": "Point", "coordinates": [-2.0412317, 48.6558999]}, "properties": {"id": "auto02133", "nom": "A2133", "auto": true, "z": 1.68, "saillie": 3.76}}, {"type": "Feature", "geometry": {"type": "Point", "coordinates": [-2.0887927, 48.6558949]}, "properties": {"id": "auto02134", "nom": "A2134", "auto": true, "z": 3.66, "saillie": 5.09}}, {"type": "Feature", "geometry": {"type": "Point", "coordinates": [-2.0843821, 48.655867]}, "properties": {"id": "auto02135", "nom": "A2135", "auto": true, "z": 0.23, "saillie": 2.38}}, {"type": "Feature", "geometry": {"type": "Point", "coordinates": [-2.0837824, 48.6558566]}, "properties": {"id": "auto02136", "nom": "A2136", "auto": true, "z": -1.66, "saillie": 2.26}}, {"type": "Feature", "geometry": {"type": "Point", "coordinates": [-2.074802, 48.6558432]}, "properties": {"id": "auto02137", "nom": "A2137", "auto": true, "z": 0.91, "saillie": 3.49}}, {"type": "Feature", "geometry": {"type": "Point", "coordinates": [-1.9933387, 48.6558277]}, "properties": {"id": "auto02138", "nom": "A2138", "auto": true, "z": 13.01, "saillie": 1.35}}, {"type": "Feature", "geometry": {"type": "Point", "coordinates": [-2.0416584, 48.6558097]}, "properties": {"id": "auto02139", "nom": "A2139", "auto": true, "z": 1.61, "saillie": 3.36}}, {"type": "Feature", "geometry": {"type": "Point", "coordinates": [-2.070554, 48.655808]}, "properties": {"id": "auto02140", "nom": "A2140", "auto": true, "z": 7.62, "saillie": 7.12}}, {"type": "Feature", "geometry": {"type": "Point", "coordinates": [-2.0702253, 48.6557859]}, "properties": {"id": "auto02141", "nom": "A2141", "auto": true, "z": 8.06, "saillie": 5.56}}, {"type": "Feature", "geometry": {"type": "Point", "coordinates": [-2.1083181, 48.6557795]}, "properties": {"id": "auto02142", "nom": "A2142", "auto": true, "z": 0.45, "saillie": 8.23}}, {"type": "Feature", "geometry": {"type": "Point", "coordinates": [-2.0901405, 48.6557651]}, "properties": {"id": "auto02143", "nom": "A2143", "auto": true, "z": -1.7, "saillie": 1.04}}, {"type": "Feature", "geometry": {"type": "Point", "coordinates": [-2.0662482, 48.655739]}, "properties": {"id": "auto02144", "nom": "A2144", "auto": true, "z": 0.94, "saillie": 1.83}}, {"type": "Feature", "geometry": {"type": "Point", "coordinates": [-2.092095, 48.6557176]}, "properties": {"id": "auto02145", "nom": "A2145", "auto": true, "z": -1.54, "saillie": 1.99}}, {"type": "Feature", "geometry": {"type": "Point", "coordinates": [-2.0650997, 48.6556797]}, "properties": {"id": "auto02146", "nom": "A2146", "auto": true, "z": 3.01, "saillie": 5.46}}, {"type": "Feature", "geometry": {"type": "Point", "coordinates": [-2.0634127, 48.6556794]}, "properties": {"id": "auto02147", "nom": "A2147", "auto": true, "z": 1.69, "saillie": 4.42}}, {"type": "Feature", "geometry": {"type": "Point", "coordinates": [-2.0868103, 48.6556551]}, "properties": {"id": "auto02148", "nom": "A2148", "auto": true, "z": -0.42, "saillie": 2.27}}, {"type": "Feature", "geometry": {"type": "Point", "coordinates": [-2.0841408, 48.655625]}, "properties": {"id": "auto02149", "nom": "A2149", "auto": true, "z": 1.63, "saillie": 4.74}}, {"type": "Feature", "geometry": {"type": "Point", "coordinates": [-2.0537209, 48.6556226]}, "properties": {"id": "auto02150", "nom": "A2150", "auto": true, "z": -0.27, "saillie": 3.91}}, {"type": "Feature", "geometry": {"type": "Point", "coordinates": [-2.0672133, 48.6555897]}, "properties": {"id": "auto02151", "nom": "A2151", "auto": true, "z": 0.42, "saillie": 1.55}}, {"type": "Feature", "geometry": {"type": "Point", "coordinates": [-2.0717288, 48.6555777]}, "properties": {"id": "auto02152", "nom": "A2152", "auto": true, "z": 7.12, "saillie": 6.16}}, {"type": "Feature", "geometry": {"type": "Point", "coordinates": [-2.0249845, 48.6555774]}, "properties": {"id": "auto02153", "nom": "A2153", "auto": true, "z": 1.73, "saillie": 1.9}}, {"type": "Feature", "geometry": {"type": "Point", "coordinates": [-2.0709124, 48.6555764]}, "properties": {"id": "auto02154", "nom": "A2154", "auto": true, "z": 8.17, "saillie": 7.0}}, {"type": "Feature", "geometry": {"type": "Point", "coordinates": [-2.0621489, 48.6555529]}, "properties": {"id": "auto02155", "nom": "A2155", "auto": true, "z": -0.87, "saillie": 8.43}}, {"type": "Feature", "geometry": {"type": "Point", "coordinates": [-2.0630194, 48.6555519]}, "properties": {"id": "auto02156", "nom": "A2156", "auto": true, "z": 1.77, "saillie": 4.74}}, {"type": "Feature", "geometry": {"type": "Point", "coordinates": [-2.052027, 48.6555503]}, "properties": {"id": "auto02157", "nom": "A2157", "auto": true, "z": -2.45, "saillie": 2.32}}, {"type": "Feature", "geometry": {"type": "Point", "coordinates": [-2.0943606, 48.6555124]}, "properties": {"id": "auto02158", "nom": "A2158", "auto": true, "z": 2.98, "saillie": 7.5}}, {"type": "Feature", "geometry": {"type": "Point", "coordinates": [-2.0610545, 48.6554912]}, "properties": {"id": "auto02159", "nom": "A2159", "auto": true, "z": 7.29, "saillie": 16.75}}, {"type": "Feature", "geometry": {"type": "Point", "coordinates": [-2.0849432, 48.6554825]}, "properties": {"id": "auto02160", "nom": "A2160", "auto": true, "z": -0.51, "saillie": 2.93}}, {"type": "Feature", "geometry": {"type": "Point", "coordinates": [-2.1078529, 48.655475]}, "properties": {"id": "auto02161", "nom": "A2161", "auto": true, "z": 0.69, "saillie": 8.22}}, {"type": "Feature", "geometry": {"type": "Point", "coordinates": [-2.0860306, 48.6554721]}, "properties": {"id": "auto02162", "nom": "A2162", "auto": true, "z": -1.34, "saillie": 1.53}}, {"type": "Feature", "geometry": {"type": "Point", "coordinates": [-1.9916716, 48.655465]}, "properties": {"id": "auto02163", "nom": "A2163", "auto": true, "z": 12.61, "saillie": 1.06}}, {"type": "Feature", "geometry": {"type": "Point", "coordinates": [-2.0887507, 48.655464]}, "properties": {"id": "auto02164", "nom": "A2164", "auto": true, "z": 8.36, "saillie": 7.14}}, {"type": "Feature", "geometry": {"type": "Point", "coordinates": [-2.0625755, 48.6554626]}, "properties": {"id": "auto02165", "nom": "A2165", "auto": true, "z": -0.49, "saillie": 3.4}}, {"type": "Feature", "geometry": {"type": "Point", "coordinates": [-2.0698653, 48.6554407]}, "properties": {"id": "auto02166", "nom": "A2166", "auto": true, "z": 8.51, "saillie": 6.28}}, {"type": "Feature", "geometry": {"type": "Point", "coordinates": [-2.0891266, 48.6554119]}, "properties": {"id": "auto02167", "nom": "A2167", "auto": true, "z": 9.07, "saillie": 8.86}}, {"type": "Feature", "geometry": {"type": "Point", "coordinates": [-1.9895984, 48.6554077]}, "properties": {"id": "auto02168", "nom": "A2168", "auto": true, "z": 13.27, "saillie": 3.17}}, {"type": "Feature", "geometry": {"type": "Point", "coordinates": [-2.0683374, 48.6553976]}, "properties": {"id": "auto02169", "nom": "A2169", "auto": true, "z": 4.96, "saillie": 5.74}}, {"type": "Feature", "geometry": {"type": "Point", "coordinates": [-1.9889988, 48.6553968]}, "properties": {"id": "auto02170", "nom": "A2170", "auto": true, "z": 13.42, "saillie": 1.72}}, {"type": "Feature", "geometry": {"type": "Point", "coordinates": [-2.0836828, 48.6553921]}, "properties": {"id": "auto02171", "nom": "A2171", "auto": true, "z": -2.26, "saillie": 2.31}}, {"type": "Feature", "geometry": {"type": "Point", "coordinates": [-2.0674634, 48.6553628]}, "properties": {"id": "auto02172", "nom": "A2172", "auto": true, "z": 0.57, "saillie": 1.26}}, {"type": "Feature", "geometry": {"type": "Point", "coordinates": [-2.0853121, 48.6553586]}, "properties": {"id": "auto02173", "nom": "A2173", "auto": true, "z": -0.92, "saillie": 1.68}}, {"type": "Feature", "geometry": {"type": "Point", "coordinates": [-2.0924935, 48.65534]}, "properties": {"id": "auto02174", "nom": "A2174", "auto": true, "z": -1.15, "saillie": 2.23}}, {"type": "Feature", "geometry": {"type": "Point", "coordinates": [-2.0707254, 48.655332]}, "properties": {"id": "auto02175", "nom": "A2175", "auto": true, "z": 8.18, "saillie": 5.62}}, {"type": "Feature", "geometry": {"type": "Point", "coordinates": [-2.0693094, 48.6553202]}, "properties": {"id": "auto02176", "nom": "A2176", "auto": true, "z": 3.55, "saillie": 2.26}}, {"type": "Feature", "geometry": {"type": "Point", "coordinates": [-2.091782, 48.6552983]}, "properties": {"id": "auto02177", "nom": "A2177", "auto": true, "z": 2.93, "saillie": 5.58}}, {"type": "Feature", "geometry": {"type": "Point", "coordinates": [-2.0537438, 48.6552971]}, "properties": {"id": "auto02178", "nom": "A2178", "auto": true, "z": -0.52, "saillie": 6.4}}, {"type": "Feature", "geometry": {"type": "Point", "coordinates": [-2.0520569, 48.6552967]}, "properties": {"id": "auto02179", "nom": "A2179", "auto": true, "z": 0.44, "saillie": 6.85}}, {"type": "Feature", "geometry": {"type": "Point", "coordinates": [-2.0906912, 48.6552729]}, "properties": {"id": "auto02180", "nom": "A2180", "auto": true, "z": 5.13, "saillie": 6.67}}, {"type": "Feature", "geometry": {"type": "Point", "coordinates": [-2.0713146, 48.6552348]}, "properties": {"id": "auto02181", "nom": "A2181", "auto": true, "z": 8.6, "saillie": 4.72}}, {"type": "Feature", "geometry": {"type": "Point", "coordinates": [-2.0632556, 48.6551813]}, "properties": {"id": "auto02182", "nom": "A2182", "auto": true, "z": 1.58, "saillie": 4.87}}, {"type": "Feature", "geometry": {"type": "Point", "coordinates": [-2.0649968, 48.6551793]}, "properties": {"id": "auto02183", "nom": "A2183", "auto": true, "z": 5.32, "saillie": 6.91}}, {"type": "Feature", "geometry": {"type": "Point", "coordinates": [-2.0673341, 48.6551519]}, "properties": {"id": "auto02184", "nom": "A2184", "auto": true, "z": 1.19, "saillie": 1.63}}, {"type": "Feature", "geometry": {"type": "Point", "coordinates": [-2.0658097, 48.6551447]}, "properties": {"id": "auto02185", "nom": "A2185", "auto": true, "z": 5.98, "saillie": 7.69}}, {"type": "Feature", "geometry": {"type": "Point", "coordinates": [-2.0929638, 48.6551396]}, "properties": {"id": "auto02186", "nom": "A2186", "auto": true, "z": 1.21, "saillie": 5.22}}, {"type": "Feature", "geometry": {"type": "Point", "coordinates": [-1.9892999, 48.6551319]}, "properties": {"id": "auto02187", "nom": "A2187", "auto": true, "z": 13.57, "saillie": 1.39}}, {"type": "Feature", "geometry": {"type": "Point", "coordinates": [-2.0731537, 48.6551203]}, "properties": {"id": "auto02188", "nom": "A2188", "auto": true, "z": 2.16, "saillie": 2.85}}, {"type": "Feature", "geometry": {"type": "Point", "coordinates": [-2.0222702, 48.6550791]}, "properties": {"id": "auto02189", "nom": "A2189", "auto": true, "z": 7.7, "saillie": 4.44}}, {"type": "Feature", "geometry": {"type": "Point", "coordinates": [-1.9902179, 48.6550573]}, "properties": {"id": "auto02190", "nom": "A2190", "auto": true, "z": 12.66, "saillie": 1.39}}, {"type": "Feature", "geometry": {"type": "Point", "coordinates": [-2.0535569, 48.6550527]}, "properties": {"id": "auto02191", "nom": "A2191", "auto": true, "z": -1.2, "saillie": 11.37}}, {"type": "Feature", "geometry": {"type": "Point", "coordinates": [-2.05187, 48.6550522]}, "properties": {"id": "auto02192", "nom": "A2192", "auto": true, "z": -0.55, "saillie": 5.85}}, {"type": "Feature", "geometry": {"type": "Point", "coordinates": [-2.0889255, 48.6550239]}, "properties": {"id": "auto02193", "nom": "A2193", "auto": true, "z": 6.71, "saillie": 5.24}}, {"type": "Feature", "geometry": {"type": "Point", "coordinates": [-2.0254747, 48.655016]}, "properties": {"id": "auto02194", "nom": "A2194", "auto": true, "z": 1.51, "saillie": 1.29}}, {"type": "Feature", "geometry": {"type": "Point", "coordinates": [-2.0908293, 48.6550146]}, "properties": {"id": "auto02195", "nom": "A2195", "auto": true, "z": 5.68, "saillie": 7.63}}, {"type": "Feature", "geometry": {"type": "Point", "coordinates": [-2.0919166, 48.6550041]}, "properties": {"id": "auto02196", "nom": "A2196", "auto": true, "z": 4.53, "saillie": 5.79}}, {"type": "Feature", "geometry": {"type": "Point", "coordinates": [-2.0241671, 48.6549991]}, "properties": {"id": "auto02197", "nom": "A2197", "auto": true, "z": 9.78, "saillie": 6.45}}, {"type": "Feature", "geometry": {"type": "Point", "coordinates": [-2.0684075, 48.6549981]}, "properties": {"id": "auto02198", "nom": "A2198", "auto": true, "z": 4.43, "saillie": 4.03}}, {"type": "Feature", "geometry": {"type": "Point", "coordinates": [-2.0878889, 48.6549961]}, "properties": {"id": "auto02199", "nom": "A2199", "auto": true, "z": 4.08, "saillie": 4.69}}, {"type": "Feature", "geometry": {"type": "Point", "coordinates": [-2.0719982, 48.6549893]}, "properties": {"id": "auto02200", "nom": "A2200", "auto": true, "z": 6.01, "saillie": 5.28}}, {"type": "Feature", "geometry": {"type": "Point", "coordinates": [-2.0885392, 48.6549683]}, "properties": {"id": "auto02201", "nom": "A2201", "auto": true, "z": 6.35, "saillie": 5.53}}, {"type": "Feature", "geometry": {"type": "Point", "coordinates": [-1.9933071, 48.6549278]}, "properties": {"id": "auto02202", "nom": "A2202", "auto": true, "z": 12.92, "saillie": 1.38}}, {"type": "Feature", "geometry": {"type": "Point", "coordinates": [-2.2969746, 48.654924]}, "properties": {"id": "auto02203", "nom": "A2203", "auto": true, "z": 6.16, "saillie": 4.74}}, {"type": "Feature", "geometry": {"type": "Point", "coordinates": [-2.0726992, 48.6549234]}, "properties": {"id": "auto02204", "nom": "A2204", "auto": true, "z": 3.11, "saillie": 3.06}}, {"type": "Feature", "geometry": {"type": "Point", "coordinates": [-2.0902734, 48.6548941]}, "properties": {"id": "auto02205", "nom": "A2205", "auto": true, "z": 9.63, "saillie": 9.27}}, {"type": "Feature", "geometry": {"type": "Point", "coordinates": [-2.0514733, 48.6548888]}, "properties": {"id": "auto02206", "nom": "A2206", "auto": true, "z": 1.54, "saillie": 5.63}}, {"type": "Feature", "geometry": {"type": "Point", "coordinates": [-2.0670318, 48.6548403]}, "properties": {"id": "auto02207", "nom": "A2207", "auto": true, "z": 4.05, "saillie": 4.55}}, {"type": "Feature", "geometry": {"type": "Point", "coordinates": [-2.0936945, 48.6548199]}, "properties": {"id": "auto02208", "nom": "A2208", "auto": true, "z": -0.9, "saillie": 3.25}}, {"type": "Feature", "geometry": {"type": "Point", "coordinates": [-2.0648501, 48.654789]}, "properties": {"id": "auto02209", "nom": "A2209", "auto": true, "z": 3.58, "saillie": 4.9}}, {"type": "Feature", "geometry": {"type": "Point", "coordinates": [-2.085202, 48.6547864]}, "properties": {"id": "auto02210", "nom": "A2210", "auto": true, "z": -0.53, "saillie": 1.68}}, {"type": "Feature", "geometry": {"type": "Point", "coordinates": [-2.0914044, 48.6547736]}, "properties": {"id": "auto02211", "nom": "A2211", "auto": true, "z": 7.06, "saillie": 8.59}}, {"type": "Feature", "geometry": {"type": "Point", "coordinates": [-2.0931456, 48.6547713]}, "properties": {"id": "auto02212", "nom": "A2212", "auto": true, "z": 2.02, "saillie": 5.36}}, {"type": "Feature", "geometry": {"type": "Point", "coordinates": [-2.089172, 48.654761]}, "properties": {"id": "auto02213", "nom": "A2213", "auto": true, "z": 2.63, "saillie": 1.44}}, {"type": "Feature", "geometry": {"type": "Point", "coordinates": [-2.0674042, 48.6547524]}, "properties": {"id": "auto02214", "nom": "A2214", "auto": true, "z": 2.68, "saillie": 2.18}}, {"type": "Feature", "geometry": {"type": "Point", "coordinates": [-2.0919463, 48.6547505]}, "properties": {"id": "auto02215", "nom": "A2215", "auto": true, "z": 6.82, "saillie": 7.55}}, {"type": "Feature", "geometry": {"type": "Point", "coordinates": [-2.0617437, 48.6547409]}, "properties": {"id": "auto02216", "nom": "A2216", "auto": true, "z": -1.39, "saillie": 5.55}}, {"type": "Feature", "geometry": {"type": "Point", "coordinates": [-2.0510765, 48.6547254]}, "properties": {"id": "auto02217", "nom": "A2217", "auto": true, "z": 1.27, "saillie": 6.16}}, {"type": "Feature", "geometry": {"type": "Point", "coordinates": [-2.003896, 48.6546994]}, "properties": {"id": "auto02218", "nom": "A2218", "auto": true, "z": 12.99, "saillie": 1.85}}, {"type": "Feature", "geometry": {"type": "Point", "coordinates": [-2.0906894, 48.6546961]}, "properties": {"id": "auto02219", "nom": "A2219", "auto": true, "z": 8.67, "saillie": 9.63}}, {"type": "Feature", "geometry": {"type": "Point", "coordinates": [-1.9914335, 48.6546819]}, "properties": {"id": "auto02220", "nom": "A2220", "auto": true, "z": 12.84, "saillie": 1.14}}, {"type": "Feature", "geometry": {"type": "Point", "coordinates": [-1.9873516, 48.6546727]}, "properties": {"id": "auto02221", "nom": "A2221", "auto": true, "z": 13.05, "saillie": 1.33}}, {"type": "Feature", "geometry": {"type": "Point", "coordinates": [-1.9928461, 48.6546587]}, "properties": {"id": "auto02222", "nom": "A2222", "auto": true, "z": 12.76, "saillie": 1.24}}, {"type": "Feature", "geometry": {"type": "Point", "coordinates": [-2.1062478, 48.6546425]}, "properties": {"id": "auto02223", "nom": "A2223", "auto": true, "z": -0.55, "saillie": 6.65}}, {"type": "Feature", "geometry": {"type": "Point", "coordinates": [-2.0924236, 48.6546219]}, "properties": {"id": "auto02224", "nom": "A2224", "auto": true, "z": 5.26, "saillie": 6.45}}, {"type": "Feature", "geometry": {"type": "Point", "coordinates": [-2.0372419, 48.6545906]}, "properties": {"id": "auto02225", "nom": "A2225", "auto": true, "z": 1.43, "saillie": 2.53}}, {"type": "Feature", "geometry": {"type": "Point", "coordinates": [-2.063359, 48.654564]}, "properties": {"id": "auto02226", "nom": "A2226", "auto": true, "z": 3.42, "saillie": 5.99}}, {"type": "Feature", "geometry": {"type": "Point", "coordinates": [-2.024068, 48.6545346]}, "properties": {"id": "auto02227", "nom": "A2227", "auto": true, "z": 11.41, "saillie": 7.03}}, {"type": "Feature", "geometry": {"type": "Point", "coordinates": [-2.0445823, 48.6545321]}, "properties": {"id": "auto02228", "nom": "A2228", "auto": true, "z": -1.49, "saillie": 1.51}}, {"type": "Feature", "geometry": {"type": "Point", "coordinates": [-1.9909828, 48.6545205]}, "properties": {"id": "auto02229", "nom": "A2229", "auto": true, "z": 12.54, "saillie": 1.07}}, {"type": "Feature", "geometry": {"type": "Point", "coordinates": [-2.0863733, 48.6545201]}, "properties": {"id": "auto02230", "nom": "A2230", "auto": true, "z": 0.33, "saillie": 2.07}}, {"type": "Feature", "geometry": {"type": "Point", "coordinates": [-1.9879883, 48.6545019]}, "properties": {"id": "auto02231", "nom": "A2231", "auto": true, "z": 12.45, "saillie": 1.03}}, {"type": "Feature", "geometry": {"type": "Point", "coordinates": [-2.1172261, 48.6544955]}, "properties": {"id": "auto02232", "nom": "A2232", "auto": true, "z": -2.28, "saillie": 7.51}}, {"type": "Feature", "geometry": {"type": "Point", "coordinates": [-2.0869694, 48.6544946]}, "properties": {"id": "auto02233", "nom": "A2233", "auto": true, "z": 1.97, "saillie": 2.93}}, {"type": "Feature", "geometry": {"type": "Point", "coordinates": [-2.0037128, 48.6544908]}, "properties": {"id": "auto02234", "nom": "A2234", "auto": true, "z": 12.89, "saillie": 1.78}}, {"type": "Feature", "geometry": {"type": "Point", "coordinates": [-1.9951696, 48.6544891]}, "properties": {"id": "auto02235", "nom": "A2235", "auto": true, "z": 12.8, "saillie": 1.12}}, {"type": "Feature", "geometry": {"type": "Point", "coordinates": [-2.1056342, 48.6544885]}, "properties": {"id": "auto02236", "nom": "A2236", "auto": true, "z": -2.11, "saillie": 4.85}}, {"type": "Feature", "geometry": {"type": "Point", "coordinates": [-1.9976153, 48.6544585]}, "properties": {"id": "auto02237", "nom": "A2237", "auto": true, "z": 12.57, "saillie": 1.12}}, {"type": "Feature", "geometry": {"type": "Point", "coordinates": [-1.9970699, 48.6544454]}, "properties": {"id": "auto02238", "nom": "A2238", "auto": true, "z": 12.58, "saillie": 1.13}}, {"type": "Feature", "geometry": {"type": "Point", "coordinates": [-2.0510488, 48.6544381]}, "properties": {"id": "auto02239", "nom": "A2239", "auto": true, "z": -1.25, "saillie": 6.76}}, {"type": "Feature", "geometry": {"type": "Point", "coordinates": [-2.0921316, 48.6544181]}, "properties": {"id": "auto02240", "nom": "A2240", "auto": true, "z": 8.94, "saillie": 8.39}}, {"type": "Feature", "geometry": {"type": "Point", "coordinates": [-2.0657366, 48.6543907]}, "properties": {"id": "auto02241", "nom": "A2241", "auto": true, "z": 2.4, "saillie": 2.71}}, {"type": "Feature", "geometry": {"type": "Point", "coordinates": [-2.0640496, 48.6543904]}, "properties": {"id": "auto02242", "nom": "A2242", "auto": true, "z": 1.95, "saillie": 3.33}}, {"type": "Feature", "geometry": {"type": "Point", "coordinates": [-2.0929987, 48.654381]}, "properties": {"id": "auto02243", "nom": "A2243", "auto": true, "z": 3.93, "saillie": 6.25}}, {"type": "Feature", "geometry": {"type": "Point", "coordinates": [-2.064429, 48.6543743]}, "properties": {"id": "auto02244", "nom": "A2244", "auto": true, "z": 1.22, "saillie": 2.46}}, {"type": "Feature", "geometry": {"type": "Point", "coordinates": [-2.0292741, 48.6543507]}, "properties": {"id": "auto02245", "nom": "A2245", "auto": true, "z": 1.92, "saillie": 1.64}}, {"type": "Feature", "geometry": {"type": "Point", "coordinates": [-2.0045696, 48.6543466]}, "properties": {"id": "auto02246", "nom": "A2246", "auto": true, "z": 11.72, "saillie": 1.0}}, {"type": "Feature", "geometry": {"type": "Point", "coordinates": [-2.090546, 48.6543417]}, "properties": {"id": "auto02247", "nom": "A2247", "auto": true, "z": 10.07, "saillie": 6.86}}, {"type": "Feature", "geometry": {"type": "Point", "coordinates": [-2.0635007, 48.6543416]}, "properties": {"id": "auto02248", "nom": "A2248", "auto": true, "z": 2.18, "saillie": 3.58}}, {"type": "Feature", "geometry": {"type": "Point", "coordinates": [-2.0916334, 48.6543312]}, "properties": {"id": "auto02249", "nom": "A2249", "auto": true, "z": 8.53, "saillie": 6.15}}, {"type": "Feature", "geometry": {"type": "Point", "coordinates": [-2.0288337, 48.6542973]}, "properties": {"id": "auto02250", "nom": "A2250", "auto": true, "z": 1.8, "saillie": 1.67}}, {"type": "Feature", "geometry": {"type": "Point", "coordinates": [-2.0874396, 48.6542942]}, "properties": {"id": "auto02251", "nom": "A2251", "auto": true, "z": 1.58, "saillie": 1.72}}, {"type": "Feature", "geometry": {"type": "Point", "coordinates": [-2.0372649, 48.6542652]}, "properties": {"id": "auto02252", "nom": "A2252", "auto": true, "z": 0.11, "saillie": 1.19}}, {"type": "Feature", "geometry": {"type": "Point", "coordinates": [-2.0827546, 48.654242]}, "properties": {"id": "auto02253", "nom": "A2253", "auto": true, "z": -0.78, "saillie": 1.66}}, {"type": "Feature", "geometry": {"type": "Point", "coordinates": [-2.1063141, 48.654207]}, "properties": {"id": "auto02254", "nom": "A2254", "auto": true, "z": 0.02, "saillie": 6.96}}, {"type": "Feature", "geometry": {"type": "Point", "coordinates": [-2.0897157, 48.6541969]}, "properties": {"id": "auto02255", "nom": "A2255", "auto": true, "z": 9.75, "saillie": 7.18}}, {"type": "Feature", "geometry": {"type": "Point", "coordinates": [-2.0880829, 48.6541946]}, "properties": {"id": "auto02256", "nom": "A2256", "auto": true, "z": 6.61, "saillie": 6.04}}, {"type": "Feature", "geometry": {"type": "Point", "coordinates": [-2.0653363, 48.6541914]}, "properties": {"id": "auto02257", "nom": "A2257", "auto": true, "z": 2.09, "saillie": 2.46}}, {"type": "Feature", "geometry": {"type": "Point", "coordinates": [-2.0230545, 48.6541808]}, "properties": {"id": "auto02258", "nom": "A2258", "auto": true, "z": 13.54, "saillie": 5.06}}, {"type": "Feature", "geometry": {"type": "Point", "coordinates": [-2.0948237, 48.6541226]}, "properties": {"id": "auto02259", "nom": "A2259", "auto": true, "z": -0.67, "saillie": 4.38}}, {"type": "Feature", "geometry": {"type": "Point", "coordinates": [-2.0278916, 48.6541207]}, "properties": {"id": "auto02260", "nom": "A2260", "auto": true, "z": 1.27, "saillie": 1.03}}, {"type": "Feature", "geometry": {"type": "Point", "coordinates": [-2.0611933, 48.6541153]}, "properties": {"id": "auto02261", "nom": "A2261", "auto": true, "z": -1.61, "saillie": 6.24}}, {"type": "Feature", "geometry": {"type": "Point", "coordinates": [-2.0035665, 48.6541003]}, "properties": {"id": "auto02262", "nom": "A2262", "auto": true, "z": 12.86, "saillie": 1.91}}, {"type": "Feature", "geometry": {"type": "Point", "coordinates": [-2.1056498, 48.6540913]}, "properties": {"id": "auto02263", "nom": "A2263", "auto": true, "z": -1.09, "saillie": 5.62}}, {"type": "Feature", "geometry": {"type": "Point", "coordinates": [-2.0244601, 48.6540854]}, "properties": {"id": "auto02264", "nom": "A2264", "auto": true, "z": 8.68, "saillie": 6.15}}, {"type": "Feature", "geometry": {"type": "Point", "coordinates": [-2.0924252, 48.654081]}, "properties": {"id": "auto02265", "nom": "A2265", "auto": true, "z": 7.86, "saillie": 7.58}}, {"type": "Feature", "geometry": {"type": "Point", "coordinates": [-2.0866565, 48.6540753]}, "properties": {"id": "auto02266", "nom": "A2266", "auto": true, "z": 3.62, "saillie": 4.82}}, {"type": "Feature", "geometry": {"type": "Point", "coordinates": [-2.0233693, 48.6540593]}, "properties": {"id": "auto02267", "nom": "A2267", "auto": true, "z": 12.94, "saillie": 4.6}}, {"type": "Feature", "geometry": {"type": "Point", "coordinates": [-2.0888311, 48.6540545]}, "properties": {"id": "auto02268", "nom": "A2268", "auto": true, "z": 8.22, "saillie": 5.72}}, {"type": "Feature", "geometry": {"type": "Point", "coordinates": [-2.0239113, 48.6540365]}, "properties": {"id": "auto02269", "nom": "A2269", "auto": true, "z": 10.73, "saillie": 3.78}}, {"type": "Feature", "geometry": {"type": "Point", "coordinates": [-2.0063881, 48.6540177]}, "properties": {"id": "auto02270", "nom": "A2270", "auto": true, "z": 12.07, "saillie": 1.07}}, {"type": "Feature", "geometry": {"type": "Point", "coordinates": [-2.0068217, 48.6539995]}, "properties": {"id": "auto02271", "nom": "A2271", "auto": true, "z": 13.31, "saillie": 2.21}}, {"type": "Feature", "geometry": {"type": "Point", "coordinates": [-2.0918186, 48.6539988]}, "properties": {"id": "auto02272", "nom": "A2272", "auto": true, "z": 8.46, "saillie": 5.6}}, {"type": "Feature", "geometry": {"type": "Point", "coordinates": [-1.9931637, 48.6539964]}, "properties": {"id": "auto02273", "nom": "A2273", "auto": true, "z": 12.93, "saillie": 1.44}}, {"type": "Feature", "geometry": {"type": "Point", "coordinates": [-2.0869746, 48.6539896]}, "properties": {"id": "auto02274", "nom": "A2274", "auto": true, "z": 3.96, "saillie": 4.6}}, {"type": "Feature", "geometry": {"type": "Point", "coordinates": [-1.9980042, 48.6539735]}, "properties": {"id": "auto02275", "nom": "A2275", "auto": true, "z": 12.97, "saillie": 1.11}}, {"type": "Feature", "geometry": {"type": "Point", "coordinates": [-2.087354, 48.6539734]}, "properties": {"id": "auto02276", "nom": "A2276", "auto": true, "z": 5.78, "saillie": 4.85}}, {"type": "Feature", "geometry": {"type": "Point", "coordinates": [-2.1059644, 48.6539696]}, "properties": {"id": "auto02277", "nom": "A2277", "auto": true, "z": -0.96, "saillie": 5.9}}, {"type": "Feature", "geometry": {"type": "Point", "coordinates": [-2.004315, 48.6539607]}, "properties": {"id": "auto02278", "nom": "A2278", "auto": true, "z": 11.78, "saillie": 1.16}}, {"type": "Feature", "geometry": {"type": "Point", "coordinates": [-2.0713517, 48.6539353]}, "properties": {"id": "auto02279", "nom": "A2279", "auto": true, "z": 9.88, "saillie": 8.46}}, {"type": "Feature", "geometry": {"type": "Point", "coordinates": [-2.0302116, 48.6539146]}, "properties": {"id": "auto02280", "nom": "A2280", "auto": true, "z": 1.19, "saillie": 1.0}}, {"type": "Feature", "geometry": {"type": "Point", "coordinates": [-2.0894674, 48.653883]}, "properties": {"id": "auto02281", "nom": "A2281", "auto": true, "z": 9.71, "saillie": 4.12}}, {"type": "Feature", "geometry": {"type": "Point", "coordinates": [-2.0318951, 48.6538794]}, "properties": {"id": "auto02282", "nom": "A2282", "auto": true, "z": 2.69, "saillie": 2.55}}, {"type": "Feature", "geometry": {"type": "Point", "coordinates": [-2.0710196, 48.6538773]}, "properties": {"id": "auto02283", "nom": "A2283", "auto": true, "z": 11.05, "saillie": 6.83}}, {"type": "Feature", "geometry": {"type": "Point", "coordinates": [-2.0456073, 48.6538758]}, "properties": {"id": "auto02284", "nom": "A2284", "auto": true, "z": -2.12, "saillie": 1.18}}, {"type": "Feature", "geometry": {"type": "Point", "coordinates": [-2.094037, 48.6538678]}, "properties": {"id": "auto02285", "nom": "A2285", "auto": true, "z": 1.62, "saillie": 4.87}}, {"type": "Feature", "geometry": {"type": "Point", "coordinates": [-2.0898433, 48.6538309]}, "properties": {"id": "auto02286", "nom": "A2286", "auto": true, "z": 10.27, "saillie": 4.13}}, {"type": "Feature", "geometry": {"type": "Point", "coordinates": [-2.0374401, 48.6538251]}, "properties": {"id": "auto02287", "nom": "A2287", "auto": true, "z": 1.15, "saillie": 2.02}}, {"type": "Feature", "geometry": {"type": "Point", "coordinates": [-2.0613281, 48.6538212]}, "properties": {"id": "auto02288", "nom": "A2288", "auto": true, "z": -1.71, "saillie": 3.12}}, {"type": "Feature", "geometry": {"type": "Point", "coordinates": [-2.0016353, 48.653821]}, "properties": {"id": "auto02289", "nom": "A2289", "auto": true, "z": 12.0, "saillie": 1.1}}, {"type": "Feature", "geometry": {"type": "Point", "coordinates": [-2.0368406, 48.6538145]}, "properties": {"id": "auto02290", "nom": "A2290", "auto": true, "z": 2.43, "saillie": 2.4}}, {"type": "Feature", "geometry": {"type": "Point", "coordinates": [-2.0888066, 48.6538031]}, "properties": {"id": "auto02291", "nom": "A2291", "auto": true, "z": 9.96, "saillie": 7.74}}, {"type": "Feature", "geometry": {"type": "Point", "coordinates": [-1.986995, 48.6537864]}, "properties": {"id": "auto02292", "nom": "A2292", "auto": true, "z": 12.82, "saillie": 1.08}}, {"type": "Feature", "geometry": {"type": "Point", "coordinates": [-2.0909271, 48.6537846]}, "properties": {"id": "auto02293", "nom": "A2293", "auto": true, "z": 11.16, "saillie": 6.41}}, {"type": "Feature", "geometry": {"type": "Point", "coordinates": [-2.0918518, 48.653781]}, "properties": {"id": "auto02294", "nom": "A2294", "auto": true, "z": 8.25, "saillie": 7.87}}, {"type": "Feature", "geometry": {"type": "Point", "coordinates": [-2.0859747, 48.65378]}, "properties": {"id": "auto02295", "nom": "A2295", "auto": true, "z": 3.74, "saillie": 5.41}}, {"type": "Feature", "geometry": {"type": "Point", "coordinates": [-2.0309058, 48.6537771]}, "properties": {"id": "auto02296", "nom": "A2296", "auto": true, "z": 1.44, "saillie": 1.17}}, {"type": "Feature", "geometry": {"type": "Point", "coordinates": [-2.1072509, 48.6537702]}, "properties": {"id": "auto02297", "nom": "A2297", "auto": true, "z": 2.49, "saillie": 10.92}}, {"type": "Feature", "geometry": {"type": "Point", "coordinates": [-2.0235585, 48.6537629]}, "properties": {"id": "auto02298", "nom": "A2298", "auto": true, "z": 12.55, "saillie": 3.75}}, {"type": "Feature", "geometry": {"type": "Point", "coordinates": [-2.0601796, 48.6537618]}, "properties": {"id": "auto02299", "nom": "A2299", "auto": true, "z": -1.87, "saillie": 5.17}}, {"type": "Feature", "geometry": {"type": "Point", "coordinates": [-2.0024448, 48.6537509]}, "properties": {"id": "auto02300", "nom": "A2300", "auto": true, "z": 11.54, "saillie": 1.15}}, {"type": "Feature", "geometry": {"type": "Point", "coordinates": [-2.0035322, 48.6537413]}, "properties": {"id": "auto02301", "nom": "A2301", "auto": true, "z": 12.8, "saillie": 1.83}}, {"type": "Feature", "geometry": {"type": "Point", "coordinates": [-2.0625168, 48.6537345]}, "properties": {"id": "auto02302", "nom": "A2302", "auto": true, "z": 1.21, "saillie": 2.97}}, {"type": "Feature", "geometry": {"type": "Point", "coordinates": [-2.0312817, 48.6537251]}, "properties": {"id": "auto02303", "nom": "A2303", "auto": true, "z": 1.34, "saillie": 1.01}}, {"type": "Feature", "geometry": {"type": "Point", "coordinates": [-2.0879798, 48.6536943]}, "properties": {"id": "auto02304", "nom": "A2304", "auto": true, "z": 4.89, "saillie": 4.38}}, {"type": "Feature", "geometry": {"type": "Point", "coordinates": [-2.1097437, 48.6536632]}, "properties": {"id": "auto02305", "nom": "A2305", "auto": true, "z": 0.73, "saillie": 7.58}}, {"type": "Feature", "geometry": {"type": "Point", "coordinates": [-2.0062995, 48.6536609]}, "properties": {"id": "auto02306", "nom": "A2306", "auto": true, "z": 11.89, "saillie": 1.04}}, {"type": "Feature", "geometry": {"type": "Point", "coordinates": [-1.9910089, 48.6536542]}, "properties": {"id": "auto02307", "nom": "A2307", "auto": true, "z": 12.56, "saillie": 1.18}}, {"type": "Feature", "geometry": {"type": "Point", "coordinates": [-2.1134427, 48.6536485]}, "properties": {"id": "auto02308", "nom": "A2308", "auto": true, "z": -2.07, "saillie": 6.04}}, {"type": "Feature", "geometry": {"type": "Point", "coordinates": [-1.9985695, 48.6536253]}, "properties": {"id": "auto02309", "nom": "A2309", "auto": true, "z": 12.43, "saillie": 1.25}}, {"type": "Feature", "geometry": {"type": "Point", "coordinates": [-2.0295844, 48.6536166]}, "properties": {"id": "auto02310", "nom": "A2310", "auto": true, "z": 1.89, "saillie": 1.14}}, {"type": "Feature", "geometry": {"type": "Point", "coordinates": [-2.0303431, 48.6535845]}, "properties": {"id": "auto02311", "nom": "A2311", "auto": true, "z": 1.8, "saillie": 1.02}}, {"type": "Feature", "geometry": {"type": "Point", "coordinates": [-2.0389402, 48.6535814]}, "properties": {"id": "auto02312", "nom": "A2312", "auto": true, "z": 4.99, "saillie": 5.56}}, {"type": "Feature", "geometry": {"type": "Point", "coordinates": [-2.1068505, 48.6535711]}, "properties": {"id": "auto02313", "nom": "A2313", "auto": true, "z": 1.62, "saillie": 9.72}}, {"type": "Feature", "geometry": {"type": "Point", "coordinates": [-1.994264, 48.6535537]}, "properties": {"id": "auto02314", "nom": "A2314", "auto": true, "z": 12.33, "saillie": 1.03}}, {"type": "Feature", "geometry": {"type": "Point", "coordinates": [-2.0600504, 48.653551]}, "properties": {"id": "auto02315", "nom": "A2315", "auto": true, "z": -2.37, "saillie": 2.93}}, {"type": "Feature", "geometry": {"type": "Point", "coordinates": [-2.0933517, 48.6535366]}, "properties": {"id": "auto02316", "nom": "A2316", "auto": true, "z": -1.46, "saillie": 1.77}}, {"type": "Feature", "geometry": {"type": "Point", "coordinates": [-2.0925895, 48.6535332]}, "properties": {"id": "auto02317", "nom": "A2317", "auto": true, "z": 2.86, "saillie": 5.66}}, {"type": "Feature", "geometry": {"type": "Point", "coordinates": [-2.0605923, 48.653528]}, "properties": {"id": "auto02318", "nom": "A2318", "auto": true, "z": -2.34, "saillie": 3.23}}, {"type": "Feature", "geometry": {"type": "Point", "coordinates": [-2.0885619, 48.6535252]}, "properties": {"id": "auto02319", "nom": "A2319", "auto": true, "z": 5.34, "saillie": 4.45}}, {"type": "Feature", "geometry": {"type": "Point", "coordinates": [-2.0317521, 48.653525]}, "properties": {"id": "auto02320", "nom": "A2320", "auto": true, "z": 4.44, "saillie": 3.49}}, {"type": "Feature", "geometry": {"type": "Point", "coordinates": [-2.0343638, 48.6535227]}, "properties": {"id": "auto02321", "nom": "A2321", "auto": true, "z": 8.86, "saillie": 6.49}}, {"type": "Feature", "geometry": {"type": "Point", "coordinates": [-2.0889412, 48.6535089]}, "properties": {"id": "auto02322", "nom": "A2322", "auto": true, "z": 6.94, "saillie": 5.37}}, {"type": "Feature", "geometry": {"type": "Point", "coordinates": [-2.0401832, 48.6534927]}, "properties": {"id": "auto02323", "nom": "A2323", "auto": true, "z": 4.42, "saillie": 7.17}}, {"type": "Feature", "geometry": {"type": "Point", "coordinates": [-1.9914287, 48.6534924]}, "properties": {"id": "auto02324", "nom": "A2324", "auto": true, "z": 12.77, "saillie": 1.13}}, {"type": "Feature", "geometry": {"type": "Point", "coordinates": [-2.0008964, 48.6534915]}, "properties": {"id": "auto02325", "nom": "A2325", "auto": true, "z": 12.13, "saillie": 1.47}}, {"type": "Feature", "geometry": {"type": "Point", "coordinates": [-2.0351225, 48.6534906]}, "properties": {"id": "auto02326", "nom": "A2326", "auto": true, "z": 4.71, "saillie": 3.81}}, {"type": "Feature", "geometry": {"type": "Point", "coordinates": [-2.0944897, 48.6534879]}, "properties": {"id": "auto02327", "nom": "A2327", "auto": true, "z": 4.41, "saillie": 5.74}}, {"type": "Feature", "geometry": {"type": "Point", "coordinates": [-2.0035623, 48.6534876]}, "properties": {"id": "auto02328", "nom": "A2328", "auto": true, "z": 13.01, "saillie": 2.04}}, {"type": "Feature", "geometry": {"type": "Point", "coordinates": [-2.0632547, 48.6534868]}, "properties": {"id": "auto02329", "nom": "A2329", "auto": true, "z": 0.28, "saillie": 1.5}}, {"type": "Feature", "geometry": {"type": "Point", "coordinates": [-2.0911666, 48.6534498]}, "properties": {"id": "auto02330", "nom": "A2330", "auto": true, "z": 11.04, "saillie": 9.23}}, {"type": "Feature", "geometry": {"type": "Point", "coordinates": [-1.9952327, 48.653441]}, "properties": {"id": "auto02331", "nom": "A2331", "auto": true, "z": 12.29, "saillie": 1.12}}, {"type": "Feature", "geometry": {"type": "Point", "coordinates": [-2.0252143, 48.6534407]}, "properties": {"id": "auto02332", "nom": "A2332", "auto": true, "z": 3.75, "saillie": 1.8}}, {"type": "Feature", "geometry": {"type": "Point", "coordinates": [-2.0021971, 48.6534369]}, "properties": {"id": "auto02333", "nom": "A2333", "auto": true, "z": 12.13, "saillie": 1.54}}, {"type": "Feature", "geometry": {"type": "Point", "coordinates": [-2.0950281, 48.6534288]}, "properties": {"id": "auto02334", "nom": "A2334", "auto": true, "z": 1.36, "saillie": 4.41}}, {"type": "Feature", "geometry": {"type": "Point", "coordinates": [-2.0237984, 48.6534283]}, "properties": {"id": "auto02335", "nom": "A2335", "auto": true, "z": 11.95, "saillie": 4.4}}, {"type": "Feature", "geometry": {"type": "Point", "coordinates": [-2.0682542, 48.6534182]}, "properties": {"id": "auto02336", "nom": "A2336", "auto": true, "z": 7.59, "saillie": 6.03}}, {"type": "Feature", "geometry": {"type": "Point", "coordinates": [-1.9881022, 48.6534155]}, "properties": {"id": "auto02337", "nom": "A2337", "auto": true, "z": 12.37, "saillie": 1.1}}, {"type": "Feature", "geometry": {"type": "Point", "coordinates": [-1.9959372, 48.6534114]}, "properties": {"id": "auto02338", "nom": "A2338", "auto": true, "z": 12.44, "saillie": 1.26}}, {"type": "Feature", "geometry": {"type": "Point", "coordinates": [-1.9933797, 48.6534106]}, "properties": {"id": "auto02339", "nom": "A2339", "auto": true, "z": 12.6, "saillie": 1.0}}, {"type": "Feature", "geometry": {"type": "Point", "coordinates": [-2.0612321, 48.6533926]}, "properties": {"id": "auto02340", "nom": "A2340", "auto": true, "z": -1.43, "saillie": 1.09}}, {"type": "Feature", "geometry": {"type": "Point", "coordinates": [-2.0290182, 48.6533881]}, "properties": {"id": "auto02341", "nom": "A2341", "auto": true, "z": 1.91, "saillie": 1.17}}, {"type": "Feature", "geometry": {"type": "Point", "coordinates": [-2.0241743, 48.6533764]}, "properties": {"id": "auto02342", "nom": "A2342", "auto": true, "z": 12.33, "saillie": 6.58}}, {"type": "Feature", "geometry": {"type": "Point", "coordinates": [-2.0899062, 48.6533595]}, "properties": {"id": "auto02343", "nom": "A2343", "auto": true, "z": 10.34, "saillie": 6.8}}, {"type": "Feature", "geometry": {"type": "Point", "coordinates": [-2.1084622, 48.6533577]}, "properties": {"id": "auto02344", "nom": "A2344", "auto": true, "z": 1.43, "saillie": 9.1}}, {"type": "Feature", "geometry": {"type": "Point", "coordinates": [-1.9985962, 48.6533358]}, "properties": {"id": "auto02345", "nom": "A2345", "auto": true, "z": 11.93, "saillie": 1.04}}, {"type": "Feature", "geometry": {"type": "Point", "coordinates": [-2.0627495, 48.6533281]}, "properties": {"id": "auto02346", "nom": "A2346", "auto": true, "z": 1.24, "saillie": 2.47}}, {"type": "Feature", "geometry": {"type": "Point", "coordinates": [-2.1134652, 48.6533231]}, "properties": {"id": "auto02347", "nom": "A2347", "auto": true, "z": 0.61, "saillie": 6.97}}, {"type": "Feature", "geometry": {"type": "Point", "coordinates": [-1.9982676, 48.6533135]}, "properties": {"id": "auto02348", "nom": "A2348", "auto": true, "z": 12.2, "saillie": 1.45}}, {"type": "Feature", "geometry": {"type": "Point", "coordinates": [-2.0937642, 48.6533026]}, "properties": {"id": "auto02349", "nom": "A2349", "auto": true, "z": 1.1, "saillie": 4.71}}, {"type": "Feature", "geometry": {"type": "Point", "coordinates": [-2.1061687, 48.6532758]}, "properties": {"id": "auto02350", "nom": "A2350", "auto": true, "z": 3.26, "saillie": 9.77}}, {"type": "Feature", "geometry": {"type": "Point", "coordinates": [-1.997773, 48.6532622]}, "properties": {"id": "auto02351", "nom": "A2351", "auto": true, "z": 11.88, "saillie": 1.1}}, {"type": "Feature", "geometry": {"type": "Point", "coordinates": [-2.0030505, 48.6532568]}, "properties": {"id": "auto02352", "nom": "A2352", "auto": true, "z": 13.0, "saillie": 2.64}}, {"type": "Feature", "geometry": {"type": "Point", "coordinates": [-2.0941942, 48.6532482]}, "properties": {"id": "auto02353", "nom": "A2353", "auto": true, "z": 4.05, "saillie": 6.39}}, {"type": "Feature", "geometry": {"type": "Point", "coordinates": [-2.0885339, 48.6532379]}, "properties": {"id": "auto02354", "nom": "A2354", "auto": true, "z": 3.0, "saillie": 2.99}}, {"type": "Feature", "geometry": {"type": "Point", "coordinates": [-2.0370019, 48.6532308]}, "properties": {"id": "auto02355", "nom": "A2355", "auto": true, "z": 7.84, "saillie": 5.42}}, {"type": "Feature", "geometry": {"type": "Point", "coordinates": [-2.1351607, 48.6531461]}, "properties": {"id": "auto02356", "nom": "A2356", "auto": true, "z": 1.11, "saillie": 9.61}}, {"type": "Feature", "geometry": {"type": "Point", "coordinates": [-2.0349253, 48.6531384]}, "properties": {"id": "auto02357", "nom": "A2357", "auto": true, "z": 6.45, "saillie": 4.62}}, {"type": "Feature", "geometry": {"type": "Point", "coordinates": [-2.1179088, 48.6531321]}, "properties": {"id": "auto02358", "nom": "A2358", "auto": true, "z": 0.17, "saillie": 8.3}}, {"type": "Feature", "geometry": {"type": "Point", "coordinates": [-2.0240959, 48.6531274]}, "properties": {"id": "auto02359", "nom": "A2359", "auto": true, "z": 11.06, "saillie": 4.99}}, {"type": "Feature", "geometry": {"type": "Point", "coordinates": [-2.0896649, 48.6531175]}, "properties": {"id": "auto02360", "nom": "A2360", "auto": true, "z": 6.29, "saillie": 5.96}}, {"type": "Feature", "geometry": {"type": "Point", "coordinates": [-2.1136067, 48.6531007]}, "properties": {"id": "auto02361", "nom": "A2361", "auto": true, "z": 0.01, "saillie": 5.43}}, {"type": "Feature", "geometry": {"type": "Point", "coordinates": [-1.9897583, 48.6530938]}, "properties": {"id": "auto02362", "nom": "A2362", "auto": true, "z": 12.64, "saillie": 1.02}}, {"type": "Feature", "geometry": {"type": "Point", "coordinates": [-2.1342289, 48.6530781]}, "properties": {"id": "auto02363", "nom": "A2363", "auto": true, "z": -0.08, "saillie": 9.07}}, {"type": "Feature", "geometry": {"type": "Point", "coordinates": [-2.0706685, 48.653063]}, "properties": {"id": "auto02364", "nom": "A2364", "auto": true, "z": 5.49, "saillie": 3.48}}, {"type": "Feature", "geometry": {"type": "Point", "coordinates": [-2.1061476, 48.6530604]}, "properties": {"id": "auto02365", "nom": "A2365", "auto": true, "z": 4.51, "saillie": 11.99}}, {"type": "Feature", "geometry": {"type": "Point", "coordinates": [-2.0912871, 48.653012]}, "properties": {"id": "auto02366", "nom": "A2366", "auto": true, "z": 8.01, "saillie": 10.3}}, {"type": "Feature", "geometry": {"type": "Point", "coordinates": [-2.0089576, 48.6530083]}, "properties": {"id": "auto02367", "nom": "A2367", "auto": true, "z": 13.07, "saillie": 1.76}}, {"type": "Feature", "geometry": {"type": "Point", "coordinates": [-2.0949319, 48.6530003]}, "properties": {"id": "auto02368", "nom": "A2368", "auto": true, "z": 1.71, "saillie": 4.06}}, {"type": "Feature", "geometry": {"type": "Point", "coordinates": [-2.0399722, 48.6529969]}, "properties": {"id": "auto02369", "nom": "A2369", "auto": true, "z": 7.65, "saillie": 7.73}}, {"type": "Feature", "geometry": {"type": "Point", "coordinates": [-2.0591242, 48.6529775]}, "properties": {"id": "auto02370", "nom": "A2370", "auto": true, "z": -0.26, "saillie": 5.93}}, {"type": "Feature", "geometry": {"type": "Point", "coordinates": [-1.9883321, 48.6529733]}, "properties": {"id": "auto02371", "nom": "A2371", "auto": true, "z": 12.35, "saillie": 1.08}}, {"type": "Feature", "geometry": {"type": "Point", "coordinates": [-2.0711492, 48.6529704]}, "properties": {"id": "auto02372", "nom": "A2372", "auto": true, "z": 6.23, "saillie": 5.18}}, {"type": "Feature", "geometry": {"type": "Point", "coordinates": [-2.0249492, 48.6529471]}, "properties": {"id": "auto02373", "nom": "A2373", "auto": true, "z": 7.45, "saillie": 3.7}}, {"type": "Feature", "geometry": {"type": "Point", "coordinates": [-2.0676636, 48.6529387]}, "properties": {"id": "auto02374", "nom": "A2374", "auto": true, "z": 5.42, "saillie": 3.64}}, {"type": "Feature", "geometry": {"type": "Point", "coordinates": [-2.0888853, 48.6529345]}, "properties": {"id": "auto02375", "nom": "A2375", "auto": true, "z": 2.77, "saillie": 3.96}}, {"type": "Feature", "geometry": {"type": "Point", "coordinates": [-2.0421941, 48.6529028]}, "properties": {"id": "auto02376", "nom": "A2376", "auto": true, "z": -1.71, "saillie": 2.56}}, {"type": "Feature", "geometry": {"type": "Point", "coordinates": [-1.9977928, 48.6529009]}, "properties": {"id": "auto02377", "nom": "A2377", "auto": true, "z": 11.71, "saillie": 1.01}}, {"type": "Feature", "geometry": {"type": "Point", "coordinates": [-2.0031787, 48.6528909]}, "properties": {"id": "auto02378", "nom": "A2378", "auto": true, "z": 12.94, "saillie": 1.69}}, {"type": "Feature", "geometry": {"type": "Point", "coordinates": [-2.0238008, 48.6528874]}, "properties": {"id": "auto02379", "nom": "A2379", "auto": true, "z": 10.1, "saillie": 3.06}}, {"type": "Feature", "geometry": {"type": "Point", "coordinates": [-2.13372, 48.6528837]}, "properties": {"id": "auto02380", "nom": "A2380", "auto": true, "z": 3.41, "saillie": 10.72}}, {"type": "Feature", "geometry": {"type": "Point", "coordinates": [-2.1196252, 48.652878]}, "properties": {"id": "auto02381", "nom": "A2381", "auto": true, "z": 1.64, "saillie": 10.89}}, {"type": "Feature", "geometry": {"type": "Point", "coordinates": [-2.117122, 48.6528775]}, "properties": {"id": "auto02382", "nom": "A2382", "auto": true, "z": 1.18, "saillie": 6.31}}, {"type": "Feature", "geometry": {"type": "Point", "coordinates": [-2.039579, 48.6528693]}, "properties": {"id": "auto02383", "nom": "A2383", "auto": true, "z": 11.73, "saillie": 7.69}}, {"type": "Feature", "geometry": {"type": "Point", "coordinates": [-2.0366929, 48.6528473]}, "properties": {"id": "auto02384", "nom": "A2384", "auto": true, "z": 7.5, "saillie": 4.7}}, {"type": "Feature", "geometry": {"type": "Point", "coordinates": [-2.0681985, 48.6528438]}, "properties": {"id": "auto02385", "nom": "A2385", "auto": true, "z": 5.66, "saillie": 2.69}}, {"type": "Feature", "geometry": {"type": "Point", "coordinates": [-2.1090633, 48.6528271]}, "properties": {"id": "auto02386", "nom": "A2386", "auto": true, "z": 0.69, "saillie": 5.89}}, {"type": "Feature", "geometry": {"type": "Point", "coordinates": [-2.025264, 48.6528257]}, "properties": {"id": "auto02387", "nom": "A2387", "auto": true, "z": 9.45, "saillie": 6.08}}, {"type": "Feature", "geometry": {"type": "Point", "coordinates": [-2.0039339, 48.6528231]}, "properties": {"id": "auto02388", "nom": "A2388", "auto": true, "z": 12.34, "saillie": 1.37}}, {"type": "Feature", "geometry": {"type": "Point", "coordinates": [-2.0347316, 48.6528221]}, "properties": {"id": "auto02389", "nom": "A2389", "auto": true, "z": 8.1, "saillie": 3.11}}, {"type": "Feature", "geometry": {"type": "Point", "coordinates": [-2.0613933, 48.6528089]}, "properties": {"id": "auto02390", "nom": "A2390", "auto": true, "z": 0.66, "saillie": 1.83}}, {"type": "Feature", "geometry": {"type": "Point", "coordinates": [-2.0310834, 48.6527961]}, "properties": {"id": "auto02391", "nom": "A2391", "auto": true, "z": 4.73, "saillie": 2.45}}, {"type": "Feature", "geometry": {"type": "Point", "coordinates": [-2.0260769, 48.6527914]}, "properties": {"id": "auto02392", "nom": "A2392", "auto": true, "z": 3.73, "saillie": 1.28}}, {"type": "Feature", "geometry": {"type": "Point", "coordinates": [-1.9858659, 48.6527882]}, "properties": {"id": "auto02393", "nom": "A2393", "auto": true, "z": 13.15, "saillie": 3.59}}, {"type": "Feature", "geometry": {"type": "Point", "coordinates": [-2.0244984, 48.6527859]}, "properties": {"id": "auto02394", "nom": "A2394", "auto": true, "z": 8.5, "saillie": 3.51}}, {"type": "Feature", "geometry": {"type": "Point", "coordinates": [-2.099101, 48.6527856]}, "properties": {"id": "auto02395", "nom": "A2395", "auto": true, "z": -1.21, "saillie": 4.4}}, {"type": "Feature", "geometry": {"type": "Point", "coordinates": [-2.0320046, 48.6527572]}, "properties": {"id": "auto02396", "nom": "A2396", "auto": true, "z": 11.84, "saillie": 7.86}}, {"type": "Feature", "geometry": {"type": "Point", "coordinates": [-2.0702578, 48.6527561]}, "properties": {"id": "auto02397", "nom": "A2397", "auto": true, "z": 8.29, "saillie": 4.63}}, {"type": "Feature", "geometry": {"type": "Point", "coordinates": [-2.1360466, 48.6527473]}, "properties": {"id": "auto02398", "nom": "A2398", "auto": true, "z": -1.77, "saillie": 8.11}}, {"type": "Feature", "geometry": {"type": "Point", "coordinates": [-2.1400164, 48.6527201]}, "properties": {"id": "auto02399", "nom": "A2399", "auto": true, "z": 0.63, "saillie": 9.16}}, {"type": "Feature", "geometry": {"type": "Point", "coordinates": [-2.0279194, 48.6527135]}, "properties": {"id": "auto02400", "nom": "A2400", "auto": true, "z": 2.65, "saillie": 1.13}}, {"type": "Feature", "geometry": {"type": "Point", "coordinates": [-2.0849451, 48.6527063]}, "properties": {"id": "auto02401", "nom": "A2401", "auto": true, "z": 0.37, "saillie": 1.15}}, {"type": "Feature", "geometry": {"type": "Point", "coordinates": [-2.0983825, 48.6526722]}, "properties": {"id": "auto02402", "nom": "A2402", "auto": true, "z": -0.01, "saillie": 5.43}}, {"type": "Feature", "geometry": {"type": "Point", "coordinates": [-2.0960419, 48.6526643]}, "properties": {"id": "auto02403", "nom": "A2403", "auto": true, "z": -2.16, "saillie": 2.94}}, {"type": "Feature", "geometry": {"type": "Point", "coordinates": [-2.0944634, 48.6526598]}, "properties": {"id": "auto02404", "nom": "A2404", "auto": true, "z": 0.82, "saillie": 4.77}}, {"type": "Feature", "geometry": {"type": "Point", "coordinates": [-2.1180256, 48.6526583]}, "properties": {"id": "auto02405", "nom": "A2405", "auto": true, "z": 0.21, "saillie": 7.12}}, {"type": "Feature", "geometry": {"type": "Point", "coordinates": [-2.1340782, 48.652652]}, "properties": {"id": "auto02406", "nom": "A2406", "auto": true, "z": 7.42, "saillie": 13.97}}, {"type": "Feature", "geometry": {"type": "Point", "coordinates": [-2.0294368, 48.6526494]}, "properties": {"id": "auto02407", "nom": "A2407", "auto": true, "z": 2.51, "saillie": 1.11}}, {"type": "Feature", "geometry": {"type": "Point", "coordinates": [-2.0422782, 48.6526468]}, "properties": {"id": "auto02408", "nom": "A2408", "auto": true, "z": -1.55, "saillie": 3.06}}, {"type": "Feature", "geometry": {"type": "Point", "coordinates": [-2.0976169, 48.6526329]}, "properties": {"id": "auto02409", "nom": "A2409", "auto": true, "z": 1.32, "saillie": 5.99}}, {"type": "Feature", "geometry": {"type": "Point", "coordinates": [-2.0271469, 48.6526019]}, "properties": {"id": "auto02410", "nom": "A2410", "auto": true, "z": 4.67, "saillie": 2.17}}, {"type": "Feature", "geometry": {"type": "Point", "coordinates": [-2.1170939, 48.6525902]}, "properties": {"id": "auto02411", "nom": "A2411", "auto": true, "z": 0.91, "saillie": 5.47}}, {"type": "Feature", "geometry": {"type": "Point", "coordinates": [-2.0371022, 48.6525776]}, "properties": {"id": "auto02412", "nom": "A2412", "auto": true, "z": 10.69, "saillie": 7.38}}, {"type": "Feature", "geometry": {"type": "Point", "coordinates": [-2.024586, 48.6525659]}, "properties": {"id": "auto02413", "nom": "A2413", "auto": true, "z": 11.33, "saillie": 4.97}}, {"type": "Feature", "geometry": {"type": "Point", "coordinates": [-2.0349241, 48.6525616]}, "properties": {"id": "auto02414", "nom": "A2414", "auto": true, "z": 8.76, "saillie": 4.09}}, {"type": "Feature", "geometry": {"type": "Point", "coordinates": [-2.1095265, 48.6525548]}, "properties": {"id": "auto02415", "nom": "A2415", "auto": true, "z": 0.75, "saillie": 7.06}}, {"type": "Feature", "geometry": {"type": "Point", "coordinates": [-2.0035813, 48.6525495]}, "properties": {"id": "auto02416", "nom": "A2416", "auto": true, "z": 12.71, "saillie": 1.72}}, {"type": "Feature", "geometry": {"type": "Point", "coordinates": [-2.0405267, 48.6525408]}, "properties": {"id": "auto02417", "nom": "A2417", "auto": true, "z": 3.14, "saillie": 6.46}}, {"type": "Feature", "geometry": {"type": "Point", "coordinates": [-2.006789, 48.6525228]}, "properties": {"id": "auto02418", "nom": "A2418", "auto": true, "z": 13.17, "saillie": 2.12}}, {"type": "Feature", "geometry": {"type": "Point", "coordinates": [-2.0071684, 48.6525068]}, "properties": {"id": "auto02419", "nom": "A2419", "auto": true, "z": 13.17, "saillie": 2.12}}, {"type": "Feature", "geometry": {"type": "Point", "coordinates": [-2.1397208, 48.6524805]}, "properties": {"id": "auto02420", "nom": "A2420", "auto": true, "z": 2.91, "saillie": 8.95}}, {"type": "Feature", "geometry": {"type": "Point", "coordinates": [-2.1089198, 48.6524727]}, "properties": {"id": "auto02421", "nom": "A2421", "auto": true, "z": -2.03, "saillie": 2.86}}, {"type": "Feature", "geometry": {"type": "Point", "coordinates": [-2.0863908, 48.6524642]}, "properties": {"id": "auto02422", "nom": "A2422", "auto": true, "z": 1.14, "saillie": 3.16}}, {"type": "Feature", "geometry": {"type": "Point", "coordinates": [-2.068106, 48.6524511]}, "properties": {"id": "auto02423", "nom": "A2423", "auto": true, "z": 5.11, "saillie": 3.67}}, {"type": "Feature", "geometry": {"type": "Point", "coordinates": [-2.0969998, 48.652443]}, "properties": {"id": "auto02424", "nom": "A2424", "auto": true, "z": 6.63, "saillie": 11.2}}, {"type": "Feature", "geometry": {"type": "Point", "coordinates": [-2.1347072, 48.6524085]}, "properties": {"id": "auto02425", "nom": "A2425", "auto": true, "z": 8.47, "saillie": 9.08}}, {"type": "Feature", "geometry": {"type": "Point", "coordinates": [-1.9976905, 48.6524004]}, "properties": {"id": "auto02426", "nom": "A2426", "auto": true, "z": 11.6, "saillie": 1.1}}, {"type": "Feature", "geometry": {"type": "Point", "coordinates": [-2.0031847, 48.6523859]}, "properties": {"id": "auto02427", "nom": "A2427", "auto": true, "z": 12.85, "saillie": 1.2}}, {"type": "Feature", "geometry": {"type": "Point", "coordinates": [-2.0297378, 48.6523843]}, "properties": {"id": "auto02428", "nom": "A2428", "auto": true, "z": 2.83, "saillie": 1.02}}, {"type": "Feature", "geometry": {"type": "Point", "coordinates": [-2.0085705, 48.6523757]}, "properties": {"id": "auto02429", "nom": "A2429", "auto": true, "z": 12.7, "saillie": 1.34}}, {"type": "Feature", "geometry": {"type": "Point", "coordinates": [-1.9855538, 48.6523687]}, "properties": {"id": "auto02430", "nom": "A2430", "auto": true, "z": 13.05, "saillie": 3.49}}, {"type": "Feature", "geometry": {"type": "Point", "coordinates": [-2.0079168, 48.6523672]}, "properties": {"id": "auto02431", "nom": "A2431", "auto": true, "z": 13.15, "saillie": 1.87}}, {"type": "Feature", "geometry": {"type": "Point", "coordinates": [-2.0251107, 48.6523635]}, "properties": {"id": "auto02432", "nom": "A2432", "auto": true, "z": 11.53, "saillie": 4.9}}, {"type": "Feature", "geometry": {"type": "Point", "coordinates": [-2.0966099, 48.6523515]}, "properties": {"id": "auto02433", "nom": "A2433", "auto": true, "z": 3.9, "saillie": 8.27}}, {"type": "Feature", "geometry": {"type": "Point", "coordinates": [-2.1360619, 48.65235]}, "properties": {"id": "auto02434", "nom": "A2434", "auto": true, "z": 7.93, "saillie": 14.17}}, {"type": "Feature", "geometry": {"type": "Point", "coordinates": [-2.084148, 48.6523438]}, "properties": {"id": "auto02435", "nom": "A2435", "auto": true, "z": 1.23, "saillie": 1.08}}, {"type": "Feature", "geometry": {"type": "Point", "coordinates": [-2.0877927, 48.6523322]}, "properties": {"id": "auto02436", "nom": "A2436", "auto": true, "z": -1.47, "saillie": 1.03}}, {"type": "Feature", "geometry": {"type": "Point", "coordinates": [-2.1113548, 48.6523321]}, "properties": {"id": "auto02437", "nom": "A2437", "auto": true, "z": -2.45, "saillie": 5.16}}, {"type": "Feature", "geometry": {"type": "Point", "coordinates": [-2.0855604, 48.6523195]}, "properties": {"id": "auto02438", "nom": "A2438", "auto": true, "z": 1.72, "saillie": 3.18}}, {"type": "Feature", "geometry": {"type": "Point", "coordinates": [-2.030056, 48.6522988]}, "properties": {"id": "auto02439", "nom": "A2439", "auto": true, "z": 3.32, "saillie": 1.43}}, {"type": "Feature", "geometry": {"type": "Point", "coordinates": [-2.1173367, 48.6522914]}, "properties": {"id": "auto02440", "nom": "A2440", "auto": true, "z": -0.16, "saillie": 4.9}}, {"type": "Feature", "geometry": {"type": "Point", "coordinates": [-2.1117306, 48.6522799]}, "properties": {"id": "auto02441", "nom": "A2441", "auto": true, "z": -2.19, "saillie": 4.68}}, {"type": "Feature", "geometry": {"type": "Point", "coordinates": [-2.0858821, 48.6522697]}, "properties": {"id": "auto02442", "nom": "A2442", "auto": true, "z": 0.79, "saillie": 1.98}}, {"type": "Feature", "geometry": {"type": "Point", "coordinates": [-2.0962743, 48.6522577]}, "properties": {"id": "auto02443", "nom": "A2443", "auto": true, "z": 1.58, "saillie": 6.26}}, {"type": "Feature", "geometry": {"type": "Point", "coordinates": [-2.0870236, 48.6522569]}, "properties": {"id": "auto02444", "nom": "A2444", "auto": true, "z": 0.85, "saillie": 3.01}}, {"type": "Feature", "geometry": {"type": "Point", "coordinates": [-2.1350183, 48.6522508]}, "properties": {"id": "auto02445", "nom": "A2445", "auto": true, "z": 12.08, "saillie": 13.03}}, {"type": "Feature", "geometry": {"type": "Point", "coordinates": [-2.1087869, 48.652226]}, "properties": {"id": "auto02446", "nom": "A2446", "auto": true, "z": -1.54, "saillie": 3.93}}, {"type": "Feature", "geometry": {"type": "Point", "coordinates": [-2.1080789, 48.6522204]}, "properties": {"id": "auto02447", "nom": "A2447", "auto": true, "z": 1.44, "saillie": 5.76}}, {"type": "Feature", "geometry": {"type": "Point", "coordinates": [-2.0862037, 48.6522199]}, "properties": {"id": "auto02448", "nom": "A2448", "auto": true, "z": 1.23, "saillie": 2.15}}, {"type": "Feature", "geometry": {"type": "Point", "coordinates": [-2.0028931, 48.6521819]}, "properties": {"id": "auto02449", "nom": "A2449", "auto": true, "z": 13.14, "saillie": 1.47}}, {"type": "Feature", "geometry": {"type": "Point", "coordinates": [-2.10753, 48.6521718]}, "properties": {"id": "auto02450", "nom": "A2450", "auto": true, "z": -1.81, "saillie": 5.93}}, {"type": "Feature", "geometry": {"type": "Point", "coordinates": [-2.0254186, 48.6521702]}, "properties": {"id": "auto02451", "nom": "A2451", "auto": true, "z": 13.53, "saillie": 8.61}}, {"type": "Feature", "geometry": {"type": "Point", "coordinates": [-2.1345742, 48.6521618]}, "properties": {"id": "auto02452", "nom": "A2452", "auto": true, "z": 5.35, "saillie": 7.66}}, {"type": "Feature", "geometry": {"type": "Point", "coordinates": [-2.09561, 48.652142]}, "properties": {"id": "auto02453", "nom": "A2453", "auto": true, "z": -2.18, "saillie": 2.47}}, {"type": "Feature", "geometry": {"type": "Point", "coordinates": [-2.0355364, 48.6521391]}, "properties": {"id": "auto02454", "nom": "A2454", "auto": true, "z": 6.19, "saillie": 3.16}}, {"type": "Feature", "geometry": {"type": "Point", "coordinates": [-2.0975678, 48.6521302]}, "properties": {"id": "auto02455", "nom": "A2455", "auto": true, "z": 2.56, "saillie": 6.29}}, {"type": "Feature", "geometry": {"type": "Point", "coordinates": [-2.1361491, 48.6521299]}, "properties": {"id": "auto02456", "nom": "A2456", "auto": true, "z": 5.81, "saillie": 13.2}}, {"type": "Feature", "geometry": {"type": "Point", "coordinates": [-2.0258487, 48.652116]}, "properties": {"id": "auto02457", "nom": "A2457", "auto": true, "z": 10.45, "saillie": 5.83}}, {"type": "Feature", "geometry": {"type": "Point", "coordinates": [-2.0892384, 48.6520901]}, "properties": {"id": "auto02458", "nom": "A2458", "auto": true, "z": -1.15, "saillie": 1.81}}, {"type": "Feature", "geometry": {"type": "Point", "coordinates": [-2.1396277, 48.6520879]}, "properties": {"id": "auto02459", "nom": "A2459", "auto": true, "z": 2.36, "saillie": 10.85}}, {"type": "Feature", "geometry": {"type": "Point", "coordinates": [-2.0375991, 48.6520879]}, "properties": {"id": "auto02460", "nom": "A2460", "auto": true, "z": 11.5, "saillie": 7.36}}, {"type": "Feature", "geometry": {"type": "Point", "coordinates": [-1.9855264, 48.6520814]}, "properties": {"id": "auto02461", "nom": "A2461", "auto": true, "z": 13.52, "saillie": 1.35}}, {"type": "Feature", "geometry": {"type": "Point", "coordinates": [-2.0310142, 48.652078]}, "properties": {"id": "auto02462", "nom": "A2462", "auto": true, "z": 3.83, "saillie": 1.28}}, {"type": "Feature", "geometry": {"type": "Point", "coordinates": [-2.0865691, 48.65206]}, "properties": {"id": "auto02463", "nom": "A2463", "auto": true, "z": 2.08, "saillie": 2.55}}, {"type": "Feature", "geometry": {"type": "Point", "coordinates": [-2.0967445, 48.6520573]}, "properties": {"id": "auto02464", "nom": "A2464", "auto": true, "z": 3.27, "saillie": 5.55}}, {"type": "Feature", "geometry": {"type": "Point", "coordinates": [-2.137121, 48.6520519]}, "properties": {"id": "auto02465", "nom": "A2465", "auto": true, "z": 1.95, "saillie": 10.22}}, {"type": "Feature", "geometry": {"type": "Point", "coordinates": [-2.1170953, 48.6520494]}, "properties": {"id": "auto02466", "nom": "A2466", "auto": true, "z": 0.86, "saillie": 5.62}}, {"type": "Feature", "geometry": {"type": "Point", "coordinates": [-2.0856409, 48.6520276]}, "properties": {"id": "auto02467", "nom": "A2467", "auto": true, "z": 2.05, "saillie": 1.99}}, {"type": "Feature", "geometry": {"type": "Point", "coordinates": [-2.1167089, 48.6519939]}, "properties": {"id": "auto02468", "nom": "A2468", "auto": true, "z": 0.82, "saillie": 7.21}}, {"type": "Feature", "geometry": {"type": "Point", "coordinates": [-2.0898816, 48.6519905]}, "properties": {"id": "auto02469", "nom": "A2469", "auto": true, "z": -1.96, "saillie": 1.95}}, {"type": "Feature", "geometry": {"type": "Point", "coordinates": [-2.0874326, 48.6519871]}, "properties": {"id": "auto02470", "nom": "A2470", "auto": true, "z": 0.93, "saillie": 2.66}}, {"type": "Feature", "geometry": {"type": "Point", "coordinates": [-2.027305, 48.6519824]}, "properties": {"id": "auto02471", "nom": "A2471", "auto": true, "z": 11.41, "saillie": 7.44}}, {"type": "Feature", "geometry": {"type": "Point", "coordinates": [-2.0288258, 48.6519542]}, "properties": {"id": "auto02472", "nom": "A2472", "auto": true, "z": 4.69, "saillie": 1.79}}, {"type": "Feature", "geometry": {"type": "Point", "coordinates": [-2.0943933, 48.6519417]}, "properties": {"id": "auto02473", "nom": "A2473", "auto": true, "z": -2.01, "saillie": 2.53}}, {"type": "Feature", "geometry": {"type": "Point", "coordinates": [-2.0276267, 48.6519327]}, "properties": {"id": "auto02474", "nom": "A2474", "auto": true, "z": 7.81, "saillie": 4.26}}, {"type": "Feature", "geometry": {"type": "Point", "coordinates": [-2.0354072, 48.6519283]}, "properties": {"id": "auto02475", "nom": "A2475", "auto": true, "z": 6.45, "saillie": 2.09}}, {"type": "Feature", "geometry": {"type": "Point", "coordinates": [-2.0880252, 48.6519257]}, "properties": {"id": "auto02476", "nom": "A2476", "auto": true, "z": 8.74, "saillie": 10.47}}, {"type": "Feature", "geometry": {"type": "Point", "coordinates": [-2.0678912, 48.6519195]}, "properties": {"id": "auto02477", "nom": "A2477", "auto": true, "z": 3.41, "saillie": 3.51}}, {"type": "Feature", "geometry": {"type": "Point", "coordinates": [-2.0364945, 48.6519183]}, "properties": {"id": "auto02478", "nom": "A2478", "auto": true, "z": 3.75, "saillie": 1.91}}, {"type": "Feature", "geometry": {"type": "Point", "coordinates": [-2.0260447, 48.6518914]}, "properties": {"id": "auto02479", "nom": "A2479", "auto": true, "z": 10.69, "saillie": 5.2}}, {"type": "Feature", "geometry": {"type": "Point", "coordinates": [-2.094007, 48.6518861]}, "properties": {"id": "auto02480", "nom": "A2480", "auto": true, "z": -1.46, "saillie": 3.06}}, {"type": "Feature", "geometry": {"type": "Point", "coordinates": [-2.0117335, 48.651882]}, "properties": {"id": "auto02481", "nom": "A2481", "auto": true, "z": 13.47, "saillie": 1.59}}, {"type": "Feature", "geometry": {"type": "Point", "coordinates": [-2.0952027, 48.651871]}, "properties": {"id": "auto02482", "nom": "A2482", "auto": true, "z": 1.46, "saillie": 5.83}}, {"type": "Feature", "geometry": {"type": "Point", "coordinates": [-2.0291982, 48.6518663]}, "properties": {"id": "auto02483", "nom": "A2483", "auto": true, "z": 5.05, "saillie": 2.14}}, {"type": "Feature", "geometry": {"type": "Point", "coordinates": [-2.0309935, 48.6518626]}, "properties": {"id": "auto02484", "nom": "A2484", "auto": true, "z": 3.61, "saillie": 1.03}}, {"type": "Feature", "geometry": {"type": "Point", "coordinates": [-2.08709, 48.6518214]}, "properties": {"id": "auto02485", "nom": "A2485", "auto": true, "z": 2.2, "saillie": 2.64}}, {"type": "Feature", "geometry": {"type": "Point", "coordinates": [-2.0251673, 48.6518203]}, "properties": {"id": "auto02486", "nom": "A2486", "auto": true, "z": 9.86, "saillie": 2.28}}, {"type": "Feature", "geometry": {"type": "Point", "coordinates": [-2.0694592, 48.6518166]}, "properties": {"id": "auto02487", "nom": "A2487", "auto": true, "z": 2.32, "saillie": 1.25}}, {"type": "Feature", "geometry": {"type": "Point", "coordinates": [-2.0032381, 48.6518068]}, "properties": {"id": "auto02488", "nom": "A2488", "auto": true, "z": 13.43, "saillie": 1.74}}, {"type": "Feature", "geometry": {"type": "Point", "coordinates": [-2.0976989, 48.6518001]}, "properties": {"id": "auto02489", "nom": "A2489", "auto": true, "z": -1.97, "saillie": 2.41}}, {"type": "Feature", "geometry": {"type": "Point", "coordinates": [-2.0341977, 48.6517992]}, "properties": {"id": "auto02490", "nom": "A2490", "auto": true, "z": 9.33, "saillie": 2.38}}, {"type": "Feature", "geometry": {"type": "Point", "coordinates": [-2.0860534, 48.6517936]}, "properties": {"id": "auto02491", "nom": "A2491", "auto": true, "z": 1.67, "saillie": 2.07}}, {"type": "Feature", "geometry": {"type": "Point", "coordinates": [-2.133719, 48.6517661]}, "properties": {"id": "auto02492", "nom": "A2492", "auto": true, "z": -1.2, "saillie": 6.76}}, {"type": "Feature", "geometry": {"type": "Point", "coordinates": [-1.9976829, 48.6517518]}, "properties": {"id": "auto02493", "nom": "A2493", "auto": true, "z": 12.02, "saillie": 1.0}}, {"type": "Feature", "geometry": {"type": "Point", "coordinates": [-2.0392514, 48.6517295]}, "properties": {"id": "auto02494", "nom": "A2494", "auto": true, "z": 1.37, "saillie": 2.3}}, {"type": "Feature", "geometry": {"type": "Point", "coordinates": [-2.0971465, 48.6517156]}, "properties": {"id": "auto02495", "nom": "A2495", "auto": true, "z": -1.2, "saillie": 2.28}}, {"type": "Feature", "geometry": {"type": "Point", "coordinates": [-2.0371275, 48.6517113]}, "properties": {"id": "auto02496", "nom": "A2496", "auto": true, "z": 5.34, "saillie": 3.6}}, {"type": "Feature", "geometry": {"type": "Point", "coordinates": [-2.0863716, 48.6517079]}, "properties": {"id": "auto02497", "nom": "A2497", "auto": true, "z": 3.47, "saillie": 5.01}}, {"type": "Feature", "geometry": {"type": "Point", "coordinates": [-2.0964927, 48.6517076]}, "properties": {"id": "auto02498", "nom": "A2498", "auto": true, "z": -0.06, "saillie": 2.93}}, {"type": "Feature", "geometry": {"type": "Point", "coordinates": [-2.0437089, 48.6516849]}, "properties": {"id": "auto02499", "nom": "A2499", "auto": true, "z": -1.96, "saillie": 1.48}}, {"type": "Feature", "geometry": {"type": "Point", "coordinates": [-2.1398598, 48.6516813]}, "properties": {"id": "auto02500", "nom": "A2500", "auto": true, "z": 0.13, "saillie": 9.72}}, {"type": "Feature", "geometry": {"type": "Point", "coordinates": [-2.1041072, 48.6516697]}, "properties": {"id": "auto02501", "nom": "A2501", "auto": true, "z": -0.77, "saillie": 6.06}}, {"type": "Feature", "geometry": {"type": "Point", "coordinates": [-2.0958896, 48.6516613]}, "properties": {"id": "auto02502", "nom": "A2502", "auto": true, "z": 0.52, "saillie": 3.51}}, {"type": "Feature", "geometry": {"type": "Point", "coordinates": [-2.0298312, 48.6516593]}, "properties": {"id": "auto02503", "nom": "A2503", "auto": true, "z": 5.89, "saillie": 2.6}}, {"type": "Feature", "geometry": {"type": "Point", "coordinates": [-2.0358707, 48.6516563]}, "properties": {"id": "auto02504", "nom": "A2504", "auto": true, "z": 8.5, "saillie": 7.43}}, {"type": "Feature", "geometry": {"type": "Point", "coordinates": [-2.0878889, 48.6516431]}, "properties": {"id": "auto02505", "nom": "A2505", "auto": true, "z": 6.08, "saillie": 5.55}}, {"type": "Feature", "geometry": {"type": "Point", "coordinates": [-2.0676973, 48.6516032]}, "properties": {"id": "auto02506", "nom": "A2506", "auto": true, "z": 1.35, "saillie": 3.35}}, {"type": "Feature", "geometry": {"type": "Point", "coordinates": [-2.0306407, 48.6515891]}, "properties": {"id": "auto02507", "nom": "A2507", "auto": true, "z": 4.64, "saillie": 1.66}}, {"type": "Feature", "geometry": {"type": "Point", "coordinates": [-2.0015814, 48.651552]}, "properties": {"id": "auto02508", "nom": "A2508", "auto": true, "z": 12.97, "saillie": 2.05}}, {"type": "Feature", "geometry": {"type": "Point", "coordinates": [-2.0909811, 48.6515469]}, "properties": {"id": "auto02509", "nom": "A2509", "auto": true, "z": -0.91, "saillie": 3.27}}, {"type": "Feature", "geometry": {"type": "Point", "coordinates": [-2.0281848, 48.6515126]}, "properties": {"id": "auto02510", "nom": "A2510", "auto": true, "z": 7.63, "saillie": 2.77}}, {"type": "Feature", "geometry": {"type": "Point", "coordinates": [-2.0293804, 48.6514981]}, "properties": {"id": "auto02511", "nom": "A2511", "auto": true, "z": 7.25, "saillie": 3.04}}, {"type": "Feature", "geometry": {"type": "Point", "coordinates": [-2.0602857, 48.651486]}, "properties": {"id": "auto02512", "nom": "A2512", "auto": true, "z": -0.38, "saillie": 1.04}}, {"type": "Feature", "geometry": {"type": "Point", "coordinates": [-2.1340159, 48.6514648]}, "properties": {"id": "auto02513", "nom": "A2513", "auto": true, "z": 0.1, "saillie": 6.12}}, {"type": "Feature", "geometry": {"type": "Point", "coordinates": [-2.0955977, 48.6514575]}, "properties": {"id": "auto02514", "nom": "A2514", "auto": true, "z": 2.27, "saillie": 5.23}}, {"type": "Feature", "geometry": {"type": "Point", "coordinates": [-2.0008089, 48.6514403]}, "properties": {"id": "auto02515", "nom": "A2515", "auto": true, "z": 12.01, "saillie": 1.27}}, {"type": "Feature", "geometry": {"type": "Point", "coordinates": [-1.9985225, 48.6514282]}, "properties": {"id": "auto02516", "nom": "A2516", "auto": true, "z": 12.68, "saillie": 1.57}}, {"type": "Feature", "geometry": {"type": "Point", "coordinates": [-2.0375875, 48.6514034]}, "properties": {"id": "auto02517", "nom": "A2517", "auto": true, "z": 7.23, "saillie": 6.2}}, {"type": "Feature", "geometry": {"type": "Point", "coordinates": [-2.0274123, 48.651401]}, "properties": {"id": "auto02518", "nom": "A2518", "auto": true, "z": 11.57, "saillie": 5.69}}, {"type": "Feature", "geometry": {"type": "Point", "coordinates": [-2.0343222, 48.6513973]}, "properties": {"id": "auto02519", "nom": "A2519", "auto": true, "z": 6.97, "saillie": 2.88}}, {"type": "Feature", "geometry": {"type": "Point", "coordinates": [-2.0675138, 48.6513947]}, "properties": {"id": "auto02520", "nom": "A2520", "auto": true, "z": 0.91, "saillie": 3.63}}, {"type": "Feature", "geometry": {"type": "Point", "coordinates": [-2.0875899, 48.6513674]}, "properties": {"id": "auto02521", "nom": "A2521", "auto": true, "z": 3.16, "saillie": 4.63}}, {"type": "Feature", "geometry": {"type": "Point", "coordinates": [-2.1101115, 48.6513039]}, "properties": {"id": "auto02522", "nom": "A2522", "auto": true, "z": 0.17, "saillie": 6.62}}, {"type": "Feature", "geometry": {"type": "Point", "coordinates": [-2.1170215, 48.6512954]}, "properties": {"id": "auto02523", "nom": "A2523", "auto": true, "z": -0.84, "saillie": 5.71}}, {"type": "Feature", "geometry": {"type": "Point", "coordinates": [-2.0763711, 48.6512696]}, "properties": {"id": "auto02524", "nom": "A2524", "auto": true, "z": 2.08, "saillie": 1.29}}, {"type": "Feature", "geometry": {"type": "Point", "coordinates": [-2.0425258, 48.6512664]}, "properties": {"id": "auto02525", "nom": "A2525", "auto": true, "z": -2.15, "saillie": 3.16}}, {"type": "Feature", "geometry": {"type": "Point", "coordinates": [-2.1177259, 48.6512651]}, "properties": {"id": "auto02526", "nom": "A2526", "auto": true, "z": 1.41, "saillie": 9.31}}, {"type": "Feature", "geometry": {"type": "Point", "coordinates": [-2.0075933, 48.6512632]}, "properties": {"id": "auto02527", "nom": "A2527", "auto": true, "z": 12.33, "saillie": 1.02}}, {"type": "Feature", "geometry": {"type": "Point", "coordinates": [-2.1337238, 48.6512611]}, "properties": {"id": "auto02528", "nom": "A2528", "auto": true, "z": -0.17, "saillie": 9.29}}, {"type": "Feature", "geometry": {"type": "Point", "coordinates": [-2.0889918, 48.6512354]}, "properties": {"id": "auto02529", "nom": "A2529", "auto": true, "z": -2.16, "saillie": 1.72}}, {"type": "Feature", "geometry": {"type": "Point", "coordinates": [-2.0296814, 48.651233]}, "properties": {"id": "auto02530", "nom": "A2530", "auto": true, "z": 8.31, "saillie": 3.59}}, {"type": "Feature", "geometry": {"type": "Point", "coordinates": [-2.0608032, 48.6512116]}, "properties": {"id": "auto02531", "nom": "A2531", "auto": true, "z": 3.15, "saillie": 4.17}}, {"type": "Feature", "geometry": {"type": "Point", "coordinates": [-2.0302775, 48.6512078]}, "properties": {"id": "auto02532", "nom": "A2532", "auto": true, "z": 5.34, "saillie": 1.79}}, {"type": "Feature", "geometry": {"type": "Point", "coordinates": [-2.0283162, 48.6511826]}, "properties": {"id": "auto02533", "nom": "A2533", "auto": true, "z": 10.91, "saillie": 4.96}}, {"type": "Feature", "geometry": {"type": "Point", "coordinates": [-2.0081283, 48.6511685]}, "properties": {"id": "auto02534", "nom": "A2534", "auto": true, "z": 12.23, "saillie": 1.05}}, {"type": "Feature", "geometry": {"type": "Point", "coordinates": [-2.1183149, 48.6511676]}, "properties": {"id": "auto02535", "nom": "A2535", "auto": true, "z": -0.61, "saillie": 6.02}}, {"type": "Feature", "geometry": {"type": "Point", "coordinates": [-2.0690137, 48.6511506]}, "properties": {"id": "auto02536", "nom": "A2536", "auto": true, "z": -0.92, "saillie": 2.47}}, {"type": "Feature", "geometry": {"type": "Point", "coordinates": [-2.0969821, 48.6511458]}, "properties": {"id": "auto02537", "nom": "A2537", "auto": true, "z": 1.26, "saillie": 4.79}}, {"type": "Feature", "geometry": {"type": "Point", "coordinates": [-2.1105852, 48.6511393]}, "properties": {"id": "auto02538", "nom": "A2538", "auto": true, "z": -2.14, "saillie": 4.24}}, {"type": "Feature", "geometry": {"type": "Point", "coordinates": [-2.0911559, 48.6511068]}, "properties": {"id": "auto02539", "nom": "A2539", "auto": true, "z": -1.59, "saillie": 2.66}}, {"type": "Feature", "geometry": {"type": "Point", "coordinates": [-2.1117773, 48.6510881]}, "properties": {"id": "auto02540", "nom": "A2540", "auto": true, "z": 0.19, "saillie": 5.05}}, {"type": "Feature", "geometry": {"type": "Point", "coordinates": [-2.0699314, 48.6510754]}, "properties": {"id": "auto02541", "nom": "A2541", "auto": true, "z": -2.12, "saillie": 1.46}}, {"type": "Feature", "geometry": {"type": "Point", "coordinates": [-1.9906432, 48.6509657]}, "properties": {"id": "auto02542", "nom": "A2542", "auto": true, "z": 12.86, "saillie": 1.02}}, {"type": "Feature", "geometry": {"type": "Point", "coordinates": [-2.1149743, 48.6509507]}, "properties": {"id": "auto02543", "nom": "A2543", "auto": true, "z": 0.5, "saillie": 6.26}}, {"type": "Feature", "geometry": {"type": "Point", "coordinates": [-2.0452688, 48.6509338]}, "properties": {"id": "auto02544", "nom": "A2544", "auto": true, "z": -2.38, "saillie": 2.25}}, {"type": "Feature", "geometry": {"type": "Point", "coordinates": [-2.1122474, 48.6508876]}, "properties": {"id": "auto02545", "nom": "A2545", "auto": true, "z": 1.67, "saillie": 5.46}}, {"type": "Feature", "geometry": {"type": "Point", "coordinates": [-2.1139884, 48.6508849]}, "properties": {"id": "auto02546", "nom": "A2546", "auto": true, "z": -0.79, "saillie": 4.34}}, {"type": "Feature", "geometry": {"type": "Point", "coordinates": [-2.0600098, 48.6508848]}, "properties": {"id": "auto02547", "nom": "A2547", "auto": true, "z": 2.8, "saillie": 3.48}}, {"type": "Feature", "geometry": {"type": "Point", "coordinates": [-2.1126809, 48.650869]}, "properties": {"id": "auto02548", "nom": "A2548", "auto": true, "z": 1.78, "saillie": 5.12}}, {"type": "Feature", "geometry": {"type": "Point", "coordinates": [-1.9856808, 48.6508492]}, "properties": {"id": "auto02549", "nom": "A2549", "auto": true, "z": 13.33, "saillie": 1.13}}, {"type": "Feature", "geometry": {"type": "Point", "coordinates": [-2.0701815, 48.6508485]}, "properties": {"id": "auto02550", "nom": "A2550", "auto": true, "z": -2.13, "saillie": 1.49}}, {"type": "Feature", "geometry": {"type": "Point", "coordinates": [-1.999609, 48.6508418]}, "properties": {"id": "auto02551", "nom": "A2551", "auto": true, "z": 12.3, "saillie": 1.05}}, {"type": "Feature", "geometry": {"type": "Point", "coordinates": [-2.1102284, 48.6508301]}, "properties": {"id": "auto02552", "nom": "A2552", "auto": true, "z": 0.75, "saillie": 6.71}}, {"type": "Feature", "geometry": {"type": "Point", "coordinates": [-2.096788, 48.6508296]}, "properties": {"id": "auto02553", "nom": "A2553", "auto": true, "z": -1.97, "saillie": 2.28}}, {"type": "Feature", "geometry": {"type": "Point", "coordinates": [-2.0375863, 48.6508266]}, "properties": {"id": "auto02554", "nom": "A2554", "auto": true, "z": 1.14, "saillie": 1.21}}, {"type": "Feature", "geometry": {"type": "Point", "coordinates": [-2.1153973, 48.6508244]}, "properties": {"id": "auto02555", "nom": "A2555", "auto": true, "z": -1.33, "saillie": 5.07}}, {"type": "Feature", "geometry": {"type": "Point", "coordinates": [-2.1130567, 48.6508168]}, "properties": {"id": "auto02556", "nom": "A2556", "auto": true, "z": 3.46, "saillie": 7.74}}, {"type": "Feature", "geometry": {"type": "Point", "coordinates": [-2.0294773, 48.650809]}, "properties": {"id": "auto02557", "nom": "A2557", "auto": true, "z": 9.8, "saillie": 4.3}}, {"type": "Feature", "geometry": {"type": "Point", "coordinates": [-2.0610901, 48.6508028]}, "properties": {"id": "auto02558", "nom": "A2558", "auto": true, "z": 2.12, "saillie": 3.36}}, {"type": "Feature", "geometry": {"type": "Point", "coordinates": [-2.0315977, 48.6507915]}, "properties": {"id": "auto02559", "nom": "A2559", "auto": true, "z": 6.29, "saillie": 1.97}}, {"type": "Feature", "geometry": {"type": "Point", "coordinates": [-2.0874221, 48.6507617]}, "properties": {"id": "auto02560", "nom": "A2560", "auto": true, "z": -2.19, "saillie": 1.22}}, {"type": "Feature", "geometry": {"type": "Point", "coordinates": [-2.0004692, 48.6507335]}, "properties": {"id": "auto02561", "nom": "A2561", "auto": true, "z": 12.82, "saillie": 1.03}}, {"type": "Feature", "geometry": {"type": "Point", "coordinates": [-2.0698424, 48.6507187]}, "properties": {"id": "auto02562", "nom": "A2562", "auto": true, "z": -2.32, "saillie": 1.33}}, {"type": "Feature", "geometry": {"type": "Point", "coordinates": [-2.0680437, 48.6506872]}, "properties": {"id": "auto02563", "nom": "A2563", "auto": true, "z": -1.53, "saillie": 2.13}}, {"type": "Feature", "geometry": {"type": "Point", "coordinates": [-2.0976986, 48.6506825]}, "properties": {"id": "auto02564", "nom": "A2564", "auto": true, "z": 1.76, "saillie": 6.41}}, {"type": "Feature", "geometry": {"type": "Point", "coordinates": [-2.0606392, 48.6506417]}, "properties": {"id": "auto02565", "nom": "A2565", "auto": true, "z": 0.71, "saillie": 1.95}}, {"type": "Feature", "geometry": {"type": "Point", "coordinates": [-2.0911104, 48.65064]}, "properties": {"id": "auto02566", "nom": "A2566", "auto": true, "z": -1.22, "saillie": 2.96}}, {"type": "Feature", "geometry": {"type": "Point", "coordinates": [-2.0335416, 48.6506372]}, "properties": {"id": "auto02567", "nom": "A2567", "auto": true, "z": 7.64, "saillie": 2.98}}, {"type": "Feature", "geometry": {"type": "Point", "coordinates": [-1.9908833, 48.6506312]}, "properties": {"id": "auto02568", "nom": "A2568", "auto": true, "z": 12.86, "saillie": 1.0}}, {"type": "Feature", "geometry": {"type": "Point", "coordinates": [-2.0906192, 48.650625]}, "properties": {"id": "auto02569", "nom": "A2569", "auto": true, "z": 1.37, "saillie": 5.05}}, {"type": "Feature", "geometry": {"type": "Point", "coordinates": [-2.1130356, 48.6506014]}, "properties": {"id": "auto02570", "nom": "A2570", "auto": true, "z": 2.74, "saillie": 4.36}}, {"type": "Feature", "geometry": {"type": "Point", "coordinates": [-2.0013802, 48.6505871]}, "properties": {"id": "auto02571", "nom": "A2571", "auto": true, "z": 13.41, "saillie": 1.79}}, {"type": "Feature", "geometry": {"type": "Point", "coordinates": [-2.0610116, 48.6505538]}, "properties": {"id": "auto02572", "nom": "A2572", "auto": true, "z": 1.75, "saillie": 3.06}}, {"type": "Feature", "geometry": {"type": "Point", "coordinates": [-2.1150405, 48.6505152]}, "properties": {"id": "auto02573", "nom": "A2573", "auto": true, "z": 1.21, "saillie": 5.08}}, {"type": "Feature", "geometry": {"type": "Point", "coordinates": [-2.0696589, 48.6505102]}, "properties": {"id": "auto02574", "nom": "A2574", "auto": true, "z": -1.92, "saillie": 1.73}}, {"type": "Feature", "geometry": {"type": "Point", "coordinates": [-2.0629117, 48.650509]}, "properties": {"id": "auto02575", "nom": "A2575", "auto": true, "z": -1.85, "saillie": 1.0}}, {"type": "Feature", "geometry": {"type": "Point", "coordinates": [-2.0569807, 48.6505088]}, "properties": {"id": "auto02576", "nom": "A2576", "auto": true, "z": 0.57, "saillie": 4.63}}, {"type": "Feature", "geometry": {"type": "Point", "coordinates": [-2.0017526, 48.6504993]}, "properties": {"id": "auto02577", "nom": "A2577", "auto": true, "z": 13.46, "saillie": 1.05}}, {"type": "Feature", "geometry": {"type": "Point", "coordinates": [-2.0331992, 48.6504714]}, "properties": {"id": "auto02578", "nom": "A2578", "auto": true, "z": 8.35, "saillie": 4.07}}, {"type": "Feature", "geometry": {"type": "Point", "coordinates": [-2.1119343, 48.6504684]}, "properties": {"id": "auto02579", "nom": "A2579", "auto": true, "z": 2.47, "saillie": 7.02}}, {"type": "Feature", "geometry": {"type": "Point", "coordinates": [-1.9939147, 48.650468]}, "properties": {"id": "auto02580", "nom": "A2580", "auto": true, "z": 12.83, "saillie": 1.07}}, {"type": "Feature", "geometry": {"type": "Point", "coordinates": [-2.1145458, 48.6504644]}, "properties": {"id": "auto02581", "nom": "A2581", "auto": true, "z": 2.05, "saillie": 5.83}}, {"type": "Feature", "geometry": {"type": "Point", "coordinates": [-2.0010413, 48.6504571]}, "properties": {"id": "auto02582", "nom": "A2582", "auto": true, "z": 13.43, "saillie": 1.81}}, {"type": "Feature", "geometry": {"type": "Point", "coordinates": [-2.0292802, 48.6504568]}, "properties": {"id": "auto02583", "nom": "A2583", "auto": true, "z": 12.52, "saillie": 5.82}}, {"type": "Feature", "geometry": {"type": "Point", "coordinates": [-1.9932033, 48.6504257]}, "properties": {"id": "auto02584", "nom": "A2584", "auto": true, "z": 12.93, "saillie": 1.03}}, {"type": "Feature", "geometry": {"type": "Point", "coordinates": [-2.0339002, 48.6504057]}, "properties": {"id": "auto02585", "nom": "A2585", "auto": true, "z": 7.09, "saillie": 3.58}}, {"type": "Feature", "geometry": {"type": "Point", "coordinates": [-1.988302, 48.6503789]}, "properties": {"id": "auto02586", "nom": "A2586", "auto": true, "z": 12.71, "saillie": 1.1}}, {"type": "Feature", "geometry": {"type": "Point", "coordinates": [-1.9918382, 48.6503748]}, "properties": {"id": "auto02587", "nom": "A2587", "auto": true, "z": 13.18, "saillie": 1.15}}, {"type": "Feature", "geometry": {"type": "Point", "coordinates": [-2.0127303, 48.6503619]}, "properties": {"id": "auto02588", "nom": "A2588", "auto": true, "z": 13.6, "saillie": 2.1}}, {"type": "Feature", "geometry": {"type": "Point", "coordinates": [-2.0572919, 48.6503514]}, "properties": {"id": "auto02589", "nom": "A2589", "auto": true, "z": 1.59, "saillie": 2.14}}, {"type": "Feature", "geometry": {"type": "Point", "coordinates": [-2.1133903, 48.6503338]}, "properties": {"id": "auto02590", "nom": "A2590", "auto": true, "z": 3.65, "saillie": 4.97}}, {"type": "Feature", "geometry": {"type": "Point", "coordinates": [-2.0600083, 48.650308]}, "properties": {"id": "auto02591", "nom": "A2591", "auto": true, "z": 2.22, "saillie": 3.25}}, {"type": "Feature", "geometry": {"type": "Point", "coordinates": [-2.1125163, 48.6502992]}, "properties": {"id": "auto02592", "nom": "A2592", "auto": true, "z": 3.27, "saillie": 6.81}}, {"type": "Feature", "geometry": {"type": "Point", "coordinates": [-2.0619626, 48.6502609]}, "properties": {"id": "auto02593", "nom": "A2593", "auto": true, "z": -0.41, "saillie": 1.77}}, {"type": "Feature", "geometry": {"type": "Point", "coordinates": [-2.1152327, 48.6502546]}, "properties": {"id": "auto02594", "nom": "A2594", "auto": true, "z": 1.41, "saillie": 7.23}}, {"type": "Feature", "geometry": {"type": "Point", "coordinates": [-2.2982424, 48.6502518]}, "properties": {"id": "auto02595", "nom": "A2595", "auto": true, "z": 3.86, "saillie": 2.2}}, {"type": "Feature", "geometry": {"type": "Point", "coordinates": [-2.013753, 48.6502467]}, "properties": {"id": "auto02596", "nom": "A2596", "auto": true, "z": 13.58, "saillie": 2.11}}, {"type": "Feature", "geometry": {"type": "Point", "coordinates": [-2.0905807, 48.65023]}, "properties": {"id": "auto02597", "nom": "A2597", "auto": true, "z": 0.23, "saillie": 4.94}}, {"type": "Feature", "geometry": {"type": "Point", "coordinates": [-2.0635918, 48.6502277]}, "properties": {"id": "auto02598", "nom": "A2598", "auto": true, "z": -1.82, "saillie": 1.77}}, {"type": "Feature", "geometry": {"type": "Point", "coordinates": [-2.061031, 48.6501924]}, "properties": {"id": "auto02599", "nom": "A2599", "auto": true, "z": -0.33, "saillie": 1.32}}, {"type": "Feature", "geometry": {"type": "Point", "coordinates": [-2.0647839, 48.650177]}, "properties": {"id": "auto02600", "nom": "A2600", "auto": true, "z": -2.27, "saillie": 1.72}}, {"type": "Feature", "geometry": {"type": "Point", "coordinates": [-2.032572, 48.6501735]}, "properties": {"id": "auto02601", "nom": "A2601", "auto": true, "z": 3.98, "saillie": 1.14}}, {"type": "Feature", "geometry": {"type": "Point", "coordinates": [-2.0975919, 48.6501462]}, "properties": {"id": "auto02602", "nom": "A2602", "auto": true, "z": 1.17, "saillie": 5.99}}, {"type": "Feature", "geometry": {"type": "Point", "coordinates": [-2.0318064, 48.6501337]}, "properties": {"id": "auto02603", "nom": "A2603", "auto": true, "z": 4.3, "saillie": 1.14}}, {"type": "Feature", "geometry": {"type": "Point", "coordinates": [-2.1133692, 48.6501183]}, "properties": {"id": "auto02604", "nom": "A2604", "auto": true, "z": 4.48, "saillie": 5.02}}, {"type": "Feature", "geometry": {"type": "Point", "coordinates": [-2.1142939, 48.6501147]}, "properties": {"id": "auto02605", "nom": "A2605", "auto": true, "z": 0.15, "saillie": 3.57}}, {"type": "Feature", "geometry": {"type": "Point", "coordinates": [-2.029354, 48.6500932]}, "properties": {"id": "auto02606", "nom": "A2606", "auto": true, "z": 8.56, "saillie": 2.16}}, {"type": "Feature", "geometry": {"type": "Point", "coordinates": [-2.0322365, 48.6500795]}, "properties": {"id": "auto02607", "nom": "A2607", "auto": true, "z": 4.46, "saillie": 1.71}}, {"type": "Feature", "geometry": {"type": "Point", "coordinates": [-2.0594963, 48.6500774]}, "properties": {"id": "auto02608", "nom": "A2608", "auto": true, "z": 1.88, "saillie": 3.24}}, {"type": "Feature", "geometry": {"type": "Point", "coordinates": [-2.00666, 48.6500406]}, "properties": {"id": "auto02609", "nom": "A2609", "auto": true, "z": 13.07, "saillie": 1.45}}, {"type": "Feature", "geometry": {"type": "Point", "coordinates": [-2.1153199, 48.6500345]}, "properties": {"id": "auto02610", "nom": "A2610", "auto": true, "z": 1.17, "saillie": 8.17}}, {"type": "Feature", "geometry": {"type": "Point", "coordinates": [-2.0054609, 48.650019]}, "properties": {"id": "auto02611", "nom": "A2611", "auto": true, "z": 13.34, "saillie": 1.37}}, {"type": "Feature", "geometry": {"type": "Point", "coordinates": [-2.0005631, 48.6500085]}, "properties": {"id": "auto02612", "nom": "A2612", "auto": true, "z": 13.44, "saillie": 1.88}}, {"type": "Feature", "geometry": {"type": "Point", "coordinates": [-2.0909933, 48.649996]}, "properties": {"id": "auto02613", "nom": "A2613", "auto": true, "z": 2.34, "saillie": 6.36}}, {"type": "Feature", "geometry": {"type": "Point", "coordinates": [-2.0635132, 48.6499787]}, "properties": {"id": "auto02614", "nom": "A2614", "auto": true, "z": -1.63, "saillie": 1.49}}, {"type": "Feature", "geometry": {"type": "Point", "coordinates": [-2.0606815, 48.6499549]}, "properties": {"id": "auto02615", "nom": "A2615", "auto": true, "z": 1.06, "saillie": 2.66}}, {"type": "Feature", "geometry": {"type": "Point", "coordinates": [-2.1124812, 48.6499402]}, "properties": {"id": "auto02616", "nom": "A2616", "auto": true, "z": 1.94, "saillie": 7.51}}, {"type": "Feature", "geometry": {"type": "Point", "coordinates": [-2.0341262, 48.6499275]}, "properties": {"id": "auto02617", "nom": "A2617", "auto": true, "z": 5.23, "saillie": 4.02}}, {"type": "Feature", "geometry": {"type": "Point", "coordinates": [-2.2252294, 48.6499105]}, "properties": {"id": "auto02618", "nom": "A2618", "auto": true, "z": 1.81, "saillie": 10.77}}, {"type": "Feature", "geometry": {"type": "Point", "coordinates": [-2.0046885, 48.6499072]}, "properties": {"id": "auto02619", "nom": "A2619", "auto": true, "z": 13.39, "saillie": 1.14}}, {"type": "Feature", "geometry": {"type": "Point", "coordinates": [-2.298206, 48.6498929]}, "properties": {"id": "auto02620", "nom": "A2620", "auto": true, "z": 5.55, "saillie": 3.94}}, {"type": "Feature", "geometry": {"type": "Point", "coordinates": [-2.0688341, 48.6498603]}, "properties": {"id": "auto02621", "nom": "A2621", "auto": true, "z": -2.38, "saillie": 1.17}}, {"type": "Feature", "geometry": {"type": "Point", "coordinates": [-2.0118116, 48.6498598]}, "properties": {"id": "auto02622", "nom": "A2622", "auto": true, "z": 13.51, "saillie": 2.04}}, {"type": "Feature", "geometry": {"type": "Point", "coordinates": [-2.1144319, 48.6498563]}, "properties": {"id": "auto02623", "nom": "A2623", "auto": true, "z": 0.91, "saillie": 6.92}}, {"type": "Feature", "geometry": {"type": "Point", "coordinates": [-2.0714998, 48.6498549]}, "properties": {"id": "auto02624", "nom": "A2624", "auto": true, "z": -1.99, "saillie": 1.69}}, {"type": "Feature", "geometry": {"type": "Point", "coordinates": [-2.0345528, 48.6498373]}, "properties": {"id": "auto02625", "nom": "A2625", "auto": true, "z": 2.8, "saillie": 2.2}}, {"type": "Feature", "geometry": {"type": "Point", "coordinates": [-2.0611046, 48.6498287]}, "properties": {"id": "auto02626", "nom": "A2626", "auto": true, "z": -0.35, "saillie": 1.61}}, {"type": "Feature", "geometry": {"type": "Point", "coordinates": [-2.1168773, 48.6498233]}, "properties": {"id": "auto02627", "nom": "A2627", "auto": true, "z": 0.67, "saillie": 8.61}}, {"type": "Feature", "geometry": {"type": "Point", "coordinates": [-2.0003799, 48.6497999]}, "properties": {"id": "auto02628", "nom": "A2628", "auto": true, "z": 13.47, "saillie": 1.89}}, {"type": "Feature", "geometry": {"type": "Point", "coordinates": [-2.0620258, 48.6497896]}, "properties": {"id": "auto02629", "nom": "A2629", "auto": true, "z": -0.81, "saillie": 1.31}}, {"type": "Feature", "geometry": {"type": "Point", "coordinates": [-2.063384, 48.6497678]}, "properties": {"id": "auto02630", "nom": "A2630", "auto": true, "z": -1.2, "saillie": 1.78}}, {"type": "Feature", "geometry": {"type": "Point", "coordinates": [-2.0651791, 48.6497636]}, "properties": {"id": "auto02631", "nom": "A2631", "auto": true, "z": -1.87, "saillie": 2.09}}, {"type": "Feature", "geometry": {"type": "Point", "coordinates": [-2.0056536, 48.6497585]}, "properties": {"id": "auto02632", "nom": "A2632", "auto": true, "z": 13.5, "saillie": 1.1}}, {"type": "Feature", "geometry": {"type": "Point", "coordinates": [-2.0792119, 48.6497063]}, "properties": {"id": "auto02633", "nom": "A2633", "auto": true, "z": -1.51, "saillie": 1.28}}, {"type": "Feature", "geometry": {"type": "Point", "coordinates": [-2.0627233, 48.6496878]}, "properties": {"id": "auto02634", "nom": "A2634", "auto": true, "z": 1.16, "saillie": 3.41}}, {"type": "Feature", "geometry": {"type": "Point", "coordinates": [-1.9917696, 48.6496567]}, "properties": {"id": "auto02635", "nom": "A2635", "auto": true, "z": 13.47, "saillie": 1.32}}, {"type": "Feature", "geometry": {"type": "Point", "coordinates": [-2.1144579, 48.6495668]}, "properties": {"id": "auto02636", "nom": "A2636", "auto": true, "z": -0.54, "saillie": 6.61}}, {"type": "Feature", "geometry": {"type": "Point", "coordinates": [-2.0639084, 48.6495653]}, "properties": {"id": "auto02637", "nom": "A2637", "auto": true, "z": -1.76, "saillie": 1.43}}, {"type": "Feature", "geometry": {"type": "Point", "coordinates": [-2.0899147, 48.6495374]}, "properties": {"id": "auto02638", "nom": "A2638", "auto": true, "z": -2.1, "saillie": 2.61}}, {"type": "Feature", "geometry": {"type": "Point", "coordinates": [-2.0772909, 48.6495359]}, "properties": {"id": "auto02639", "nom": "A2639", "auto": true, "z": 1.5, "saillie": 4.32}}, {"type": "Feature", "geometry": {"type": "Point", "coordinates": [-2.1087403, 48.6495239]}, "properties": {"id": "auto02640", "nom": "A2640", "auto": true, "z": -2.37, "saillie": 3.58}}, {"type": "Feature", "geometry": {"type": "Point", "coordinates": [-2.1140174, 48.6495136]}, "properties": {"id": "auto02641", "nom": "A2641", "auto": true, "z": -1.65, "saillie": 5.05}}, {"type": "Feature", "geometry": {"type": "Point", "coordinates": [-2.0903989, 48.6494806]}, "properties": {"id": "auto02642", "nom": "A2642", "auto": true, "z": -1.56, "saillie": 2.13}}, {"type": "Feature", "geometry": {"type": "Point", "coordinates": [-2.0633561, 48.6494806]}, "properties": {"id": "auto02643", "nom": "A2643", "auto": true, "z": -1.57, "saillie": 1.57}}, {"type": "Feature", "geometry": {"type": "Point", "coordinates": [-2.0001287, 48.64945]}, "properties": {"id": "auto02644", "nom": "A2644", "auto": true, "z": 13.41, "saillie": 1.75}}, {"type": "Feature", "geometry": {"type": "Point", "coordinates": [-2.0616659, 48.6494443]}, "properties": {"id": "auto02645", "nom": "A2645", "auto": true, "z": -0.18, "saillie": 1.89}}, {"type": "Feature", "geometry": {"type": "Point", "coordinates": [-1.9916948, 48.6494435]}, "properties": {"id": "auto02646", "nom": "A2646", "auto": true, "z": 13.4, "saillie": 1.17}}, {"type": "Feature", "geometry": {"type": "Point", "coordinates": [-2.0791263, 48.6493854]}, "properties": {"id": "auto02647", "nom": "A2647", "auto": true, "z": -0.58, "saillie": 2.23}}, {"type": "Feature", "geometry": {"type": "Point", "coordinates": [-2.060348, 48.6493201]}, "properties": {"id": "auto02648", "nom": "A2648", "auto": true, "z": -1.91, "saillie": 1.14}}, {"type": "Feature", "geometry": {"type": "Point", "coordinates": [-2.0610996, 48.6492161]}, "properties": {"id": "auto02649", "nom": "A2649", "auto": true, "z": 1.47, "saillie": 4.14}}, {"type": "Feature", "geometry": {"type": "Point", "coordinates": [-2.0799251, 48.6492071]}, "properties": {"id": "auto02650", "nom": "A2650", "auto": true, "z": 0.33, "saillie": 3.21}}, {"type": "Feature", "geometry": {"type": "Point", "coordinates": [-2.0548402, 48.6491937]}, "properties": {"id": "auto02651", "nom": "A2651", "auto": true, "z": -0.15, "saillie": 5.38}}, {"type": "Feature", "geometry": {"type": "Point", "coordinates": [-2.0908044, 48.6491749]}, "properties": {"id": "auto02652", "nom": "A2652", "auto": true, "z": 3.83, "saillie": 7.14}}, {"type": "Feature", "geometry": {"type": "Point", "coordinates": [-2.0298637, 48.6491703]}, "properties": {"id": "auto02653", "nom": "A2653", "auto": true, "z": 12.44, "saillie": 6.11}}, {"type": "Feature", "geometry": {"type": "Point", "coordinates": [-2.2578601, 48.6491583]}, "properties": {"id": "auto02654", "nom": "A2654", "auto": true, "z": 0.72, "saillie": 9.67}}, {"type": "Feature", "geometry": {"type": "Point", "coordinates": [-2.0639209, 48.6491321]}, "properties": {"id": "auto02655", "nom": "A2655", "auto": true, "z": -2.19, "saillie": 1.71}}, {"type": "Feature", "geometry": {"type": "Point", "coordinates": [-2.2535005, 48.6490984]}, "properties": {"id": "auto02656", "nom": "A2656", "auto": true, "z": -0.13, "saillie": 6.96}}, {"type": "Feature", "geometry": {"type": "Point", "coordinates": [-2.1112555, 48.6490914]}, "properties": {"id": "auto02657", "nom": "A2657", "auto": true, "z": 2.91, "saillie": 7.89}}, {"type": "Feature", "geometry": {"type": "Point", "coordinates": [-2.0026482, 48.6490557]}, "properties": {"id": "auto02658", "nom": "A2658", "auto": true, "z": 13.58, "saillie": 1.27}}, {"type": "Feature", "geometry": {"type": "Point", "coordinates": [-2.05401, 48.6490487]}, "properties": {"id": "auto02659", "nom": "A2659", "auto": true, "z": -1.53, "saillie": 3.55}}, {"type": "Feature", "geometry": {"type": "Point", "coordinates": [-2.0788746, 48.6490356]}, "properties": {"id": "auto02660", "nom": "A2660", "auto": true, "z": 1.67, "saillie": 4.69}}, {"type": "Feature", "geometry": {"type": "Point", "coordinates": [-2.0634193, 48.6490092]}, "properties": {"id": "auto02661", "nom": "A2661", "auto": true, "z": -2.36, "saillie": 1.5}}, {"type": "Feature", "geometry": {"type": "Point", "coordinates": [-2.0618409, 48.6490043]}, "properties": {"id": "auto02662", "nom": "A2662", "auto": true, "z": -2.35, "saillie": 1.06}}, {"type": "Feature", "geometry": {"type": "Point", "coordinates": [-1.9997589, 48.6489968]}, "properties": {"id": "auto02663", "nom": "A2663", "auto": true, "z": 13.55, "saillie": 1.83}}, {"type": "Feature", "geometry": {"type": "Point", "coordinates": [-2.1117291, 48.6489269]}, "properties": {"id": "auto02664", "nom": "A2664", "auto": true, "z": 6.23, "saillie": 8.46}}, {"type": "Feature", "geometry": {"type": "Point", "coordinates": [-2.0533424, 48.6488967]}, "properties": {"id": "auto02665", "nom": "A2665", "auto": true, "z": -1.86, "saillie": 2.95}}, {"type": "Feature", "geometry": {"type": "Point", "coordinates": [-1.9916941, 48.6488667]}, "properties": {"id": "auto02666", "nom": "A2666", "auto": true, "z": 13.34, "saillie": 1.15}}, {"type": "Feature", "geometry": {"type": "Point", "coordinates": [-2.1132463, 48.6488617]}, "properties": {"id": "auto02667", "nom": "A2667", "auto": true, "z": -1.26, "saillie": 4.31}}, {"type": "Feature", "geometry": {"type": "Point", "coordinates": [-2.0305947, 48.648851]}, "properties": {"id": "auto02668", "nom": "A2668", "auto": true, "z": 7.99, "saillie": 4.38}}, {"type": "Feature", "geometry": {"type": "Point", "coordinates": [-2.0537183, 48.6488447]}, "properties": {"id": "auto02669", "nom": "A2669", "auto": true, "z": -1.79, "saillie": 2.8}}, {"type": "Feature", "geometry": {"type": "Point", "coordinates": [-2.1120472, 48.6488411]}, "properties": {"id": "auto02670", "nom": "A2670", "auto": true, "z": 6.35, "saillie": 8.46}}, {"type": "Feature", "geometry": {"type": "Point", "coordinates": [-1.9920158, 48.6488172]}, "properties": {"id": "auto02671", "nom": "A2671", "auto": true, "z": 13.26, "saillie": 1.04}}, {"type": "Feature", "geometry": {"type": "Point", "coordinates": [-2.0892994, 48.6488066]}, "properties": {"id": "auto02672", "nom": "A2672", "auto": true, "z": 0.1, "saillie": 4.41}}, {"type": "Feature", "geometry": {"type": "Point", "coordinates": [-2.0598588, 48.6487641]}, "properties": {"id": "auto02673", "nom": "A2673", "auto": true, "z": -1.84, "saillie": 1.3}}, {"type": "Feature", "geometry": {"type": "Point", "coordinates": [-2.0316715, 48.6487334]}, "properties": {"id": "auto02674", "nom": "A2674", "auto": true, "z": 3.54, "saillie": 1.24}}, {"type": "Feature", "geometry": {"type": "Point", "coordinates": [-2.2537353, 48.6487274]}, "properties": {"id": "auto02675", "nom": "A2675", "auto": true, "z": -1.38, "saillie": 4.71}}, {"type": "Feature", "geometry": {"type": "Point", "coordinates": [-2.1114913, 48.6487208]}, "properties": {"id": "auto02676", "nom": "A2676", "auto": true, "z": 9.13, "saillie": 12.15}}, {"type": "Feature", "geometry": {"type": "Point", "coordinates": [-2.0312888, 48.6487135]}, "properties": {"id": "auto02677", "nom": "A2677", "auto": true, "z": 3.91, "saillie": 1.24}}, {"type": "Feature", "geometry": {"type": "Point", "coordinates": [-2.0661654, 48.6487121]}, "properties": {"id": "auto02678", "nom": "A2678", "auto": true, "z": -0.82, "saillie": 2.1}}, {"type": "Feature", "geometry": {"type": "Point", "coordinates": [-2.0797137, 48.6487114]}, "properties": {"id": "auto02679", "nom": "A2679", "auto": true, "z": 0.3, "saillie": 2.55}}, {"type": "Feature", "geometry": {"type": "Point", "coordinates": [-1.986129, 48.6487034]}, "properties": {"id": "auto02680", "nom": "A2680", "auto": true, "z": 13.02, "saillie": 1.77}}, {"type": "Feature", "geometry": {"type": "Point", "coordinates": [-2.0808551, 48.6486987]}, "properties": {"id": "auto02681", "nom": "A2681", "auto": true, "z": -0.97, "saillie": 1.91}}, {"type": "Feature", "geometry": {"type": "Point", "coordinates": [-2.054629, 48.6486979]}, "properties": {"id": "auto02682", "nom": "A2682", "auto": true, "z": 0.15, "saillie": 5.21}}, {"type": "Feature", "geometry": {"type": "Point", "coordinates": [-2.0785146, 48.6486905]}, "properties": {"id": "auto02683", "nom": "A2683", "auto": true, "z": 0.96, "saillie": 3.18}}, {"type": "Feature", "geometry": {"type": "Point", "coordinates": [-2.0532132, 48.6486859]}, "properties": {"id": "auto02684", "nom": "A2684", "auto": true, "z": -2.13, "saillie": 3.01}}, {"type": "Feature", "geometry": {"type": "Point", "coordinates": [-2.0839542, 48.6486745]}, "properties": {"id": "auto02685", "nom": "A2685", "auto": true, "z": -2.26, "saillie": 1.52}}, {"type": "Feature", "geometry": {"type": "Point", "coordinates": [-1.985797, 48.6486452]}, "properties": {"id": "auto02686", "nom": "A2686", "auto": true, "z": 12.89, "saillie": 1.05}}, {"type": "Feature", "geometry": {"type": "Point", "coordinates": [-2.2542157, 48.6486341]}, "properties": {"id": "auto02687", "nom": "A2687", "auto": true, "z": 0.82, "saillie": 5.96}}, {"type": "Feature", "geometry": {"type": "Point", "coordinates": [-2.0306281, 48.6486333]}, "properties": {"id": "auto02688", "nom": "A2688", "auto": true, "z": 7.99, "saillie": 4.37}}, {"type": "Feature", "geometry": {"type": "Point", "coordinates": [-2.1139838, 48.6486137]}, "properties": {"id": "auto02689", "nom": "A2689", "auto": true, "z": -1.36, "saillie": 6.36}}, {"type": "Feature", "geometry": {"type": "Point", "coordinates": [-2.0586458, 48.6485993]}, "properties": {"id": "auto02690", "nom": "A2690", "auto": true, "z": -1.9, "saillie": 1.67}}, {"type": "Feature", "geometry": {"type": "Point", "coordinates": [-2.1094653, 48.6485914]}, "properties": {"id": "auto02691", "nom": "A2691", "auto": true, "z": 3.46, "saillie": 8.51}}, {"type": "Feature", "geometry": {"type": "Point", "coordinates": [-2.1125102, 48.6485688]}, "properties": {"id": "auto02692", "nom": "A2692", "auto": true, "z": 9.05, "saillie": 9.05}}, {"type": "Feature", "geometry": {"type": "Point", "coordinates": [-2.0030912, 48.6485684]}, "properties": {"id": "auto02693", "nom": "A2693", "auto": true, "z": 12.84, "saillie": 3.31}}, {"type": "Feature", "geometry": {"type": "Point", "coordinates": [-2.0804042, 48.6485377]}, "properties": {"id": "auto02694", "nom": "A2694", "auto": true, "z": -1.15, "saillie": 1.32}}, {"type": "Feature", "geometry": {"type": "Point", "coordinates": [-2.0022173, 48.648533]}, "properties": {"id": "auto02695", "nom": "A2695", "auto": true, "z": 12.52, "saillie": 2.74}}, {"type": "Feature", "geometry": {"type": "Point", "coordinates": [-2.07888, 48.6485307]}, "properties": {"id": "auto02696", "nom": "A2696", "auto": true, "z": -0.15, "saillie": 2.05}}, {"type": "Feature", "geometry": {"type": "Point", "coordinates": [-2.0667441, 48.6485072]}, "properties": {"id": "auto02697", "nom": "A2697", "auto": true, "z": -0.71, "saillie": 2.12}}, {"type": "Feature", "geometry": {"type": "Point", "coordinates": [-2.0319217, 48.6485065]}, "properties": {"id": "auto02698", "nom": "A2698", "auto": true, "z": 3.18, "saillie": 1.14}}, {"type": "Feature", "geometry": {"type": "Point", "coordinates": [-2.2458216, 48.6484996]}, "properties": {"id": "auto02699", "nom": "A2699", "auto": true, "z": 2.75, "saillie": 6.47}}, {"type": "Feature", "geometry": {"type": "Point", "coordinates": [-2.2535475, 48.6484833]}, "properties": {"id": "auto02700", "nom": "A2700", "auto": true, "z": -1.14, "saillie": 4.92}}, {"type": "Feature", "geometry": {"type": "Point", "coordinates": [-2.1121204, 48.6484774]}, "properties": {"id": "auto02701", "nom": "A2701", "auto": true, "z": 8.15, "saillie": 7.16}}, {"type": "Feature", "geometry": {"type": "Point", "coordinates": [-2.0593398, 48.6484617]}, "properties": {"id": "auto02702", "nom": "A2702", "auto": true, "z": 0.9, "saillie": 3.97}}, {"type": "Feature", "geometry": {"type": "Point", "coordinates": [-2.1100508, 48.6484581]}, "properties": {"id": "auto02703", "nom": "A2703", "auto": true, "z": 0.86, "saillie": 5.92}}, {"type": "Feature", "geometry": {"type": "Point", "coordinates": [-2.0537342, 48.6484475]}, "properties": {"id": "auto02704", "nom": "A2704", "auto": true, "z": -2.03, "saillie": 2.62}}, {"type": "Feature", "geometry": {"type": "Point", "coordinates": [-2.0306616, 48.6484156]}, "properties": {"id": "auto02705", "nom": "A2705", "auto": true, "z": 7.98, "saillie": 4.31}}, {"type": "Feature", "geometry": {"type": "Point", "coordinates": [-1.9989384, 48.6483824]}, "properties": {"id": "auto02706", "nom": "A2706", "auto": true, "z": 13.59, "saillie": 2.01}}, {"type": "Feature", "geometry": {"type": "Point", "coordinates": [-1.9871854, 48.6483708]}, "properties": {"id": "auto02707", "nom": "A2707", "auto": true, "z": 13.05, "saillie": 1.15}}, {"type": "Feature", "geometry": {"type": "Point", "coordinates": [-2.0734771, 48.6483645]}, "properties": {"id": "auto02708", "nom": "A2708", "auto": true, "z": -0.05, "saillie": 2.46}}, {"type": "Feature", "geometry": {"type": "Point", "coordinates": [-2.0663474, 48.6483438]}, "properties": {"id": "auto02709", "nom": "A2709", "auto": true, "z": 3.12, "saillie": 5.48}}, {"type": "Feature", "geometry": {"type": "Point", "coordinates": [-2.071079, 48.6483225]}, "properties": {"id": "auto02710", "nom": "A2710", "auto": true, "z": -1.99, "saillie": 1.14}}, {"type": "Feature", "geometry": {"type": "Point", "coordinates": [-2.059756, 48.6482637]}, "properties": {"id": "auto02711", "nom": "A2711", "auto": true, "z": -1.52, "saillie": 1.37}}, {"type": "Feature", "geometry": {"type": "Point", "coordinates": [-2.0314064, 48.6482399]}, "properties": {"id": "auto02712", "nom": "A2712", "auto": true, "z": 3.83, "saillie": 1.13}}, {"type": "Feature", "geometry": {"type": "Point", "coordinates": [-1.9930482, 48.6482331]}, "properties": {"id": "auto02713", "nom": "A2713", "auto": true, "z": 13.06, "saillie": 1.02}}, {"type": "Feature", "geometry": {"type": "Point", "coordinates": [-1.9983252, 48.6482279]}, "properties": {"id": "auto02714", "nom": "A2714", "auto": true, "z": 12.44, "saillie": 1.16}}, {"type": "Feature", "geometry": {"type": "Point", "coordinates": [-2.0034938, 48.648227]}, "properties": {"id": "auto02715", "nom": "A2715", "auto": true, "z": 13.14, "saillie": 1.42}}, {"type": "Feature", "geometry": {"type": "Point", "coordinates": [-2.2456303, 48.6482196]}, "properties": {"id": "auto02716", "nom": "A2716", "auto": true, "z": -0.62, "saillie": 3.88}}, {"type": "Feature", "geometry": {"type": "Point", "coordinates": [-2.0303699, 48.6482116]}, "properties": {"id": "auto02717", "nom": "A2717", "auto": true, "z": 8.0, "saillie": 4.01}}, {"type": "Feature", "geometry": {"type": "Point", "coordinates": [-1.9902166, 48.6482076]}, "properties": {"id": "auto02718", "nom": "A2718", "auto": true, "z": 13.17, "saillie": 1.05}}, {"type": "Feature", "geometry": {"type": "Point", "coordinates": [-2.0424481, 48.6482052]}, "properties": {"id": "auto02719", "nom": "A2719", "auto": true, "z": -2.35, "saillie": 7.43}}, {"type": "Feature", "geometry": {"type": "Point", "coordinates": [-2.0018036, 48.6481899]}, "properties": {"id": "auto02720", "nom": "A2720", "auto": true, "z": 13.04, "saillie": 1.32}}, {"type": "Feature", "geometry": {"type": "Point", "coordinates": [-1.9988094, 48.6481715]}, "properties": {"id": "auto02721", "nom": "A2721", "auto": true, "z": 13.59, "saillie": 2.06}}, {"type": "Feature", "geometry": {"type": "Point", "coordinates": [-2.0731311, 48.648163]}, "properties": {"id": "auto02722", "nom": "A2722", "auto": true, "z": -1.53, "saillie": 1.01}}, {"type": "Feature", "geometry": {"type": "Point", "coordinates": [-1.9909684, 48.648104]}, "properties": {"id": "auto02723", "nom": "A2723", "auto": true, "z": 12.92, "saillie": 1.0}}, {"type": "Feature", "geometry": {"type": "Point", "coordinates": [-2.0023928, 48.648093]}, "properties": {"id": "auto02724", "nom": "A2724", "auto": true, "z": 12.88, "saillie": 3.13}}, {"type": "Feature", "geometry": {"type": "Point", "coordinates": [-2.052829, 48.6480893]}, "properties": {"id": "auto02725", "nom": "A2725", "auto": true, "z": -2.44, "saillie": 2.7}}, {"type": "Feature", "geometry": {"type": "Point", "coordinates": [-1.9940133, 48.6480844]}, "properties": {"id": "auto02726", "nom": "A2726", "auto": true, "z": 12.65, "saillie": 1.06}}, {"type": "Feature", "geometry": {"type": "Point", "coordinates": [-1.9993445, 48.6480769]}, "properties": {"id": "auto02727", "nom": "A2727", "auto": true, "z": 13.56, "saillie": 1.17}}, {"type": "Feature", "geometry": {"type": "Point", "coordinates": [-2.2558446, 48.6480574]}, "properties": {"id": "auto02728", "nom": "A2728", "auto": true, "z": 9.22, "saillie": 9.61}}, {"type": "Feature", "geometry": {"type": "Point", "coordinates": [-2.0656658, 48.6480483]}, "properties": {"id": "auto02729", "nom": "A2729", "auto": true, "z": 10.53, "saillie": 11.15}}, {"type": "Feature", "geometry": {"type": "Point", "coordinates": [-2.255516, 48.6480358]}, "properties": {"id": "auto02730", "nom": "A2730", "auto": true, "z": 7.86, "saillie": 7.15}}, {"type": "Feature", "geometry": {"type": "Point", "coordinates": [-2.0753493, 48.6480323]}, "properties": {"id": "auto02731", "nom": "A2731", "auto": true, "z": -0.63, "saillie": 1.98}}, {"type": "Feature", "geometry": {"type": "Point", "coordinates": [-2.0299698, 48.6480122]}, "properties": {"id": "auto02732", "nom": "A2732", "auto": true, "z": 8.3, "saillie": 2.97}}, {"type": "Feature", "geometry": {"type": "Point", "coordinates": [-2.108481, 48.6479847]}, "properties": {"id": "auto02733", "nom": "A2733", "auto": true, "z": -1.25, "saillie": 2.54}}, {"type": "Feature", "geometry": {"type": "Point", "coordinates": [-2.0033072, 48.6479825]}, "properties": {"id": "auto02734", "nom": "A2734", "auto": true, "z": 13.2, "saillie": 3.12}}, {"type": "Feature", "geometry": {"type": "Point", "coordinates": [-2.11305, 48.6479688]}, "properties": {"id": "auto02735", "nom": "A2735", "auto": true, "z": 9.06, "saillie": 8.61}}, {"type": "Feature", "geometry": {"type": "Point", "coordinates": [-2.0727274, 48.6479278]}, "properties": {"id": "auto02736", "nom": "A2736", "auto": true, "z": -1.35, "saillie": 1.02}}, {"type": "Feature", "geometry": {"type": "Point", "coordinates": [-2.0532487, 48.6479273]}, "properties": {"id": "auto02737", "nom": "A2737", "auto": true, "z": -2.15, "saillie": 1.92}}, {"type": "Feature", "geometry": {"type": "Point", "coordinates": [-2.0526998, 48.6478785]}, "properties": {"id": "auto02738", "nom": "A2738", "auto": true, "z": -1.91, "saillie": 1.81}}, {"type": "Feature", "geometry": {"type": "Point", "coordinates": [-1.9878453, 48.6478744]}, "properties": {"id": "auto02739", "nom": "A2739", "auto": true, "z": 12.88, "saillie": 1.18}}, {"type": "Feature", "geometry": {"type": "Point", "coordinates": [-2.0329974, 48.6478121]}, "properties": {"id": "auto02740", "nom": "A2740", "auto": true, "z": 3.95, "saillie": 3.19}}, {"type": "Feature", "geometry": {"type": "Point", "coordinates": [-2.2551114, 48.6478013]}, "properties": {"id": "auto02741", "nom": "A2741", "auto": true, "z": 6.74, "saillie": 5.91}}, {"type": "Feature", "geometry": {"type": "Point", "coordinates": [-1.9983923, 48.6477924]}, "properties": {"id": "auto02742", "nom": "A2742", "auto": true, "z": 13.54, "saillie": 2.64}}, {"type": "Feature", "geometry": {"type": "Point", "coordinates": [-2.0905054, 48.6477815]}, "properties": {"id": "auto02743", "nom": "A2743", "auto": true, "z": -1.7, "saillie": 2.4}}, {"type": "Feature", "geometry": {"type": "Point", "coordinates": [-2.2539665, 48.6477797]}, "properties": {"id": "auto02744", "nom": "A2744", "auto": true, "z": 3.28, "saillie": 3.57}}, {"type": "Feature", "geometry": {"type": "Point", "coordinates": [-2.0653093, 48.647739]}, "properties": {"id": "auto02745", "nom": "A2745", "auto": true, "z": 12.47, "saillie": 12.7}}, {"type": "Feature", "geometry": {"type": "Point", "coordinates": [-2.0924054, 48.6477363]}, "properties": {"id": "auto02746", "nom": "A2746", "auto": true, "z": -2.13, "saillie": 2.71}}, {"type": "Feature", "geometry": {"type": "Point", "coordinates": [-2.0799988, 48.6477258]}, "properties": {"id": "auto02747", "nom": "A2747", "auto": true, "z": -1.84, "saillie": 1.27}}, {"type": "Feature", "geometry": {"type": "Point", "coordinates": [-2.0564387, 48.6477197]}, "properties": {"id": "auto02748", "nom": "A2748", "auto": true, "z": 0.93, "saillie": 1.04}}, {"type": "Feature", "geometry": {"type": "Point", "coordinates": [-1.9891356, 48.6477122]}, "properties": {"id": "auto02749", "nom": "A2749", "auto": true, "z": 12.96, "saillie": 1.15}}, {"type": "Feature", "geometry": {"type": "Point", "coordinates": [-2.2620678, 48.6477102]}, "properties": {"id": "auto02750", "nom": "A2750", "auto": true, "z": 3.21, "saillie": 8.2}}, {"type": "Feature", "geometry": {"type": "Point", "coordinates": [-2.2525434, 48.6476983]}, "properties": {"id": "auto02751", "nom": "A2751", "auto": true, "z": -2.42, "saillie": 2.87}}, {"type": "Feature", "geometry": {"type": "Point", "coordinates": [-2.1109524, 48.6476623]}, "properties": {"id": "auto02752", "nom": "A2752", "auto": true, "z": 1.37, "saillie": 4.93}}, {"type": "Feature", "geometry": {"type": "Point", "coordinates": [-1.9884208, 48.647634]}, "properties": {"id": "auto02753", "nom": "A2753", "auto": true, "z": 12.86, "saillie": 1.16}}, {"type": "Feature", "geometry": {"type": "Point", "coordinates": [-1.9989747, 48.6476238]}, "properties": {"id": "auto02754", "nom": "A2754", "auto": true, "z": 13.53, "saillie": 1.14}}, {"type": "Feature", "geometry": {"type": "Point", "coordinates": [-2.0530548, 48.647611]}, "properties": {"id": "auto02755", "nom": "A2755", "auto": true, "z": -0.88, "saillie": 2.07}}, {"type": "Feature", "geometry": {"type": "Point", "coordinates": [-2.1106203, 48.6476044]}, "properties": {"id": "auto02756", "nom": "A2756", "auto": true, "z": 2.04, "saillie": 6.56}}, {"type": "Feature", "geometry": {"type": "Point", "coordinates": [-2.0313983, 48.6475913]}, "properties": {"id": "auto02757", "nom": "A2757", "auto": true, "z": 3.66, "saillie": 1.14}}, {"type": "Feature", "geometry": {"type": "Point", "coordinates": [-1.9894504, 48.6475908]}, "properties": {"id": "auto02758", "nom": "A2758", "auto": true, "z": 13.23, "saillie": 1.42}}, {"type": "Feature", "geometry": {"type": "Point", "coordinates": [-2.2530202, 48.6475691]}, "properties": {"id": "auto02759", "nom": "A2759", "auto": true, "z": 0.56, "saillie": 4.16}}, {"type": "Feature", "geometry": {"type": "Point", "coordinates": [-2.0320486, 48.6475638]}, "properties": {"id": "auto02760", "nom": "A2760", "auto": true, "z": 4.63, "saillie": 2.03}}, {"type": "Feature", "geometry": {"type": "Point", "coordinates": [-2.0648008, 48.6475443]}, "properties": {"id": "auto02761", "nom": "A2761", "auto": true, "z": 5.44, "saillie": 3.53}}, {"type": "Feature", "geometry": {"type": "Point", "coordinates": [-1.9880854, 48.6475399]}, "properties": {"id": "auto02762", "nom": "A2762", "auto": true, "z": 12.81, "saillie": 1.11}}, {"type": "Feature", "geometry": {"type": "Point", "coordinates": [-2.0325328, 48.6475072]}, "properties": {"id": "auto02763", "nom": "A2763", "auto": true, "z": 5.18, "saillie": 4.08}}, {"type": "Feature", "geometry": {"type": "Point", "coordinates": [-2.2611215, 48.6474996]}, "properties": {"id": "auto02764", "nom": "A2764", "auto": true, "z": -2.08, "saillie": 2.84}}, {"type": "Feature", "geometry": {"type": "Point", "coordinates": [-2.2620461, 48.6474948]}, "properties": {"id": "auto02765", "nom": "A2765", "auto": true, "z": 2.39, "saillie": 6.97}}, {"type": "Feature", "geometry": {"type": "Point", "coordinates": [-2.0729565, 48.6474854]}, "properties": {"id": "auto02766", "nom": "A2766", "auto": true, "z": 2.51, "saillie": 4.21}}, {"type": "Feature", "geometry": {"type": "Point", "coordinates": [-2.2508892, 48.6474828]}, "properties": {"id": "auto02767", "nom": "A2767", "auto": true, "z": -1.67, "saillie": 3.83}}, {"type": "Feature", "geometry": {"type": "Point", "coordinates": [-2.0941183, 48.6474467]}, "properties": {"id": "auto02768", "nom": "A2768", "auto": true, "z": -2.45, "saillie": 3.01}}, {"type": "Feature", "geometry": {"type": "Point", "coordinates": [-2.2518103, 48.6474422]}, "properties": {"id": "auto02769", "nom": "A2769", "auto": true, "z": -1.91, "saillie": 3.25}}, {"type": "Feature", "geometry": {"type": "Point", "coordinates": [-2.2453884, 48.647437]}, "properties": {"id": "auto02770", "nom": "A2770", "auto": true, "z": 4.62, "saillie": 4.3}}, {"type": "Feature", "geometry": {"type": "Point", "coordinates": [-2.0896542, 48.6474214]}, "properties": {"id": "auto02771", "nom": "A2771", "auto": true, "z": -2.3, "saillie": 1.86}}, {"type": "Feature", "geometry": {"type": "Point", "coordinates": [-1.9877465, 48.6474099]}, "properties": {"id": "auto02772", "nom": "A2772", "auto": true, "z": 13.14, "saillie": 1.16}}, {"type": "Feature", "geometry": {"type": "Point", "coordinates": [-2.0539586, 48.6473924]}, "properties": {"id": "auto02773", "nom": "A2773", "auto": true, "z": -1.12, "saillie": 1.38}}, {"type": "Feature", "geometry": {"type": "Point", "coordinates": [-2.0303988, 48.6473812]}, "properties": {"id": "auto02774", "nom": "A2774", "auto": true, "z": 5.45, "saillie": 1.65}}, {"type": "Feature", "geometry": {"type": "Point", "coordinates": [-1.9981344, 48.6473706]}, "properties": {"id": "auto02775", "nom": "A2775", "auto": true, "z": 13.47, "saillie": 2.7}}, {"type": "Feature", "geometry": {"type": "Point", "coordinates": [-1.9862732, 48.6473635]}, "properties": {"id": "auto02776", "nom": "A2776", "auto": true, "z": 13.07, "saillie": 1.15}}, {"type": "Feature", "geometry": {"type": "Point", "coordinates": [-2.2446733, 48.6473603]}, "properties": {"id": "auto02777", "nom": "A2777", "auto": true, "z": 2.82, "saillie": 2.47}}, {"type": "Feature", "geometry": {"type": "Point", "coordinates": [-2.0900807, 48.647331]}, "properties": {"id": "auto02778", "nom": "A2778", "auto": true, "z": -0.63, "saillie": 3.62}}, {"type": "Feature", "geometry": {"type": "Point", "coordinates": [-2.112008, 48.6473285]}, "properties": {"id": "auto02779", "nom": "A2779", "auto": true, "z": 10.32, "saillie": 9.92}}, {"type": "Feature", "geometry": {"type": "Point", "coordinates": [-2.0793608, 48.6473204]}, "properties": {"id": "auto02780", "nom": "A2780", "auto": true, "z": 0.63, "saillie": 3.63}}, {"type": "Feature", "geometry": {"type": "Point", "coordinates": [-2.1190258, 48.6473152]}, "properties": {"id": "auto02781", "nom": "A2781", "auto": true, "z": 0.36, "saillie": 8.54}}, {"type": "Feature", "geometry": {"type": "Point", "coordinates": [-2.2564767, 48.6473082]}, "properties": {"id": "auto02782", "nom": "A2782", "auto": true, "z": -1.91, "saillie": 3.27}}, {"type": "Feature", "geometry": {"type": "Point", "coordinates": [-1.9941546, 48.6472854]}, "properties": {"id": "auto02783", "nom": "A2783", "auto": true, "z": 12.45, "saillie": 1.02}}, {"type": "Feature", "geometry": {"type": "Point", "coordinates": [-2.0525866, 48.6472704]}, "properties": {"id": "auto02784", "nom": "A2784", "auto": true, "z": 0.97, "saillie": 3.65}}, {"type": "Feature", "geometry": {"type": "Point", "coordinates": [-2.2629454, 48.6472387]}, "properties": {"id": "auto02785", "nom": "A2785", "auto": true, "z": 2.24, "saillie": 6.77}}, {"type": "Feature", "geometry": {"type": "Point", "coordinates": [-2.2524965, 48.6472316]}, "properties": {"id": "auto02786", "nom": "A2786", "auto": true, "z": -0.14, "saillie": 3.98}}, {"type": "Feature", "geometry": {"type": "Point", "coordinates": [-1.9887082, 48.6472254]}, "properties": {"id": "auto02787", "nom": "A2787", "auto": true, "z": 13.23, "saillie": 1.2}}, {"type": "Feature", "geometry": {"type": "Point", "coordinates": [-2.1104733, 48.6472141]}, "properties": {"id": "auto02788", "nom": "A2788", "auto": true, "z": -0.2, "saillie": 3.84}}, {"type": "Feature", "geometry": {"type": "Point", "coordinates": [-2.078805, 48.6471999]}, "properties": {"id": "auto02789", "nom": "A2789", "auto": true, "z": -1.79, "saillie": 1.4}}, {"type": "Feature", "geometry": {"type": "Point", "coordinates": [-2.0518176, 48.6471949]}, "properties": {"id": "auto02790", "nom": "A2790", "auto": true, "z": 0.37, "saillie": 6.83}}, {"type": "Feature", "geometry": {"type": "Point", "coordinates": [-1.9972467, 48.6471916]}, "properties": {"id": "auto02791", "nom": "A2791", "auto": true, "z": 12.18, "saillie": 1.01}}, {"type": "Feature", "geometry": {"type": "Point", "coordinates": [-2.0814129, 48.6471606]}, "properties": {"id": "auto02792", "nom": "A2792", "auto": true, "z": -2.45, "saillie": 1.09}}, {"type": "Feature", "geometry": {"type": "Point", "coordinates": [-2.0681901, 48.6471477]}, "properties": {"id": "auto02793", "nom": "A2793", "auto": true, "z": -2.23, "saillie": 1.65}}, {"type": "Feature", "geometry": {"type": "Point", "coordinates": [-2.0648709, 48.6471448]}, "properties": {"id": "auto02794", "nom": "A2794", "auto": true, "z": 4.46, "saillie": 3.69}}, {"type": "Feature", "geometry": {"type": "Point", "coordinates": [-2.2547178, 48.6471335]}, "properties": {"id": "auto02795", "nom": "A2795", "auto": true, "z": 6.08, "saillie": 5.87}}, {"type": "Feature", "geometry": {"type": "Point", "coordinates": [-2.2612479, 48.6471334]}, "properties": {"id": "auto02796", "nom": "A2796", "auto": true, "z": -1.83, "saillie": 2.27}}, {"type": "Feature", "geometry": {"type": "Point", "coordinates": [-2.1334265, 48.6471275]}, "properties": {"id": "auto02797", "nom": "A2797", "auto": true, "z": 3.59, "saillie": 9.18}}, {"type": "Feature", "geometry": {"type": "Point", "coordinates": [-2.2622267, 48.6471262]}, "properties": {"id": "auto02798", "nom": "A2798", "auto": true, "z": 5.85, "saillie": 7.2}}, {"type": "Feature", "geometry": {"type": "Point", "coordinates": [-1.9979478, 48.6471261]}, "properties": {"id": "auto02799", "nom": "A2799", "auto": true, "z": 13.58, "saillie": 3.05}}, {"type": "Feature", "geometry": {"type": "Point", "coordinates": [-2.0322238, 48.6471237]}, "properties": {"id": "auto02800", "nom": "A2800", "auto": true, "z": 5.85, "saillie": 4.7}}, {"type": "Feature", "geometry": {"type": "Point", "coordinates": [-1.9982729, 48.6471125]}, "properties": {"id": "auto02801", "nom": "A2801", "auto": true, "z": 13.41, "saillie": 2.63}}, {"type": "Feature", "geometry": {"type": "Point", "coordinates": [-2.2450273, 48.6470923]}, "properties": {"id": "auto02802", "nom": "A2802", "auto": true, "z": 4.23, "saillie": 2.16}}, {"type": "Feature", "geometry": {"type": "Point", "coordinates": [-2.061057, 48.6470907]}, "properties": {"id": "auto02803", "nom": "A2803", "auto": true, "z": 1.2, "saillie": 1.07}}, {"type": "Feature", "geometry": {"type": "Point", "coordinates": [-1.9989232, 48.6470852]}, "properties": {"id": "auto02804", "nom": "A2804", "auto": true, "z": 13.59, "saillie": 1.36}}, {"type": "Feature", "geometry": {"type": "Point", "coordinates": [-2.0652432, 48.6470568]}, "properties": {"id": "auto02805", "nom": "A2805", "auto": true, "z": 2.39, "saillie": 3.74}}, {"type": "Feature", "geometry": {"type": "Point", "coordinates": [-2.0799324, 48.6470436]}, "properties": {"id": "auto02806", "nom": "A2806", "auto": true, "z": -2.06, "saillie": 1.15}}, {"type": "Feature", "geometry": {"type": "Point", "coordinates": [-2.0731856, 48.647043]}, "properties": {"id": "auto02807", "nom": "A2807", "auto": true, "z": 1.75, "saillie": 4.68}}, {"type": "Feature", "geometry": {"type": "Point", "coordinates": [-2.0639358, 48.6470404]}, "properties": {"id": "auto02808", "nom": "A2808", "auto": true, "z": 2.59, "saillie": 4.39}}, {"type": "Feature", "geometry": {"type": "Point", "coordinates": [-2.1342322, 48.6470207]}, "properties": {"id": "auto02809", "nom": "A2809", "auto": true, "z": -2.39, "saillie": 7.49}}, {"type": "Feature", "geometry": {"type": "Point", "coordinates": [-2.2436043, 48.6470108]}, "properties": {"id": "auto02810", "nom": "A2810", "auto": true, "z": 2.03, "saillie": 2.4}}, {"type": "Feature", "geometry": {"type": "Point", "coordinates": [-2.00147, 48.6469781]}, "properties": {"id": "auto02811", "nom": "A2811", "auto": true, "z": 13.49, "saillie": 1.76}}, {"type": "Feature", "geometry": {"type": "Point", "coordinates": [-2.0632209, 48.6469626]}, "properties": {"id": "auto02812", "nom": "A2812", "auto": true, "z": -1.12, "saillie": 1.19}}, {"type": "Feature", "geometry": {"type": "Point", "coordinates": [-2.2432179, 48.6469557]}, "properties": {"id": "auto02813", "nom": "A2813", "auto": true, "z": 2.23, "saillie": 2.69}}, {"type": "Feature", "geometry": {"type": "Point", "coordinates": [-2.2542085, 48.6469397]}, "properties": {"id": "auto02814", "nom": "A2814", "auto": true, "z": 10.55, "saillie": 7.83}}, {"type": "Feature", "geometry": {"type": "Point", "coordinates": [-2.2625337, 48.6469323]}, "properties": {"id": "auto02815", "nom": "A2815", "auto": true, "z": 6.22, "saillie": 5.44}}, {"type": "Feature", "geometry": {"type": "Point", "coordinates": [-2.0294834, 48.6469151]}, "properties": {"id": "auto02816", "nom": "A2816", "auto": true, "z": 13.34, "saillie": 5.97}}, {"type": "Feature", "geometry": {"type": "Point", "coordinates": [-2.2459881, 48.6469057]}, "properties": {"id": "auto02817", "nom": "A2817", "auto": true, "z": 3.06, "saillie": 3.43}}, {"type": "Feature", "geometry": {"type": "Point", "coordinates": [-2.013104, 48.6468852]}, "properties": {"id": "auto02818", "nom": "A2818", "auto": true, "z": 13.5, "saillie": 4.88}}, {"type": "Feature", "geometry": {"type": "Point", "coordinates": [-2.0627228, 48.6468756]}, "properties": {"id": "auto02819", "nom": "A2819", "auto": true, "z": 1.25, "saillie": 4.06}}, {"type": "Feature", "geometry": {"type": "Point", "coordinates": [-2.2600777, 48.6468606]}, "properties": {"id": "auto02820", "nom": "A2820", "auto": true, "z": -2.04, "saillie": 2.2}}, {"type": "Feature", "geometry": {"type": "Point", "coordinates": [-1.9978119, 48.6468434]}, "properties": {"id": "auto02821", "nom": "A2821", "auto": true, "z": 13.57, "saillie": 3.04}}, {"type": "Feature", "geometry": {"type": "Point", "coordinates": [-1.9878001, 48.6468308]}, "properties": {"id": "auto02822", "nom": "A2822", "auto": true, "z": 13.34, "saillie": 2.45}}, {"type": "Feature", "geometry": {"type": "Point", "coordinates": [-2.079312, 48.6468177]}, "properties": {"id": "auto02823", "nom": "A2823", "auto": true, "z": -1.33, "saillie": 1.47}}, {"type": "Feature", "geometry": {"type": "Point", "coordinates": [-2.065273, 48.6468032]}, "properties": {"id": "auto02824", "nom": "A2824", "auto": true, "z": 2.65, "saillie": 4.29}}, {"type": "Feature", "geometry": {"type": "Point", "coordinates": [-2.0008533, 48.6467878]}, "properties": {"id": "auto02825", "nom": "A2825", "auto": true, "z": 13.26, "saillie": 1.71}}, {"type": "Feature", "geometry": {"type": "Point", "coordinates": [-2.0807208, 48.6467575]}, "properties": {"id": "auto02826", "nom": "A2826", "auto": true, "z": -2.13, "saillie": 1.3}}, {"type": "Feature", "geometry": {"type": "Point", "coordinates": [-2.0005213, 48.6467296]}, "properties": {"id": "auto02827", "nom": "A2827", "auto": true, "z": 13.18, "saillie": 1.82}}, {"type": "Feature", "geometry": {"type": "Point", "coordinates": [-2.2475484, 48.6467287]}, "properties": {"id": "auto02828", "nom": "A2828", "auto": true, "z": 2.83, "saillie": 3.3}}, {"type": "Feature", "geometry": {"type": "Point", "coordinates": [-2.1226138, 48.6467282]}, "properties": {"id": "auto02829", "nom": "A2829", "auto": true, "z": -2.42, "saillie": 7.45}}, {"type": "Feature", "geometry": {"type": "Point", "coordinates": [-2.1135266, 48.6467224]}, "properties": {"id": "auto02830", "nom": "A2830", "auto": true, "z": 1.47, "saillie": 7.37}}, {"type": "Feature", "geometry": {"type": "Point", "coordinates": [-2.0655912, 48.6467175]}, "properties": {"id": "auto02831", "nom": "A2831", "auto": true, "z": -0.13, "saillie": 3.08}}, {"type": "Feature", "geometry": {"type": "Point", "coordinates": [-2.2453705, 48.6467166]}, "properties": {"id": "auto02832", "nom": "A2832", "auto": true, "z": 4.52, "saillie": 1.82}}, {"type": "Feature", "geometry": {"type": "Point", "coordinates": [-2.0001386, 48.6467096]}, "properties": {"id": "auto02833", "nom": "A2833", "auto": true, "z": 13.14, "saillie": 1.79}}, {"type": "Feature", "geometry": {"type": "Point", "coordinates": [-2.1335467, 48.6466897]}, "properties": {"id": "auto02834", "nom": "A2834", "auto": true, "z": 3.47, "saillie": 4.43}}, {"type": "Feature", "geometry": {"type": "Point", "coordinates": [-2.0983935, 48.6466507]}, "properties": {"id": "auto02835", "nom": "A2835", "auto": true, "z": 3.64, "saillie": 6.61}}, {"type": "Feature", "geometry": {"type": "Point", "coordinates": [-2.0129716, 48.6466384]}, "properties": {"id": "auto02836", "nom": "A2836", "auto": true, "z": 13.46, "saillie": 1.62}}, {"type": "Feature", "geometry": {"type": "Point", "coordinates": [-2.0767916, 48.6466368]}, "properties": {"id": "auto02837", "nom": "A2837", "auto": true, "z": -1.93, "saillie": 1.4}}, {"type": "Feature", "geometry": {"type": "Point", "coordinates": [-1.9968125, 48.646633]}, "properties": {"id": "auto02838", "nom": "A2838", "auto": true, "z": 12.31, "saillie": 1.28}}, {"type": "Feature", "geometry": {"type": "Point", "coordinates": [-2.059596, 48.646612]}, "properties": {"id": "auto02839", "nom": "A2839", "auto": true, "z": 1.39, "saillie": 1.31}}, {"type": "Feature", "geometry": {"type": "Point", "coordinates": [-2.2608686, 48.6466093]}, "properties": {"id": "auto02840", "nom": "A2840", "auto": true, "z": -2.32, "saillie": 1.43}}, {"type": "Feature", "geometry": {"type": "Point", "coordinates": [-2.0634029, 48.6465943]}, "properties": {"id": "auto02841", "nom": "A2841", "auto": true, "z": 0.15, "saillie": 2.67}}, {"type": "Feature", "geometry": {"type": "Point", "coordinates": [-1.9995829, 48.6465888]}, "properties": {"id": "auto02842", "nom": "A2842", "auto": true, "z": 13.1, "saillie": 1.44}}, {"type": "Feature", "geometry": {"type": "Point", "coordinates": [-2.2433985, 48.6465872]}, "properties": {"id": "auto02843", "nom": "A2843", "auto": true, "z": 2.95, "saillie": 2.71}}, {"type": "Feature", "geometry": {"type": "Point", "coordinates": [-2.0789082, 48.6465825]}, "properties": {"id": "auto02844", "nom": "A2844", "auto": true, "z": -1.39, "saillie": 1.58}}, {"type": "Feature", "geometry": {"type": "Point", "coordinates": [-2.0797787, 48.6465814]}, "properties": {"id": "auto02845", "nom": "A2845", "auto": true, "z": -1.3, "saillie": 1.84}}, {"type": "Feature", "geometry": {"type": "Point", "coordinates": [-2.2533562, 48.6465806]}, "properties": {"id": "auto02846", "nom": "A2846", "auto": true, "z": 2.76, "saillie": 3.15}}, {"type": "Feature", "geometry": {"type": "Point", "coordinates": [-1.9955559, 48.6465776]}, "properties": {"id": "auto02847", "nom": "A2847", "auto": true, "z": 12.48, "saillie": 1.09}}, {"type": "Feature", "geometry": {"type": "Point", "coordinates": [-2.0726491, 48.6465611]}, "properties": {"id": "auto02848", "nom": "A2848", "auto": true, "z": -1.9, "saillie": 1.18}}, {"type": "Feature", "geometry": {"type": "Point", "coordinates": [-2.0650861, 48.6465588]}, "properties": {"id": "auto02849", "nom": "A2849", "auto": true, "z": 1.67, "saillie": 4.07}}, {"type": "Feature", "geometry": {"type": "Point", "coordinates": [-1.9983263, 48.6465334]}, "properties": {"id": "auto02850", "nom": "A2850", "auto": true, "z": 13.55, "saillie": 1.16}}, {"type": "Feature", "geometry": {"type": "Point", "coordinates": [-1.9992509, 48.6465306]}, "properties": {"id": "auto02851", "nom": "A2851", "auto": true, "z": 13.06, "saillie": 1.17}}, {"type": "Feature", "geometry": {"type": "Point", "coordinates": [-1.9975642, 48.6465294]}, "properties": {"id": "auto02852", "nom": "A2852", "auto": true, "z": 13.57, "saillie": 2.7}}, {"type": "Feature", "geometry": {"type": "Point", "coordinates": [-2.2546564, 48.6465232]}, "properties": {"id": "auto02853", "nom": "A2853", "auto": true, "z": 10.32, "saillie": 7.42}}, {"type": "Feature", "geometry": {"type": "Point", "coordinates": [-2.2426798, 48.6464746]}, "properties": {"id": "auto02854", "nom": "A2854", "auto": true, "z": 2.65, "saillie": 3.98}}, {"type": "Feature", "geometry": {"type": "Point", "coordinates": [-2.2469778, 48.6464654]}, "properties": {"id": "auto02855", "nom": "A2855", "auto": true, "z": 9.79, "saillie": 8.27}}, {"type": "Feature", "geometry": {"type": "Point", "coordinates": [-2.0977223, 48.6464631]}, "properties": {"id": "auto02856", "nom": "A2856", "auto": true, "z": 1.01, "saillie": 4.34}}, {"type": "Feature", "geometry": {"type": "Point", "coordinates": [-2.2487187, 48.6464608]}, "properties": {"id": "auto02857", "nom": "A2857", "auto": true, "z": 4.04, "saillie": 3.39}}, {"type": "Feature", "geometry": {"type": "Point", "coordinates": [-2.2402275, 48.6464384]}, "properties": {"id": "auto02858", "nom": "A2858", "auto": true, "z": 9.09, "saillie": 8.83}}, {"type": "Feature", "geometry": {"type": "Point", "coordinates": [-2.2394654, 48.6464359]}, "properties": {"id": "auto02859", "nom": "A2859", "auto": true, "z": 6.29, "saillie": 6.07}}, {"type": "Feature", "geometry": {"type": "Point", "coordinates": [-2.2461038, 48.6464318]}, "properties": {"id": "auto02860", "nom": "A2860", "auto": true, "z": 7.77, "saillie": 5.22}}, {"type": "Feature", "geometry": {"type": "Point", "coordinates": [-2.1254137, 48.6464273]}, "properties": {"id": "auto02861", "nom": "A2861", "auto": true, "z": -2.2, "saillie": 6.38}}, {"type": "Feature", "geometry": {"type": "Point", "coordinates": [-2.2455042, 48.6464222]}, "properties": {"id": "auto02862", "nom": "A2862", "auto": true, "z": 7.44, "saillie": 3.92}}, {"type": "Feature", "geometry": {"type": "Point", "coordinates": [-1.9908614, 48.6464141]}, "properties": {"id": "auto02863", "nom": "A2863", "auto": true, "z": 12.77, "saillie": 1.28}}, {"type": "Feature", "geometry": {"type": "Point", "coordinates": [-2.2632415, 48.6463962]}, "properties": {"id": "auto02864", "nom": "A2864", "auto": true, "z": -1.63, "saillie": 2.33}}, {"type": "Feature", "geometry": {"type": "Point", "coordinates": [-2.2611178, 48.6463819]}, "properties": {"id": "auto02865", "nom": "A2865", "auto": true, "z": -1.71, "saillie": 1.82}}, {"type": "Feature", "geometry": {"type": "Point", "coordinates": [-2.2530094, 48.6463796]}, "properties": {"id": "auto02866", "nom": "A2866", "auto": true, "z": 2.29, "saillie": 2.44}}, {"type": "Feature", "geometry": {"type": "Point", "coordinates": [-1.9962431, 48.6463685]}, "properties": {"id": "auto02867", "nom": "A2867", "auto": true, "z": 12.11, "saillie": 1.01}}, {"type": "Feature", "geometry": {"type": "Point", "coordinates": [-2.0620746, 48.6463624]}, "properties": {"id": "auto02868", "nom": "A2868", "auto": true, "z": -2.34, "saillie": 1.89}}, {"type": "Feature", "geometry": {"type": "Point", "coordinates": [-2.2564875, 48.6463342]}, "properties": {"id": "auto02869", "nom": "A2869", "auto": true, "z": -0.0, "saillie": 4.43}}, {"type": "Feature", "geometry": {"type": "Point", "coordinates": [-2.0982536, 48.6463322]}, "properties": {"id": "auto02870", "nom": "A2870", "auto": true, "z": 6.66, "saillie": 9.61}}, {"type": "Feature", "geometry": {"type": "Point", "coordinates": [-2.0543456, 48.6463304]}, "properties": {"id": "auto02871", "nom": "A2871", "auto": true, "z": 0.16, "saillie": 1.3}}, {"type": "Feature", "geometry": {"type": "Point", "coordinates": [-2.2559964, 48.6463198]}, "properties": {"id": "auto02872", "nom": "A2872", "auto": true, "z": -1.11, "saillie": 2.57}}, {"type": "Feature", "geometry": {"type": "Point", "coordinates": [-2.0651159, 48.6463051]}, "properties": {"id": "auto02873", "nom": "A2873", "auto": true, "z": -0.69, "saillie": 1.91}}, {"type": "Feature", "geometry": {"type": "Point", "coordinates": [-2.2547973, 48.6463006]}, "properties": {"id": "auto02874", "nom": "A2874", "auto": true, "z": 8.83, "saillie": 5.74}}, {"type": "Feature", "geometry": {"type": "Point", "coordinates": [-2.1135928, 48.6462869]}, "properties": {"id": "auto02875", "nom": "A2875", "auto": true, "z": 0.69, "saillie": 7.4}}, {"type": "Feature", "geometry": {"type": "Point", "coordinates": [-2.2438031, 48.6462808]}, "properties": {"id": "auto02876", "nom": "A2876", "auto": true, "z": 3.26, "saillie": 1.87}}, {"type": "Feature", "geometry": {"type": "Point", "coordinates": [-2.0692479, 48.6462734]}, "properties": {"id": "auto02877", "nom": "A2877", "auto": true, "z": -0.98, "saillie": 2.88}}, {"type": "Feature", "geometry": {"type": "Point", "coordinates": [-2.0122292, 48.6462731]}, "properties": {"id": "auto02878", "nom": "A2878", "auto": true, "z": 13.51, "saillie": 2.63}}, {"type": "Feature", "geometry": {"type": "Point", "coordinates": [-2.0916082, 48.6462561]}, "properties": {"id": "auto02879", "nom": "A2879", "auto": true, "z": -1.02, "saillie": 3.86}}, {"type": "Feature", "geometry": {"type": "Point", "coordinates": [-2.2656758, 48.6462524]}, "properties": {"id": "auto02880", "nom": "A2880", "auto": true, "z": 0.5, "saillie": 4.79}}, {"type": "Feature", "geometry": {"type": "Point", "coordinates": [-2.0970476, 48.6462396]}, "properties": {"id": "auto02881", "nom": "A2881", "auto": true, "z": -1.19, "saillie": 2.92}}, {"type": "Feature", "geometry": {"type": "Point", "coordinates": [-2.1337718, 48.6462113]}, "properties": {"id": "auto02882", "nom": "A2882", "auto": true, "z": 4.7, "saillie": 9.37}}, {"type": "Feature", "geometry": {"type": "Point", "coordinates": [-1.9906782, 48.6462055]}, "properties": {"id": "auto02883", "nom": "A2883", "auto": true, "z": 12.56, "saillie": 1.07}}, {"type": "Feature", "geometry": {"type": "Point", "coordinates": [-2.2406935, 48.6462015]}, "properties": {"id": "auto02884", "nom": "A2884", "auto": true, "z": 8.49, "saillie": 7.29}}, {"type": "Feature", "geometry": {"type": "Point", "coordinates": [-2.2480939, 48.6461999]}, "properties": {"id": "auto02885", "nom": "A2885", "auto": true, "z": 11.71, "saillie": 9.72}}, {"type": "Feature", "geometry": {"type": "Point", "coordinates": [-2.2429761, 48.6461731]}, "properties": {"id": "auto02886", "nom": "A2886", "auto": true, "z": 3.01, "saillie": 1.75}}, {"type": "Feature", "geometry": {"type": "Point", "coordinates": [-2.2571232, 48.6461618]}, "properties": {"id": "auto02887", "nom": "A2887", "auto": true, "z": -1.61, "saillie": 2.56}}, {"type": "Feature", "geometry": {"type": "Point", "coordinates": [-1.9900211, 48.6461609]}, "properties": {"id": "auto02888", "nom": "A2888", "auto": true, "z": 12.84, "saillie": 1.17}}, {"type": "Feature", "geometry": {"type": "Point", "coordinates": [-2.0636321, 48.6461519]}, "properties": {"id": "auto02889", "nom": "A2889", "auto": true, "z": -0.01, "saillie": 2.92}}, {"type": "Feature", "geometry": {"type": "Point", "coordinates": [-2.0510091, 48.6461476]}, "properties": {"id": "auto02890", "nom": "A2890", "auto": true, "z": -1.76, "saillie": 4.17}}, {"type": "Feature", "geometry": {"type": "Point", "coordinates": [-2.1329485, 48.6461386]}, "properties": {"id": "auto02891", "nom": "A2891", "auto": true, "z": -0.64, "saillie": 6.65}}, {"type": "Feature", "geometry": {"type": "Point", "coordinates": [-2.0641197, 48.6461312]}, "properties": {"id": "auto02892", "nom": "A2892", "auto": true, "z": -1.56, "saillie": 1.59}}, {"type": "Feature", "geometry": {"type": "Point", "coordinates": [-2.2456921, 48.6461255]}, "properties": {"id": "auto02893", "nom": "A2893", "auto": true, "z": 8.86, "saillie": 4.75}}, {"type": "Feature", "geometry": {"type": "Point", "coordinates": [-2.2450384, 48.6461182]}, "properties": {"id": "auto02894", "nom": "A2894", "auto": true, "z": 7.28, "saillie": 3.19}}, {"type": "Feature", "geometry": {"type": "Point", "coordinates": [-2.239433, 48.6461128]}, "properties": {"id": "auto02895", "nom": "A2895", "auto": true, "z": 2.0, "saillie": 8.58}}, {"type": "Feature", "geometry": {"type": "Point", "coordinates": [-2.2511855, 48.6460995]}, "properties": {"id": "auto02896", "nom": "A2896", "auto": true, "z": 3.02, "saillie": 3.52}}, {"type": "Feature", "geometry": {"type": "Point", "coordinates": [-2.0550292, 48.6460851]}, "properties": {"id": "auto02897", "nom": "A2897", "auto": true, "z": 0.82, "saillie": 1.11}}, {"type": "Feature", "geometry": {"type": "Point", "coordinates": [-2.2548839, 48.6460805]}, "properties": {"id": "auto02898", "nom": "A2898", "auto": true, "z": 6.75, "saillie": 4.47}}, {"type": "Feature", "geometry": {"type": "Point", "coordinates": [-2.0585651, 48.646079]}, "properties": {"id": "auto02899", "nom": "A2899", "auto": true, "z": 2.04, "saillie": 2.46}}, {"type": "Feature", "geometry": {"type": "Point", "coordinates": [-2.0654202, 48.6460758]}, "properties": {"id": "auto02900", "nom": "A2900", "auto": true, "z": -1.77, "saillie": 2.31}}, {"type": "Feature", "geometry": {"type": "Point", "coordinates": [-2.2592361, 48.6460685]}, "properties": {"id": "auto02901", "nom": "A2901", "auto": true, "z": 5.95, "saillie": 6.61}}, {"type": "Feature", "geometry": {"type": "Point", "coordinates": [-2.0691186, 48.6460626]}, "properties": {"id": "auto02902", "nom": "A2902", "auto": true, "z": -1.28, "saillie": 1.97}}, {"type": "Feature", "geometry": {"type": "Point", "coordinates": [-2.1131348, 48.6460542]}, "properties": {"id": "auto02903", "nom": "A2903", "auto": true, "z": 4.89, "saillie": 8.24}}, {"type": "Feature", "geometry": {"type": "Point", "coordinates": [-2.261302, 48.6460493]}, "properties": {"id": "auto02904", "nom": "A2904", "auto": true, "z": -0.75, "saillie": 2.3}}, {"type": "Feature", "geometry": {"type": "Point", "coordinates": [-2.2589074, 48.6460469]}, "properties": {"id": "auto02905", "nom": "A2905", "auto": true, "z": 4.14, "saillie": 6.22}}, {"type": "Feature", "geometry": {"type": "Point", "coordinates": [-2.0518149, 48.6460413]}, "properties": {"id": "auto02906", "nom": "A2906", "auto": true, "z": 0.2, "saillie": 2.46}}, {"type": "Feature", "geometry": {"type": "Point", "coordinates": [-1.9946881, 48.6460372]}, "properties": {"id": "auto02907", "nom": "A2907", "auto": true, "z": 12.61, "saillie": 1.4}}, {"type": "Feature", "geometry": {"type": "Point", "coordinates": [-2.0115514, 48.6460132]}, "properties": {"id": "auto02908", "nom": "A2908", "auto": true, "z": 13.3, "saillie": 7.42}}, {"type": "Feature", "geometry": {"type": "Point", "coordinates": [-2.1546444, 48.645994]}, "properties": {"id": "auto02909", "nom": "A2909", "auto": true, "z": 2.95, "saillie": 11.73}}, {"type": "Feature", "geometry": {"type": "Point", "coordinates": [-1.9969674, 48.6459776]}, "properties": {"id": "auto02910", "nom": "A2910", "auto": true, "z": 13.58, "saillie": 3.55}}, {"type": "Feature", "geometry": {"type": "Point", "coordinates": [-2.2597164, 48.6459751]}, "properties": {"id": "auto02911", "nom": "A2911", "auto": true, "z": 8.34, "saillie": 9.26}}, {"type": "Feature", "geometry": {"type": "Point", "coordinates": [-2.2544361, 48.645956]}, "properties": {"id": "auto02912", "nom": "A2912", "auto": true, "z": 6.16, "saillie": 1.54}}, {"type": "Feature", "geometry": {"type": "Point", "coordinates": [-2.2409933, 48.6459359]}, "properties": {"id": "auto02913", "nom": "A2913", "auto": true, "z": 10.56, "saillie": 7.33}}, {"type": "Feature", "geometry": {"type": "Point", "coordinates": [-2.0969619, 48.6459188]}, "properties": {"id": "auto02914", "nom": "A2914", "auto": true, "z": 2.5, "saillie": 6.97}}, {"type": "Feature", "geometry": {"type": "Point", "coordinates": [-1.9904848, 48.6458891]}, "properties": {"id": "auto02915", "nom": "A2915", "auto": true, "z": 12.93, "saillie": 1.36}}, {"type": "Feature", "geometry": {"type": "Point", "coordinates": [-2.264166, 48.6458505]}, "properties": {"id": "auto02916", "nom": "A2916", "auto": true, "z": -0.71, "saillie": 2.17}}, {"type": "Feature", "geometry": {"type": "Point", "coordinates": [-2.0695312, 48.6458287]}, "properties": {"id": "auto02917", "nom": "A2917", "auto": true, "z": -1.68, "saillie": 2.44}}, {"type": "Feature", "geometry": {"type": "Point", "coordinates": [-2.0510862, 48.6458199]}, "properties": {"id": "auto02918", "nom": "A2918", "auto": true, "z": -0.82, "saillie": 3.46}}, {"type": "Feature", "geometry": {"type": "Point", "coordinates": [-1.9960798, 48.6457985]}, "properties": {"id": "auto02919", "nom": "A2919", "auto": true, "z": 11.87, "saillie": 1.42}}, {"type": "Feature", "geometry": {"type": "Point", "coordinates": [-2.2453852, 48.6457784]}, "properties": {"id": "auto02920", "nom": "A2920", "auto": true, "z": 9.27, "saillie": 3.57}}, {"type": "Feature", "geometry": {"type": "Point", "coordinates": [-2.0309511, 48.6457715]}, "properties": {"id": "auto02921", "nom": "A2921", "auto": true, "z": 3.21, "saillie": 1.86}}, {"type": "Feature", "geometry": {"type": "Point", "coordinates": [-2.1340003, 48.6457687]}, "properties": {"id": "auto02922", "nom": "A2922", "auto": true, "z": 9.84, "saillie": 9.94}}, {"type": "Feature", "geometry": {"type": "Point", "coordinates": [-1.9910672, 48.6457205]}, "properties": {"id": "auto02923", "nom": "A2923", "auto": true, "z": 12.84, "saillie": 1.15}}, {"type": "Feature", "geometry": {"type": "Point", "coordinates": [-2.254902, 48.6457191]}, "properties": {"id": "auto02924", "nom": "A2924", "auto": true, "z": 6.88, "saillie": 3.74}}, {"type": "Feature", "geometry": {"type": "Point", "coordinates": [-2.1125578, 48.6457184]}, "properties": {"id": "auto02925", "nom": "A2925", "auto": true, "z": 8.7, "saillie": 6.69}}, {"type": "Feature", "geometry": {"type": "Point", "coordinates": [-1.993079, 48.6457082]}, "properties": {"id": "auto02926", "nom": "A2926", "auto": true, "z": 12.53, "saillie": 1.12}}, {"type": "Feature", "geometry": {"type": "Point", "coordinates": [-2.0768634, 48.6456963]}, "properties": {"id": "auto02927", "nom": "A2927", "auto": true, "z": -1.3, "saillie": 1.04}}, {"type": "Feature", "geometry": {"type": "Point", "coordinates": [-2.1332854, 48.6456914]}, "properties": {"id": "auto02928", "nom": "A2928", "auto": true, "z": 5.89, "saillie": 6.09}}, {"type": "Feature", "geometry": {"type": "Point", "coordinates": [-2.0731615, 48.645674]}, "properties": {"id": "auto02929", "nom": "A2929", "auto": true, "z": -1.25, "saillie": 1.35}}, {"type": "Feature", "geometry": {"type": "Point", "coordinates": [-2.26491, 48.6456733]}, "properties": {"id": "auto02930", "nom": "A2930", "auto": true, "z": 4.73, "saillie": 6.33}}, {"type": "Feature", "geometry": {"type": "Point", "coordinates": [-1.9956326, 48.6456731]}, "properties": {"id": "auto02931", "nom": "A2931", "auto": true, "z": 12.03, "saillie": 1.05}}, {"type": "Feature", "geometry": {"type": "Point", "coordinates": [-1.9905184, 48.6456714]}, "properties": {"id": "auto02932", "nom": "A2932", "auto": true, "z": 13.13, "saillie": 1.34}}, {"type": "Feature", "geometry": {"type": "Point", "coordinates": [-2.0976994, 48.6456709]}, "properties": {"id": "auto02933", "nom": "A2933", "auto": true, "z": 1.7, "saillie": 5.09}}, {"type": "Feature", "geometry": {"type": "Point", "coordinates": [-2.2545697, 48.6456616]}, "properties": {"id": "auto02934", "nom": "A2934", "auto": true, "z": 6.27, "saillie": 1.01}}, {"type": "Feature", "geometry": {"type": "Point", "coordinates": [-2.2443378, 48.6456443]}, "properties": {"id": "auto02935", "nom": "A2935", "auto": true, "z": 4.99, "saillie": 2.34}}, {"type": "Feature", "geometry": {"type": "Point", "coordinates": [-1.9942676, 48.6456223]}, "properties": {"id": "auto02936", "nom": "A2936", "auto": true, "z": 12.33, "saillie": 1.02}}, {"type": "Feature", "geometry": {"type": "Point", "coordinates": [-2.242048, 48.6456009]}, "properties": {"id": "auto02937", "nom": "A2937", "auto": true, "z": 11.59, "saillie": 8.49}}, {"type": "Feature", "geometry": {"type": "Point", "coordinates": [-2.1142304, 48.6455745]}, "properties": {"id": "auto02938", "nom": "A2938", "auto": true, "z": -0.47, "saillie": 4.73}}, {"type": "Feature", "geometry": {"type": "Point", "coordinates": [-2.2618509, 48.6455562]}, "properties": {"id": "auto02939", "nom": "A2939", "auto": true, "z": 0.98, "saillie": 3.71}}, {"type": "Feature", "geometry": {"type": "Point", "coordinates": [-2.0060098, 48.6455254]}, "properties": {"id": "auto02940", "nom": "A2940", "auto": true, "z": 13.26, "saillie": 1.19}}, {"type": "Feature", "geometry": {"type": "Point", "coordinates": [-2.2556424, 48.6455061]}, "properties": {"id": "auto02941", "nom": "A2941", "auto": true, "z": 5.85, "saillie": 4.72}}, {"type": "Feature", "geometry": {"type": "Point", "coordinates": [-2.2608107, 48.645494]}, "properties": {"id": "auto02942", "nom": "A2942", "auto": true, "z": 6.06, "saillie": 7.79}}, {"type": "Feature", "geometry": {"type": "Point", "coordinates": [-2.1329898, 48.6454518]}, "properties": {"id": "auto02943", "nom": "A2943", "auto": true, "z": 5.86, "saillie": 6.16}}, {"type": "Feature", "geometry": {"type": "Point", "coordinates": [-2.2448074, 48.6454433]}, "properties": {"id": "auto02944", "nom": "A2944", "auto": true, "z": 6.98, "saillie": 3.15}}, {"type": "Feature", "geometry": {"type": "Point", "coordinates": [-2.0780887, 48.6454277]}, "properties": {"id": "auto02945", "nom": "A2945", "auto": true, "z": -1.27, "saillie": 1.55}}, {"type": "Feature", "geometry": {"type": "Point", "coordinates": [-2.0314076, 48.6454277]}, "properties": {"id": "auto02946", "nom": "A2946", "auto": true, "z": 3.06, "saillie": 1.72}}, {"type": "Feature", "geometry": {"type": "Point", "coordinates": [-2.1324951, 48.645401]}, "properties": {"id": "auto02947", "nom": "A2947", "auto": true, "z": 7.01, "saillie": 9.04}}, {"type": "Feature", "geometry": {"type": "Point", "coordinates": [-2.2653723, 48.6454004]}, "properties": {"id": "auto02948", "nom": "A2948", "auto": true, "z": 1.02, "saillie": 4.38}}, {"type": "Feature", "geometry": {"type": "Point", "coordinates": [-2.004963, 48.6453892]}, "properties": {"id": "auto02949", "nom": "A2949", "auto": true, "z": 12.29, "saillie": 1.06}}, {"type": "Feature", "geometry": {"type": "Point", "coordinates": [-2.0774857, 48.6453814]}, "properties": {"id": "auto02950", "nom": "A2950", "auto": true, "z": -1.39, "saillie": 1.25}}, {"type": "Feature", "geometry": {"type": "Point", "coordinates": [-2.0648087, 48.6453808]}, "properties": {"id": "auto02951", "nom": "A2951", "auto": true, "z": -2.48, "saillie": 1.51}}, {"type": "Feature", "geometry": {"type": "Point", "coordinates": [-2.1139926, 48.6453683]}, "properties": {"id": "auto02952", "nom": "A2952", "auto": true, "z": -0.26, "saillie": 2.44}}, {"type": "Feature", "geometry": {"type": "Point", "coordinates": [-2.0524026, 48.6453674]}, "properties": {"id": "auto02953", "nom": "A2953", "auto": true, "z": 1.86, "saillie": 2.42}}, {"type": "Feature", "geometry": {"type": "Point", "coordinates": [-2.2442006, 48.6453619]}, "properties": {"id": "auto02954", "nom": "A2954", "auto": true, "z": 6.08, "saillie": 2.85}}, {"type": "Feature", "geometry": {"type": "Point", "coordinates": [-2.0979388, 48.6453361]}, "properties": {"id": "auto02955", "nom": "A2955", "auto": true, "z": 2.2, "saillie": 5.85}}, {"type": "Feature", "geometry": {"type": "Point", "coordinates": [-2.2517599, 48.6453169]}, "properties": {"id": "auto02956", "nom": "A2956", "auto": true, "z": 7.82, "saillie": 2.9}}, {"type": "Feature", "geometry": {"type": "Point", "coordinates": [-2.1333008, 48.6452941]}, "properties": {"id": "auto02957", "nom": "A2957", "auto": true, "z": 6.22, "saillie": 5.56}}, {"type": "Feature", "geometry": {"type": "Point", "coordinates": [-2.0065852, 48.6452849]}, "properties": {"id": "auto02958", "nom": "A2958", "auto": true, "z": 13.41, "saillie": 1.2}}, {"type": "Feature", "geometry": {"type": "Point", "coordinates": [-2.0743694, 48.6452259]}, "properties": {"id": "auto02959", "nom": "A2959", "auto": true, "z": -2.04, "saillie": 1.12}}, {"type": "Feature", "geometry": {"type": "Point", "coordinates": [-2.1231703, 48.6451899]}, "properties": {"id": "auto02960", "nom": "A2960", "auto": true, "z": -1.63, "saillie": 6.31}}, {"type": "Feature", "geometry": {"type": "Point", "coordinates": [-2.0046173, 48.6451874]}, "properties": {"id": "auto02961", "nom": "A2961", "auto": true, "z": 12.48, "saillie": 1.21}}, {"type": "Feature", "geometry": {"type": "Point", "coordinates": [-2.0527104, 48.6451741]}, "properties": {"id": "auto02962", "nom": "A2962", "auto": true, "z": 2.6, "saillie": 2.12}}, {"type": "Feature", "geometry": {"type": "Point", "coordinates": [-2.2514168, 48.6451518]}, "properties": {"id": "auto02963", "nom": "A2963", "auto": true, "z": 10.27, "saillie": 4.24}}, {"type": "Feature", "geometry": {"type": "Point", "coordinates": [-2.003906, 48.6451453]}, "properties": {"id": "auto02964", "nom": "A2964", "auto": true, "z": 11.95, "saillie": 1.46}}, {"type": "Feature", "geometry": {"type": "Point", "coordinates": [-2.1119563, 48.6451314]}, "properties": {"id": "auto02965", "nom": "A2965", "auto": true, "z": 9.7, "saillie": 8.79}}, {"type": "Feature", "geometry": {"type": "Point", "coordinates": [-2.0250127, 48.6451211]}, "properties": {"id": "auto02966", "nom": "A2966", "auto": true, "z": 11.54, "saillie": 16.12}}, {"type": "Feature", "geometry": {"type": "Point", "coordinates": [-2.0829547, 48.6451118]}, "properties": {"id": "auto02967", "nom": "A2967", "auto": true, "z": -2.19, "saillie": 1.5}}, {"type": "Feature", "geometry": {"type": "Point", "coordinates": [-2.2548406, 48.6451088]}, "properties": {"id": "auto02968", "nom": "A2968", "auto": true, "z": 9.75, "saillie": 4.19}}, {"type": "Feature", "geometry": {"type": "Point", "coordinates": [-2.255711, 48.6451064]}, "properties": {"id": "auto02969", "nom": "A2969", "auto": true, "z": 7.18, "saillie": 2.62}}, {"type": "Feature", "geometry": {"type": "Point", "coordinates": [-2.1143473, 48.6451007]}, "properties": {"id": "auto02970", "nom": "A2970", "auto": true, "z": 1.34, "saillie": 3.71}}, {"type": "Feature", "geometry": {"type": "Point", "coordinates": [-2.1373066, 48.6450852]}, "properties": {"id": "auto02971", "nom": "A2971", "auto": true, "z": -1.65, "saillie": 7.46}}, {"type": "Feature", "geometry": {"type": "Point", "coordinates": [-2.2440093, 48.6450818]}, "properties": {"id": "auto02972", "nom": "A2972", "auto": true, "z": 8.16, "saillie": 3.46}}, {"type": "Feature", "geometry": {"type": "Point", "coordinates": [-2.0126574, 48.6450654]}, "properties": {"id": "auto02973", "nom": "A2973", "auto": true, "z": 8.5, "saillie": 1.21}}, {"type": "Feature", "geometry": {"type": "Point", "coordinates": [-2.0824059, 48.6450632]}, "properties": {"id": "auto02974", "nom": "A2974", "auto": true, "z": -2.23, "saillie": 1.44}}, {"type": "Feature", "geometry": {"type": "Point", "coordinates": [-2.0723944, 48.6450577]}, "properties": {"id": "auto02975", "nom": "A2975", "auto": true, "z": -0.84, "saillie": 2.21}}, {"type": "Feature", "geometry": {"type": "Point", "coordinates": [-2.1138526, 48.6450499]}, "properties": {"id": "auto02976", "nom": "A2976", "auto": true, "z": 5.73, "saillie": 7.27}}, {"type": "Feature", "geometry": {"type": "Point", "coordinates": [-2.0727737, 48.6450415]}, "properties": {"id": "auto02977", "nom": "A2977", "auto": true, "z": 1.23, "saillie": 3.79}}, {"type": "Feature", "geometry": {"type": "Point", "coordinates": [-2.1333303, 48.6450405]}, "properties": {"id": "auto02978", "nom": "A2978", "auto": true, "z": 5.57, "saillie": 6.55}}, {"type": "Feature", "geometry": {"type": "Point", "coordinates": [-2.0982359, 48.645035]}, "properties": {"id": "auto02979", "nom": "A2979", "auto": true, "z": -1.05, "saillie": 2.44}}, {"type": "Feature", "geometry": {"type": "Point", "coordinates": [-2.1228276, 48.6450244]}, "properties": {"id": "auto02980", "nom": "A2980", "auto": true, "z": -2.47, "saillie": 4.84}}, {"type": "Feature", "geometry": {"type": "Point", "coordinates": [-2.265932, 48.6450151]}, "properties": {"id": "auto02981", "nom": "A2981", "auto": true, "z": 4.0, "saillie": 5.88}}, {"type": "Feature", "geometry": {"type": "Point", "coordinates": [-2.265495, 48.6449983]}, "properties": {"id": "auto02982", "nom": "A2982", "auto": true, "z": 5.35, "saillie": 6.83}}, {"type": "Feature", "geometry": {"type": "Point", "coordinates": [-2.1344681, 48.6449914]}, "properties": {"id": "auto02983", "nom": "A2983", "auto": true, "z": 1.71, "saillie": 7.69}}, {"type": "Feature", "geometry": {"type": "Point", "coordinates": [-2.0071537, 48.6449726]}, "properties": {"id": "auto02984", "nom": "A2984", "auto": true, "z": 13.59, "saillie": 1.2}}, {"type": "Feature", "geometry": {"type": "Point", "coordinates": [-2.2432364, 48.6449716]}, "properties": {"id": "auto02985", "nom": "A2985", "auto": true, "z": 12.12, "saillie": 6.88}}, {"type": "Feature", "geometry": {"type": "Point", "coordinates": [-2.0515482, 48.644971]}, "properties": {"id": "auto02986", "nom": "A2986", "auto": true, "z": 1.55, "saillie": 2.69}}, {"type": "Feature", "geometry": {"type": "Point", "coordinates": [-2.2663582, 48.6449241]}, "properties": {"id": "auto02987", "nom": "A2987", "auto": true, "z": 1.25, "saillie": 4.51}}, {"type": "Feature", "geometry": {"type": "Point", "coordinates": [-2.2447533, 48.6449048]}, "properties": {"id": "auto02988", "nom": "A2988", "auto": true, "z": 10.53, "saillie": 5.11}}, {"type": "Feature", "geometry": {"type": "Point", "coordinates": [-2.0737385, 48.6448922]}, "properties": {"id": "auto02989", "nom": "A2989", "auto": true, "z": -0.74, "saillie": 1.86}}, {"type": "Feature", "geometry": {"type": "Point", "coordinates": [-2.1326083, 48.6448913]}, "properties": {"id": "auto02990", "nom": "A2990", "auto": true, "z": 2.68, "saillie": 4.54}}, {"type": "Feature", "geometry": {"type": "Point", "coordinates": [-2.1319004, 48.6448858]}, "properties": {"id": "auto02991", "nom": "A2991", "auto": true, "z": 0.12, "saillie": 6.9}}, {"type": "Feature", "geometry": {"type": "Point", "coordinates": [-2.0520289, 48.6448785]}, "properties": {"id": "auto02992", "nom": "A2992", "auto": true, "z": 2.99, "saillie": 3.18}}, {"type": "Feature", "geometry": {"type": "Point", "coordinates": [-2.1086668, 48.644876]}, "properties": {"id": "auto02993", "nom": "A2993", "auto": true, "z": -0.05, "saillie": 1.45}}, {"type": "Feature", "geometry": {"type": "Point", "coordinates": [-2.2581345, 48.6448551]}, "properties": {"id": "auto02994", "nom": "A2994", "auto": true, "z": 6.89, "saillie": 4.88}}, {"type": "Feature", "geometry": {"type": "Point", "coordinates": [-2.1136113, 48.6448079]}, "properties": {"id": "auto02995", "nom": "A2995", "auto": true, "z": 6.06, "saillie": 4.86}}, {"type": "Feature", "geometry": {"type": "Point", "coordinates": [-2.0901609, 48.6448038]}, "properties": {"id": "auto02996", "nom": "A2996", "auto": true, "z": -1.85, "saillie": 2.46}}, {"type": "Feature", "geometry": {"type": "Point", "coordinates": [-2.2587809, 48.6447905]}, "properties": {"id": "auto02997", "nom": "A2997", "auto": true, "z": 9.6, "saillie": 4.72}}, {"type": "Feature", "geometry": {"type": "Point", "coordinates": [-2.2659067, 48.6447638]}, "properties": {"id": "auto02998", "nom": "A2998", "auto": true, "z": 4.02, "saillie": 5.41}}, {"type": "Feature", "geometry": {"type": "Point", "coordinates": [-2.0726374, 48.6447589]}, "properties": {"id": "auto02999", "nom": "A2999", "auto": true, "z": 3.21, "saillie": 4.86}}, {"type": "Feature", "geometry": {"type": "Point", "coordinates": [-2.0829739, 48.6447505]}, "properties": {"id": "auto03000", "nom": "A3000", "auto": true, "z": -2.48, "saillie": 1.08}}, {"type": "Feature", "geometry": {"type": "Point", "coordinates": [-2.0125722, 48.6447445]}, "properties": {"id": "auto03001", "nom": "A3001", "auto": true, "z": 9.41, "saillie": 1.68}}, {"type": "Feature", "geometry": {"type": "Point", "coordinates": [-2.1081074, 48.6447198]}, "properties": {"id": "auto03002", "nom": "A3002", "auto": true, "z": -0.64, "saillie": 1.47}}, {"type": "Feature", "geometry": {"type": "Point", "coordinates": [-2.0983127, 48.6447072]}, "properties": {"id": "auto03003", "nom": "A3003", "auto": true, "z": 1.78, "saillie": 4.93}}, {"type": "Feature", "geometry": {"type": "Point", "coordinates": [-2.1143086, 48.6447058]}, "properties": {"id": "auto03004", "nom": "A3004", "auto": true, "z": 6.26, "saillie": 6.21}}, {"type": "Feature", "geometry": {"type": "Point", "coordinates": [-2.0977132, 48.6446968]}, "properties": {"id": "auto03005", "nom": "A3005", "auto": true, "z": 4.62, "saillie": 7.88}}, {"type": "Feature", "geometry": {"type": "Point", "coordinates": [-2.1575074, 48.64468]}, "properties": {"id": "auto03006", "nom": "A3006", "auto": true, "z": 1.79, "saillie": 9.43}}, {"type": "Feature", "geometry": {"type": "Point", "coordinates": [-2.2624142, 48.6446659]}, "properties": {"id": "auto03007", "nom": "A3007", "auto": true, "z": 6.5, "saillie": 7.82}}, {"type": "Feature", "geometry": {"type": "Point", "coordinates": [-2.0740427, 48.6446629]}, "properties": {"id": "auto03008", "nom": "A3008", "auto": true, "z": -1.67, "saillie": 1.0}}, {"type": "Feature", "geometry": {"type": "Point", "coordinates": [-2.0521165, 48.6446585]}, "properties": {"id": "auto03009", "nom": "A3009", "auto": true, "z": 3.94, "saillie": 3.69}}, {"type": "Feature", "geometry": {"type": "Point", "coordinates": [-2.0258382, 48.6446536]}, "properties": {"id": "auto03010", "nom": "A3010", "auto": true, "z": -1.06, "saillie": 1.36}}, {"type": "Feature", "geometry": {"type": "Point", "coordinates": [-2.2662209, 48.6446417]}, "properties": {"id": "auto03011", "nom": "A3011", "auto": true, "z": 2.32, "saillie": 4.73}}, {"type": "Feature", "geometry": {"type": "Point", "coordinates": [-2.0509717, 48.644635]}, "properties": {"id": "auto03012", "nom": "A3012", "auto": true, "z": 0.2, "saillie": 1.79}}, {"type": "Feature", "geometry": {"type": "Point", "coordinates": [-2.2561517, 48.6446182]}, "properties": {"id": "auto03013", "nom": "A3013", "auto": true, "z": 8.58, "saillie": 4.03}}, {"type": "Feature", "geometry": {"type": "Point", "coordinates": [-2.0730027, 48.6445991]}, "properties": {"id": "auto03014", "nom": "A3014", "auto": true, "z": 6.19, "saillie": 6.97}}, {"type": "Feature", "geometry": {"type": "Point", "coordinates": [-2.122677, 48.6445982]}, "properties": {"id": "auto03015", "nom": "A3015", "auto": true, "z": 0.68, "saillie": 5.89}}, {"type": "Feature", "geometry": {"type": "Point", "coordinates": [-2.025452, 48.6445978]}, "properties": {"id": "auto03016", "nom": "A3016", "auto": true, "z": 2.59, "saillie": 4.59}}, {"type": "Feature", "geometry": {"type": "Point", "coordinates": [-2.1134818, 48.6445971]}, "properties": {"id": "auto03017", "nom": "A3017", "auto": true, "z": 7.21, "saillie": 4.56}}, {"type": "Feature", "geometry": {"type": "Point", "coordinates": [-2.1571681, 48.6445505]}, "properties": {"id": "auto03018", "nom": "A3018", "auto": true, "z": 0.9, "saillie": 7.09}}, {"type": "Feature", "geometry": {"type": "Point", "coordinates": [-2.1331184, 48.6445448]}, "properties": {"id": "auto03019", "nom": "A3019", "auto": true, "z": 3.21, "saillie": 5.59}}, {"type": "Feature", "geometry": {"type": "Point", "coordinates": [-2.1004729, 48.6445425]}, "properties": {"id": "auto03020", "nom": "A3020", "auto": true, "z": -2.28, "saillie": 1.87}}, {"type": "Feature", "geometry": {"type": "Point", "coordinates": [-2.0715259, 48.6445178]}, "properties": {"id": "auto03021", "nom": "A3021", "auto": true, "z": -0.67, "saillie": 2.38}}, {"type": "Feature", "geometry": {"type": "Point", "coordinates": [-2.1140166, 48.644502]}, "properties": {"id": "auto03022", "nom": "A3022", "auto": true, "z": 6.17, "saillie": 4.46}}, {"type": "Feature", "geometry": {"type": "Point", "coordinates": [-2.0532946, 48.6444642]}, "properties": {"id": "auto03023", "nom": "A3023", "auto": true, "z": 1.8, "saillie": 1.28}}, {"type": "Feature", "geometry": {"type": "Point", "coordinates": [-2.1219551, 48.644449]}, "properties": {"id": "auto03024", "nom": "A3024", "auto": true, "z": 0.24, "saillie": 5.88}}, {"type": "Feature", "geometry": {"type": "Point", "coordinates": [-2.0543241, 48.6444205]}, "properties": {"id": "auto03025", "nom": "A3025", "auto": true, "z": 1.97, "saillie": 1.26}}, {"type": "Feature", "geometry": {"type": "Point", "coordinates": [-2.2427454, 48.6444163]}, "properties": {"id": "auto03026", "nom": "A3026", "auto": true, "z": 12.13, "saillie": 11.27}}, {"type": "Feature", "geometry": {"type": "Point", "coordinates": [-2.098393, 48.6444153]}, "properties": {"id": "auto03027", "nom": "A3027", "auto": true, "z": 4.98, "saillie": 7.71}}, {"type": "Feature", "geometry": {"type": "Point", "coordinates": [-2.0977393, 48.6444072]}, "properties": {"id": "auto03028", "nom": "A3028", "auto": true, "z": 9.08, "saillie": 10.33}}, {"type": "Feature", "geometry": {"type": "Point", "coordinates": [-2.0720572, 48.644387]}, "properties": {"id": "auto03029", "nom": "A3029", "auto": true, "z": 0.69, "saillie": 2.34}}, {"type": "Feature", "geometry": {"type": "Point", "coordinates": [-2.0254855, 48.6443801]}, "properties": {"id": "auto03030", "nom": "A3030", "auto": true, "z": 2.54, "saillie": 4.27}}, {"type": "Feature", "geometry": {"type": "Point", "coordinates": [-2.2566717, 48.6443788]}, "properties": {"id": "auto03031", "nom": "A3031", "auto": true, "z": 7.45, "saillie": 2.82}}, {"type": "Feature", "geometry": {"type": "Point", "coordinates": [-2.2583584, 48.6443764]}, "properties": {"id": "auto03032", "nom": "A3032", "auto": true, "z": 11.57, "saillie": 5.04}}, {"type": "Feature", "geometry": {"type": "Point", "coordinates": [-2.1068768, 48.644376]}, "properties": {"id": "auto03033", "nom": "A3033", "auto": true, "z": 7.06, "saillie": 9.9}}, {"type": "Feature", "geometry": {"type": "Point", "coordinates": [-2.1239056, 48.644365]}, "properties": {"id": "auto03034", "nom": "A3034", "auto": true, "z": -2.41, "saillie": 5.3}}, {"type": "Feature", "geometry": {"type": "Point", "coordinates": [-2.0820109, 48.6443589]}, "properties": {"id": "auto03035", "nom": "A3035", "auto": true, "z": -2.18, "saillie": 1.23}}, {"type": "Feature", "geometry": {"type": "Point", "coordinates": [-2.0260273, 48.6443572]}, "properties": {"id": "auto03036", "nom": "A3036", "auto": true, "z": -1.51, "saillie": 1.22}}, {"type": "Feature", "geometry": {"type": "Point", "coordinates": [-2.0828778, 48.6443219]}, "properties": {"id": "auto03037", "nom": "A3037", "auto": true, "z": -2.0, "saillie": 1.45}}, {"type": "Feature", "geometry": {"type": "Point", "coordinates": [-2.1225947, 48.6443133]}, "properties": {"id": "auto03038", "nom": "A3038", "auto": true, "z": 0.88, "saillie": 6.45}}, {"type": "Feature", "geometry": {"type": "Point", "coordinates": [-2.133202, 48.6442888]}, "properties": {"id": "auto03039", "nom": "A3039", "auto": true, "z": 4.54, "saillie": 6.91}}, {"type": "Feature", "geometry": {"type": "Point", "coordinates": [-2.1139378, 48.644253]}, "properties": {"id": "auto03040", "nom": "A3040", "auto": true, "z": 12.31, "saillie": 10.2}}, {"type": "Feature", "geometry": {"type": "Point", "coordinates": [-2.1564248, 48.6441861]}, "properties": {"id": "auto03041", "nom": "A3041", "auto": true, "z": 2.74, "saillie": 4.46}}, {"type": "Feature", "geometry": {"type": "Point", "coordinates": [-2.1173041, 48.6441804]}, "properties": {"id": "auto03042", "nom": "A3042", "auto": true, "z": -1.65, "saillie": 2.98}}, {"type": "Feature", "geometry": {"type": "Point", "coordinates": [-2.1568582, 48.6441673]}, "properties": {"id": "auto03043", "nom": "A3043", "auto": true, "z": 5.41, "saillie": 7.01}}, {"type": "Feature", "geometry": {"type": "Point", "coordinates": [-2.1221978, 48.6441501]}, "properties": {"id": "auto03044", "nom": "A3044", "auto": true, "z": -0.16, "saillie": 5.44}}, {"type": "Feature", "geometry": {"type": "Point", "coordinates": [-2.0519018, 48.6441268]}, "properties": {"id": "auto03045", "nom": "A3045", "auto": true, "z": 1.82, "saillie": 1.12}}, {"type": "Feature", "geometry": {"type": "Point", "coordinates": [-2.0277981, 48.6441021]}, "properties": {"id": "auto03046", "nom": "A3046", "auto": true, "z": 3.79, "saillie": 2.48}}, {"type": "Feature", "geometry": {"type": "Point", "coordinates": [-2.1326391, 48.6440968]}, "properties": {"id": "auto03047", "nom": "A3047", "auto": true, "z": 8.61, "saillie": 11.58}}, {"type": "Feature", "geometry": {"type": "Point", "coordinates": [-2.0256746, 48.6440837]}, "properties": {"id": "auto03048", "nom": "A3048", "auto": true, "z": -1.43, "saillie": 1.05}}, {"type": "Feature", "geometry": {"type": "Point", "coordinates": [-2.054181, 48.6440661]}, "properties": {"id": "auto03049", "nom": "A3049", "auto": true, "z": 2.08, "saillie": 1.91}}, {"type": "Feature", "geometry": {"type": "Point", "coordinates": [-2.097755, 48.64401]}, "properties": {"id": "auto03050", "nom": "A3050", "auto": true, "z": 4.03, "saillie": 5.94}}, {"type": "Feature", "geometry": {"type": "Point", "coordinates": [-2.0530327, 48.6440067]}, "properties": {"id": "auto03051", "nom": "A3051", "auto": true, "z": 3.99, "saillie": 2.87}}, {"type": "Feature", "geometry": {"type": "Point", "coordinates": [-2.1564036, 48.6439707]}, "properties": {"id": "auto03052", "nom": "A3052", "auto": true, "z": 2.77, "saillie": 5.32}}, {"type": "Feature", "geometry": {"type": "Point", "coordinates": [-2.1166835, 48.6439547]}, "properties": {"id": "auto03053", "nom": "A3053", "auto": true, "z": -1.8, "saillie": 2.06}}, {"type": "Feature", "geometry": {"type": "Point", "coordinates": [-2.029796, 48.6439456]}, "properties": {"id": "auto03054", "nom": "A3054", "auto": true, "z": 5.64, "saillie": 2.06}}, {"type": "Feature", "geometry": {"type": "Point", "coordinates": [-2.1338204, 48.6439376]}, "properties": {"id": "auto03055", "nom": "A3055", "auto": true, "z": 3.93, "saillie": 9.56}}, {"type": "Feature", "geometry": {"type": "Point", "coordinates": [-2.1021, 48.6439319]}, "properties": {"id": "auto03056", "nom": "A3056", "auto": true, "z": -1.39, "saillie": 2.75}}, {"type": "Feature", "geometry": {"type": "Point", "coordinates": [-2.1334377, 48.6439181]}, "properties": {"id": "auto03057", "nom": "A3057", "auto": true, "z": 5.48, "saillie": 8.95}}, {"type": "Feature", "geometry": {"type": "Point", "coordinates": [-2.1017714, 48.6439099]}, "properties": {"id": "auto03058", "nom": "A3058", "auto": true, "z": 1.19, "saillie": 5.35}}, {"type": "Feature", "geometry": {"type": "Point", "coordinates": [-2.1102044, 48.6439086]}, "properties": {"id": "auto03059", "nom": "A3059", "auto": true, "z": 2.56, "saillie": 3.26}}, {"type": "Feature", "geometry": {"type": "Point", "coordinates": [-2.0972534, 48.6438872]}, "properties": {"id": "auto03060", "nom": "A3060", "auto": true, "z": 1.93, "saillie": 3.83}}, {"type": "Feature", "geometry": {"type": "Point", "coordinates": [-2.0806582, 48.6438759]}, "properties": {"id": "auto03061", "nom": "A3061", "auto": true, "z": -2.22, "saillie": 1.12}}, {"type": "Feature", "geometry": {"type": "Point", "coordinates": [-2.1214076, 48.6438596]}, "properties": {"id": "auto03062", "nom": "A3062", "auto": true, "z": -2.45, "saillie": 3.18}}, {"type": "Feature", "geometry": {"type": "Point", "coordinates": [-2.1328311, 48.6438361]}, "properties": {"id": "auto03063", "nom": "A3063", "auto": true, "z": 5.64, "saillie": 7.93}}, {"type": "Feature", "geometry": {"type": "Point", "coordinates": [-2.1174314, 48.6438144]}, "properties": {"id": "auto03064", "nom": "A3064", "auto": true, "z": -1.6, "saillie": 1.95}}, {"type": "Feature", "geometry": {"type": "Point", "coordinates": [-2.0742299, 48.6437897]}, "properties": {"id": "auto03065", "nom": "A3065", "auto": true, "z": 9.09, "saillie": 8.27}}, {"type": "Feature", "geometry": {"type": "Point", "coordinates": [-2.1071458, 48.6437876]}, "properties": {"id": "auto03066", "nom": "A3066", "auto": true, "z": 10.07, "saillie": 11.45}}, {"type": "Feature", "geometry": {"type": "Point", "coordinates": [-2.0258637, 48.6437873]}, "properties": {"id": "auto03067", "nom": "A3067", "auto": true, "z": -1.45, "saillie": 1.34}}, {"type": "Feature", "geometry": {"type": "Point", "coordinates": [-2.2636854, 48.6437803]}, "properties": {"id": "auto03068", "nom": "A3068", "auto": true, "z": 11.19, "saillie": 10.1}}, {"type": "Feature", "geometry": {"type": "Point", "coordinates": [-2.1106815, 48.64378]}, "properties": {"id": "auto03069", "nom": "A3069", "auto": true, "z": 9.54, "saillie": 9.4}}, {"type": "Feature", "geometry": {"type": "Point", "coordinates": [-2.0965892, 48.6437715]}, "properties": {"id": "auto03070", "nom": "A3070", "auto": true, "z": 2.54, "saillie": 5.67}}, {"type": "Feature", "geometry": {"type": "Point", "coordinates": [-2.107525, 48.6437713]}, "properties": {"id": "auto03071", "nom": "A3071", "auto": true, "z": 10.14, "saillie": 9.56}}, {"type": "Feature", "geometry": {"type": "Point", "coordinates": [-2.2651444, 48.6436797]}, "properties": {"id": "auto03072", "nom": "A3072", "auto": true, "z": 0.47, "saillie": 1.93}}, {"type": "Feature", "geometry": {"type": "Point", "coordinates": [-2.079496, 48.6436731]}, "properties": {"id": "auto03073", "nom": "A3073", "auto": true, "z": -1.22, "saillie": 1.68}}, {"type": "Feature", "geometry": {"type": "Point", "coordinates": [-2.1150159, 48.6435937]}, "properties": {"id": "auto03074", "nom": "A3074", "auto": true, "z": 6.58, "saillie": 6.23}}, {"type": "Feature", "geometry": {"type": "Point", "coordinates": [-2.2915268, 48.643591]}, "properties": {"id": "auto03075", "nom": "A3075", "auto": true, "z": 2.94, "saillie": 1.15}}, {"type": "Feature", "geometry": {"type": "Point", "coordinates": [-2.1078867, 48.6435755]}, "properties": {"id": "auto03076", "nom": "A3076", "auto": true, "z": 9.4, "saillie": 8.24}}, {"type": "Feature", "geometry": {"type": "Point", "coordinates": [-2.1535332, 48.6435542]}, "properties": {"id": "auto03077", "nom": "A3077", "auto": true, "z": 2.57, "saillie": 10.8}}, {"type": "Feature", "geometry": {"type": "Point", "coordinates": [-2.0790486, 48.643548]}, "properties": {"id": "auto03078", "nom": "A3078", "auto": true, "z": -1.59, "saillie": 1.31}}, {"type": "Feature", "geometry": {"type": "Point", "coordinates": [-2.0281256, 48.6435475]}, "properties": {"id": "auto03079", "nom": "A3079", "auto": true, "z": 3.86, "saillie": 1.01}}, {"type": "Feature", "geometry": {"type": "Point", "coordinates": [-2.1554365, 48.6435439]}, "properties": {"id": "auto03080", "nom": "A3080", "auto": true, "z": 0.08, "saillie": 6.27}}, {"type": "Feature", "geometry": {"type": "Point", "coordinates": [-2.0827468, 48.6435343]}, "properties": {"id": "auto03081", "nom": "A3081", "auto": true, "z": -1.81, "saillie": 1.08}}, {"type": "Feature", "geometry": {"type": "Point", "coordinates": [-2.1323118, 48.643534]}, "properties": {"id": "auto03082", "nom": "A3082", "auto": true, "z": -0.28, "saillie": 4.63}}, {"type": "Feature", "geometry": {"type": "Point", "coordinates": [-2.2437966, 48.6435046]}, "properties": {"id": "auto03083", "nom": "A3083", "auto": true, "z": 11.36, "saillie": 8.75}}, {"type": "Feature", "geometry": {"type": "Point", "coordinates": [-2.1548876, 48.6434955]}, "properties": {"id": "auto03084", "nom": "A3084", "auto": true, "z": -1.91, "saillie": 7.02}}, {"type": "Feature", "geometry": {"type": "Point", "coordinates": [-2.0525472, 48.6434865]}, "properties": {"id": "auto03085", "nom": "A3085", "auto": true, "z": 5.65, "saillie": 4.65}}, {"type": "Feature", "geometry": {"type": "Point", "coordinates": [-2.0478021, 48.6433634]}, "properties": {"id": "auto03086", "nom": "A3086", "auto": true, "z": -0.45, "saillie": 2.98}}, {"type": "Feature", "geometry": {"type": "Point", "coordinates": [-2.0473652, 48.6433459]}, "properties": {"id": "auto03087", "nom": "A3087", "auto": true, "z": -0.83, "saillie": 5.71}}, {"type": "Feature", "geometry": {"type": "Point", "coordinates": [-2.1545448, 48.6433301]}, "properties": {"id": "auto03088", "nom": "A3088", "auto": true, "z": -1.47, "saillie": 7.55}}, {"type": "Feature", "geometry": {"type": "Point", "coordinates": [-2.1329443, 48.6433264]}, "properties": {"id": "auto03089", "nom": "A3089", "auto": true, "z": -2.22, "saillie": 1.5}}, {"type": "Feature", "geometry": {"type": "Point", "coordinates": [-2.2911185, 48.6433207]}, "properties": {"id": "auto03090", "nom": "A3090", "auto": true, "z": 2.78, "saillie": 1.12}}, {"type": "Feature", "geometry": {"type": "Point", "coordinates": [-2.0794611, 48.6433141]}, "properties": {"id": "auto03091", "nom": "A3091", "auto": true, "z": -1.55, "saillie": 1.06}}, {"type": "Feature", "geometry": {"type": "Point", "coordinates": [-2.1532917, 48.6433123]}, "properties": {"id": "auto03092", "nom": "A3092", "auto": true, "z": 1.74, "saillie": 6.05}}, {"type": "Feature", "geometry": {"type": "Point", "coordinates": [-2.265325, 48.6433111]}, "properties": {"id": "auto03093", "nom": "A3093", "auto": true, "z": 3.96, "saillie": 5.13}}, {"type": "Feature", "geometry": {"type": "Point", "coordinates": [-2.1408861, 48.6433081]}, "properties": {"id": "auto03094", "nom": "A3094", "auto": true, "z": -0.8, "saillie": 6.09}}, {"type": "Feature", "geometry": {"type": "Point", "coordinates": [-2.0780454, 48.6433024]}, "properties": {"id": "auto03095", "nom": "A3095", "auto": true, "z": -1.03, "saillie": 1.39}}, {"type": "Feature", "geometry": {"type": "Point", "coordinates": [-2.1142799, 48.6433009]}, "properties": {"id": "auto03096", "nom": "A3096", "auto": true, "z": 12.86, "saillie": 9.61}}, {"type": "Feature", "geometry": {"type": "Point", "coordinates": [-2.132558, 48.643271]}, "properties": {"id": "auto03097", "nom": "A3097", "auto": true, "z": -1.59, "saillie": 2.44}}, {"type": "Feature", "geometry": {"type": "Point", "coordinates": [-2.2415394, 48.6432435]}, "properties": {"id": "auto03098", "nom": "A3098", "auto": true, "z": 0.97, "saillie": 4.58}}, {"type": "Feature", "geometry": {"type": "Point", "coordinates": [-2.1557332, 48.6432426]}, "properties": {"id": "auto03099", "nom": "A3099", "auto": true, "z": 0.64, "saillie": 4.93}}, {"type": "Feature", "geometry": {"type": "Point", "coordinates": [-2.0777098, 48.6432086]}, "properties": {"id": "auto03100", "nom": "A3100", "auto": true, "z": -1.74, "saillie": 1.0}}, {"type": "Feature", "geometry": {"type": "Point", "coordinates": [-2.0828203, 48.6431706]}, "properties": {"id": "auto03101", "nom": "A3101", "auto": true, "z": -1.66, "saillie": 1.27}}, {"type": "Feature", "geometry": {"type": "Point", "coordinates": [-2.1343965, 48.6431556]}, "properties": {"id": "auto03102", "nom": "A3102", "auto": true, "z": 3.42, "saillie": 8.83}}, {"type": "Feature", "geometry": {"type": "Point", "coordinates": [-2.0394567, 48.6431403]}, "properties": {"id": "auto03103", "nom": "A3103", "auto": true, "z": -0.46, "saillie": 5.8}}, {"type": "Feature", "geometry": {"type": "Point", "coordinates": [-2.1332517, 48.6431329]}, "properties": {"id": "auto03104", "nom": "A3104", "auto": true, "z": -2.25, "saillie": 1.7}}, {"type": "Feature", "geometry": {"type": "Point", "coordinates": [-2.0594755, 48.64312]}, "properties": {"id": "auto03105", "nom": "A3105", "auto": true, "z": 0.97, "saillie": 1.2}}, {"type": "Feature", "geometry": {"type": "Point", "coordinates": [-2.1013115, 48.6431004]}, "properties": {"id": "auto03106", "nom": "A3106", "auto": true, "z": -2.48, "saillie": 1.39}}, {"type": "Feature", "geometry": {"type": "Point", "coordinates": [-2.1408107, 48.643095]}, "properties": {"id": "auto03107", "nom": "A3107", "auto": true, "z": 0.82, "saillie": 5.59}}, {"type": "Feature", "geometry": {"type": "Point", "coordinates": [-2.0542498, 48.6430897]}, "properties": {"id": "auto03108", "nom": "A3108", "auto": true, "z": 0.42, "saillie": 3.54}}, {"type": "Feature", "geometry": {"type": "Point", "coordinates": [-2.0263941, 48.6430799]}, "properties": {"id": "auto03109", "nom": "A3109", "auto": true, "z": -1.02, "saillie": 1.72}}, {"type": "Feature", "geometry": {"type": "Point", "coordinates": [-2.0385794, 48.6430693]}, "properties": {"id": "auto03110", "nom": "A3110", "auto": true, "z": -0.02, "saillie": 5.28}}, {"type": "Feature", "geometry": {"type": "Point", "coordinates": [-2.0788913, 48.64305]}, "properties": {"id": "auto03111", "nom": "A3111", "auto": true, "z": 1.9, "saillie": 4.23}}, {"type": "Feature", "geometry": {"type": "Point", "coordinates": [-2.1560406, 48.643049]}, "properties": {"id": "auto03112", "nom": "A3112", "auto": true, "z": 5.5, "saillie": 10.79}}, {"type": "Feature", "geometry": {"type": "Point", "coordinates": [-2.1403702, 48.6430419]}, "properties": {"id": "auto03113", "nom": "A3113", "auto": true, "z": -2.47, "saillie": 4.69}}, {"type": "Feature", "geometry": {"type": "Point", "coordinates": [-2.1412371, 48.6430045]}, "properties": {"id": "auto03114", "nom": "A3114", "auto": true, "z": -0.91, "saillie": 6.7}}, {"type": "Feature", "geometry": {"type": "Point", "coordinates": [-2.0601153, 48.6429846]}, "properties": {"id": "auto03115", "nom": "A3115", "auto": true, "z": 1.33, "saillie": 1.15}}, {"type": "Feature", "geometry": {"type": "Point", "coordinates": [-2.134267, 48.6429449]}, "properties": {"id": "auto03116", "nom": "A3116", "auto": true, "z": 5.58, "saillie": 10.17}}, {"type": "Feature", "geometry": {"type": "Point", "coordinates": [-2.1567342, 48.6429107]}, "properties": {"id": "auto03117", "nom": "A3117", "auto": true, "z": -1.15, "saillie": 5.89}}, {"type": "Feature", "geometry": {"type": "Point", "coordinates": [-2.1017274, 48.6429023]}, "properties": {"id": "auto03118", "nom": "A3118", "auto": true, "z": -1.71, "saillie": 2.45}}, {"type": "Feature", "geometry": {"type": "Point", "coordinates": [-2.1346427, 48.6428926]}, "properties": {"id": "auto03119", "nom": "A3119", "auto": true, "z": 2.54, "saillie": 8.48}}, {"type": "Feature", "geometry": {"type": "Point", "coordinates": [-2.1546649, 48.6428922]}, "properties": {"id": "auto03120", "nom": "A3120", "auto": true, "z": 5.99, "saillie": 8.13}}, {"type": "Feature", "geometry": {"type": "Point", "coordinates": [-2.0868733, 48.6428893]}, "properties": {"id": "auto03121", "nom": "A3121", "auto": true, "z": 2.4, "saillie": 4.72}}, {"type": "Feature", "geometry": {"type": "Point", "coordinates": [-2.0827381, 48.6428857]}, "properties": {"id": "auto03122", "nom": "A3122", "auto": true, "z": -0.96, "saillie": 1.95}}, {"type": "Feature", "geometry": {"type": "Point", "coordinates": [-2.1115724, 48.6428764]}, "properties": {"id": "auto03123", "nom": "A3123", "auto": true, "z": 12.59, "saillie": 10.66}}, {"type": "Feature", "geometry": {"type": "Point", "coordinates": [-2.2703413, 48.6428726]}, "properties": {"id": "auto03124", "nom": "A3124", "auto": true, "z": -1.27, "saillie": 1.31}}, {"type": "Feature", "geometry": {"type": "Point", "coordinates": [-2.052268, 48.6428494]}, "properties": {"id": "auto03125", "nom": "A3125", "auto": true, "z": 3.07, "saillie": 3.45}}, {"type": "Feature", "geometry": {"type": "Point", "coordinates": [-2.1558568, 48.6428406]}, "properties": {"id": "auto03126", "nom": "A3126", "auto": true, "z": 4.55, "saillie": 5.69}}, {"type": "Feature", "geometry": {"type": "Point", "coordinates": [-2.0779458, 48.6428379]}, "properties": {"id": "auto03127", "nom": "A3127", "auto": true, "z": -1.15, "saillie": 1.01}}, {"type": "Feature", "geometry": {"type": "Point", "coordinates": [-2.0721783, 48.6428316]}, "properties": {"id": "auto03128", "nom": "A3128", "auto": true, "z": 3.92, "saillie": 2.55}}, {"type": "Feature", "geometry": {"type": "Point", "coordinates": [-2.1536791, 48.6428268]}, "properties": {"id": "auto03129", "nom": "A3129", "auto": true, "z": 3.6, "saillie": 6.26}}, {"type": "Feature", "geometry": {"type": "Point", "coordinates": [-2.1404032, 48.6428242]}, "properties": {"id": "auto03130", "nom": "A3130", "auto": true, "z": -0.81, "saillie": 4.91}}, {"type": "Feature", "geometry": {"type": "Point", "coordinates": [-2.0382267, 48.6427958]}, "properties": {"id": "auto03131", "nom": "A3131", "auto": true, "z": -0.0, "saillie": 5.81}}, {"type": "Feature", "geometry": {"type": "Point", "coordinates": [-2.0485628, 48.6427903]}, "properties": {"id": "auto03132", "nom": "A3132", "auto": true, "z": 0.51, "saillie": 2.3}}, {"type": "Feature", "geometry": {"type": "Point", "coordinates": [-2.0872421, 48.6427653]}, "properties": {"id": "auto03133", "nom": "A3133", "auto": true, "z": -0.99, "saillie": 1.27}}, {"type": "Feature", "geometry": {"type": "Point", "coordinates": [-2.1062785, 48.6427071]}, "properties": {"id": "auto03134", "nom": "A3134", "auto": true, "z": -0.49, "saillie": 1.04}}, {"type": "Feature", "geometry": {"type": "Point", "coordinates": [-2.1341339, 48.6426982]}, "properties": {"id": "auto03135", "nom": "A3135", "auto": true, "z": -0.61, "saillie": 3.43}}, {"type": "Feature", "geometry": {"type": "Point", "coordinates": [-2.0737426, 48.6426928]}, "properties": {"id": "auto03136", "nom": "A3136", "auto": true, "z": 4.19, "saillie": 1.19}}, {"type": "Feature", "geometry": {"type": "Point", "coordinates": [-2.1549687, 48.6426627]}, "properties": {"id": "auto03137", "nom": "A3137", "auto": true, "z": 4.19, "saillie": 3.13}}, {"type": "Feature", "geometry": {"type": "Point", "coordinates": [-2.0745553, 48.6426581]}, "properties": {"id": "auto03138", "nom": "A3138", "auto": true, "z": 5.07, "saillie": 4.19}}, {"type": "Feature", "geometry": {"type": "Point", "coordinates": [-2.1120932, 48.6426377]}, "properties": {"id": "auto03139", "nom": "A3139", "auto": true, "z": 4.7, "saillie": 2.29}}, {"type": "Feature", "geometry": {"type": "Point", "coordinates": [-2.2716233, 48.6426355]}, "properties": {"id": "auto03140", "nom": "A3140", "auto": true, "z": 5.51, "saillie": 7.24}}, {"type": "Feature", "geometry": {"type": "Point", "coordinates": [-2.2416949, 48.6426236]}, "properties": {"id": "auto03141", "nom": "A3141", "auto": true, "z": 12.56, "saillie": 16.32}}, {"type": "Feature", "geometry": {"type": "Point", "coordinates": [-2.1556153, 48.6425987]}, "properties": {"id": "auto03142", "nom": "A3142", "auto": true, "z": 7.52, "saillie": 7.23}}, {"type": "Feature", "geometry": {"type": "Point", "coordinates": [-2.1398367, 48.6425962]}, "properties": {"id": "auto03143", "nom": "A3143", "auto": true, "z": -0.26, "saillie": 5.9}}, {"type": "Feature", "geometry": {"type": "Point", "coordinates": [-2.1348277, 48.6425601]}, "properties": {"id": "auto03144", "nom": "A3144", "auto": true, "z": -0.29, "saillie": 6.02}}, {"type": "Feature", "geometry": {"type": "Point", "coordinates": [-2.0574083, 48.6425589]}, "properties": {"id": "auto03145", "nom": "A3145", "auto": true, "z": 0.4, "saillie": 1.51}}, {"type": "Feature", "geometry": {"type": "Point", "coordinates": [-2.1559368, 48.6425487]}, "properties": {"id": "auto03146", "nom": "A3146", "auto": true, "z": 6.26, "saillie": 8.4}}, {"type": "Feature", "geometry": {"type": "Point", "coordinates": [-2.1325958, 48.6425483]}, "properties": {"id": "auto03147", "nom": "A3147", "auto": true, "z": -2.28, "saillie": 1.99}}, {"type": "Feature", "geometry": {"type": "Point", "coordinates": [-2.0475598, 48.6425444]}, "properties": {"id": "auto03148", "nom": "A3148", "auto": true, "z": -0.81, "saillie": 2.85}}, {"type": "Feature", "geometry": {"type": "Point", "coordinates": [-2.1402631, 48.6425057]}, "properties": {"id": "auto03149", "nom": "A3149", "auto": true, "z": -2.26, "saillie": 3.78}}, {"type": "Feature", "geometry": {"type": "Point", "coordinates": [-2.1537014, 48.6425013]}, "properties": {"id": "auto03150", "nom": "A3150", "auto": true, "z": 4.33, "saillie": 9.05}}, {"type": "Feature", "geometry": {"type": "Point", "coordinates": [-2.0982039, 48.6424764]}, "properties": {"id": "auto03151", "nom": "A3151", "auto": true, "z": -2.33, "saillie": 1.37}}, {"type": "Feature", "geometry": {"type": "Point", "coordinates": [-2.1108802, 48.6424735]}, "properties": {"id": "auto03152", "nom": "A3152", "auto": true, "z": 1.52, "saillie": 1.43}}, {"type": "Feature", "geometry": {"type": "Point", "coordinates": [-2.0970049, 48.6424557]}, "properties": {"id": "auto03153", "nom": "A3153", "auto": true, "z": -0.16, "saillie": 3.17}}, {"type": "Feature", "geometry": {"type": "Point", "coordinates": [-2.1013026, 48.6424518]}, "properties": {"id": "auto03154", "nom": "A3154", "auto": true, "z": 0.29, "saillie": 3.75}}, {"type": "Feature", "geometry": {"type": "Point", "coordinates": [-2.2725839, 48.6424487]}, "properties": {"id": "auto03155", "nom": "A3155", "auto": true, "z": 1.44, "saillie": 3.48}}, {"type": "Feature", "geometry": {"type": "Point", "coordinates": [-2.100974, 48.6424298]}, "properties": {"id": "auto03156", "nom": "A3156", "auto": true, "z": 0.03, "saillie": 3.24}}, {"type": "Feature", "geometry": {"type": "Point", "coordinates": [-2.0479287, 48.6424206]}, "properties": {"id": "auto03157", "nom": "A3157", "auto": true, "z": 0.45, "saillie": 1.81}}, {"type": "Feature", "geometry": {"type": "Point", "coordinates": [-2.0269821, 48.6424061]}, "properties": {"id": "auto03158", "nom": "A3158", "auto": true, "z": -2.36, "saillie": 2.57}}, {"type": "Feature", "geometry": {"type": "Point", "coordinates": [-2.1100028, 48.642403]}, "properties": {"id": "auto03159", "nom": "A3159", "auto": true, "z": 1.76, "saillie": 1.67}}, {"type": "Feature", "geometry": {"type": "Point", "coordinates": [-2.1092408, 48.6423996]}, "properties": {"id": "auto03160", "nom": "A3160", "auto": true, "z": 7.26, "saillie": 6.75}}, {"type": "Feature", "geometry": {"type": "Point", "coordinates": [-2.134485, 48.6423946]}, "properties": {"id": "auto03161", "nom": "A3161", "auto": true, "z": 1.81, "saillie": 5.72}}, {"type": "Feature", "geometry": {"type": "Point", "coordinates": [-2.2715943, 48.6423483]}, "properties": {"id": "auto03162", "nom": "A3162", "auto": true, "z": 6.56, "saillie": 5.88}}, {"type": "Feature", "geometry": {"type": "Point", "coordinates": [-2.0736535, 48.642336]}, "properties": {"id": "auto03163", "nom": "A3163", "auto": true, "z": 4.85, "saillie": 1.9}}, {"type": "Feature", "geometry": {"type": "Point", "coordinates": [-2.1330081, 48.6423141]}, "properties": {"id": "auto03164", "nom": "A3164", "auto": true, "z": -0.87, "saillie": 2.39}}, {"type": "Feature", "geometry": {"type": "Point", "coordinates": [-2.153951, 48.6422741]}, "properties": {"id": "auto03165", "nom": "A3165", "auto": true, "z": 4.47, "saillie": 10.19}}, {"type": "Feature", "geometry": {"type": "Point", "coordinates": [-2.03872, 48.6422701]}, "properties": {"id": "auto03166", "nom": "A3166", "auto": true, "z": 0.21, "saillie": 3.57}}, {"type": "Feature", "geometry": {"type": "Point", "coordinates": [-2.1549297, 48.6422678]}, "properties": {"id": "auto03167", "nom": "A3167", "auto": true, "z": 5.71, "saillie": 7.39}}, {"type": "Feature", "geometry": {"type": "Point", "coordinates": [-2.0741883, 48.6422411]}, "properties": {"id": "auto03168", "nom": "A3168", "auto": true, "z": 3.84, "saillie": 1.43}}, {"type": "Feature", "geometry": {"type": "Point", "coordinates": [-2.1352293, 48.6422183]}, "properties": {"id": "auto03169", "nom": "A3169", "auto": true, "z": -0.52, "saillie": 5.37}}, {"type": "Feature", "geometry": {"type": "Point", "coordinates": [-2.0826176, 48.6422058]}, "properties": {"id": "auto03170", "nom": "A3170", "auto": true, "z": -0.99, "saillie": 1.6}}, {"type": "Feature", "geometry": {"type": "Point", "coordinates": [-2.0751094, 48.6422018]}, "properties": {"id": "auto03171", "nom": "A3171", "auto": true, "z": 4.48, "saillie": 3.52}}, {"type": "Feature", "geometry": {"type": "Point", "coordinates": [-2.271197, 48.6421856]}, "properties": {"id": "auto03172", "nom": "A3172", "auto": true, "z": 7.5, "saillie": 7.7}}, {"type": "Feature", "geometry": {"type": "Point", "coordinates": [-2.1554644, 48.6421725]}, "properties": {"id": "auto03173", "nom": "A3173", "auto": true, "z": 8.9, "saillie": 6.03}}, {"type": "Feature", "geometry": {"type": "Point", "coordinates": [-2.0548604, 48.6420903]}, "properties": {"id": "auto03174", "nom": "A3174", "auto": true, "z": -0.82, "saillie": 1.85}}, {"type": "Feature", "geometry": {"type": "Point", "coordinates": [-2.0728129, 48.6420834]}, "properties": {"id": "auto03175", "nom": "A3175", "auto": true, "z": 11.56, "saillie": 6.52}}, {"type": "Feature", "geometry": {"type": "Point", "coordinates": [-2.1335287, 48.6420753]}, "properties": {"id": "auto03176", "nom": "A3176", "auto": true, "z": 0.04, "saillie": 2.82}}, {"type": "Feature", "geometry": {"type": "Point", "coordinates": [-2.0389701, 48.6420432]}, "properties": {"id": "auto03177", "nom": "A3177", "auto": true, "z": 0.83, "saillie": 5.42}}, {"type": "Feature", "geometry": {"type": "Point", "coordinates": [-2.1189963, 48.6420164]}, "properties": {"id": "auto03178", "nom": "A3178", "auto": true, "z": 4.61, "saillie": 6.78}}, {"type": "Feature", "geometry": {"type": "Point", "coordinates": [-2.1311814, 48.6419963]}, "properties": {"id": "auto03179", "nom": "A3179", "auto": true, "z": -0.18, "saillie": 3.48}}, {"type": "Feature", "geometry": {"type": "Point", "coordinates": [-2.135479, 48.6419912]}, "properties": {"id": "auto03180", "nom": "A3180", "auto": true, "z": 3.58, "saillie": 7.64}}, {"type": "Feature", "geometry": {"type": "Point", "coordinates": [-2.2713919, 48.6419606]}, "properties": {"id": "auto03181", "nom": "A3181", "auto": true, "z": 5.92, "saillie": 2.88}}, {"type": "Feature", "geometry": {"type": "Point", "coordinates": [-2.0506572, 48.6419443]}, "properties": {"id": "auto03182", "nom": "A3182", "auto": true, "z": 1.69, "saillie": 2.36}}, {"type": "Feature", "geometry": {"type": "Point", "coordinates": [-2.1341682, 48.6419396]}, "properties": {"id": "auto03183", "nom": "A3183", "auto": true, "z": 0.65, "saillie": 2.98}}, {"type": "Feature", "geometry": {"type": "Point", "coordinates": [-2.1562558, 48.6419219]}, "properties": {"id": "auto03184", "nom": "A3184", "auto": true, "z": 10.77, "saillie": 9.11}}, {"type": "Feature", "geometry": {"type": "Point", "coordinates": [-2.038577, 48.6419157]}, "properties": {"id": "auto03185", "nom": "A3185", "auto": true, "z": -0.92, "saillie": 3.51}}, {"type": "Feature", "geometry": {"type": "Point", "coordinates": [-2.0480426, 48.6419111]}, "properties": {"id": "auto03186", "nom": "A3186", "auto": true, "z": 2.38, "saillie": 2.73}}, {"type": "Feature", "geometry": {"type": "Point", "coordinates": [-2.1099536, 48.6419003]}, "properties": {"id": "auto03187", "nom": "A3187", "auto": true, "z": 2.1, "saillie": 1.31}}, {"type": "Feature", "geometry": {"type": "Point", "coordinates": [-2.0280209, 48.6418935]}, "properties": {"id": "auto03188", "nom": "A3188", "auto": true, "z": -2.08, "saillie": 2.87}}, {"type": "Feature", "geometry": {"type": "Point", "coordinates": [-2.1581013, 48.641878]}, "properties": {"id": "auto03189", "nom": "A3189", "auto": true, "z": -0.91, "saillie": 7.39}}, {"type": "Feature", "geometry": {"type": "Point", "coordinates": [-2.2717097, 48.6418744]}, "properties": {"id": "auto03190", "nom": "A3190", "auto": true, "z": 7.01, "saillie": 6.08}}, {"type": "Feature", "geometry": {"type": "Point", "coordinates": [-2.1557069, 48.6418736]}, "properties": {"id": "auto03191", "nom": "A3191", "auto": true, "z": 12.14, "saillie": 8.14}}, {"type": "Feature", "geometry": {"type": "Point", "coordinates": [-2.133345, 48.6418669]}, "properties": {"id": "auto03192", "nom": "A3192", "auto": true, "z": -0.26, "saillie": 2.62}}, {"type": "Feature", "geometry": {"type": "Point", "coordinates": [-2.1327997, 48.6418544]}, "properties": {"id": "auto03193", "nom": "A3193", "auto": true, "z": 0.19, "saillie": 3.75}}, {"type": "Feature", "geometry": {"type": "Point", "coordinates": [-2.0276347, 48.6418377]}, "properties": {"id": "auto03194", "nom": "A3194", "auto": true, "z": -2.14, "saillie": 2.37}}, {"type": "Feature", "geometry": {"type": "Point", "coordinates": [-2.129098, 48.6418338]}, "properties": {"id": "auto03195", "nom": "A3195", "auto": true, "z": 2.18, "saillie": 7.03}}, {"type": "Feature", "geometry": {"type": "Point", "coordinates": [-2.0736047, 48.6418333]}, "properties": {"id": "auto03196", "nom": "A3196", "auto": true, "z": 4.89, "saillie": 1.88}}, {"type": "Feature", "geometry": {"type": "Point", "coordinates": [-2.0542366, 48.6418284]}, "properties": {"id": "auto03197", "nom": "A3197", "auto": true, "z": -0.85, "saillie": 1.82}}, {"type": "Feature", "geometry": {"type": "Point", "coordinates": [-2.0746376, 48.6418254]}, "properties": {"id": "auto03198", "nom": "A3198", "auto": true, "z": 4.65, "saillie": 1.98}}, {"type": "Feature", "geometry": {"type": "Point", "coordinates": [-2.0759956, 48.6418035]}, "properties": {"id": "auto03199", "nom": "A3199", "auto": true, "z": 2.61, "saillie": 3.36}}, {"type": "Feature", "geometry": {"type": "Point", "coordinates": [-2.1122291, 48.6418026]}, "properties": {"id": "auto03200", "nom": "A3200", "auto": true, "z": 4.44, "saillie": 2.07}}, {"type": "Feature", "geometry": {"type": "Point", "coordinates": [-2.1463391, 48.6417743]}, "properties": {"id": "auto03201", "nom": "A3201", "auto": true, "z": -1.46, "saillie": 6.36}}, {"type": "Feature", "geometry": {"type": "Point", "coordinates": [-2.1186431, 48.6417431]}, "properties": {"id": "auto03202", "nom": "A3202", "auto": true, "z": 6.26, "saillie": 6.75}}, {"type": "Feature", "geometry": {"type": "Point", "coordinates": [-2.0750099, 48.6417374]}, "properties": {"id": "auto03203", "nom": "A3203", "auto": true, "z": 6.85, "saillie": 4.03}}, {"type": "Feature", "geometry": {"type": "Point", "coordinates": [-2.1575418, 48.6417219]}, "properties": {"id": "auto03204", "nom": "A3204", "auto": true, "z": 7.22, "saillie": 12.48}}, {"type": "Feature", "geometry": {"type": "Point", "coordinates": [-2.2655955, 48.6416764]}, "properties": {"id": "auto03205", "nom": "A3205", "auto": true, "z": 10.97, "saillie": 4.91}}, {"type": "Feature", "geometry": {"type": "Point", "coordinates": [-2.1316373, 48.6416522]}, "properties": {"id": "auto03206", "nom": "A3206", "auto": true, "z": 0.73, "saillie": 4.21}}, {"type": "Feature", "geometry": {"type": "Point", "coordinates": [-2.1351729, 48.6416438]}, "properties": {"id": "auto03207", "nom": "A3207", "auto": true, "z": 0.87, "saillie": 4.14}}, {"type": "Feature", "geometry": {"type": "Point", "coordinates": [-2.0384951, 48.6416307]}, "properties": {"id": "auto03208", "nom": "A3208", "auto": true, "z": -2.3, "saillie": 2.5}}, {"type": "Feature", "geometry": {"type": "Point", "coordinates": [-2.1588385, 48.6416297]}, "properties": {"id": "auto03209", "nom": "A3209", "auto": true, "z": 1.58, "saillie": 8.39}}, {"type": "Feature", "geometry": {"type": "Point", "coordinates": [-2.1562781, 48.6415964]}, "properties": {"id": "auto03210", "nom": "A3210", "auto": true, "z": 11.55, "saillie": 9.09}}, {"type": "Feature", "geometry": {"type": "Point", "coordinates": [-2.0731976, 48.6415623]}, "properties": {"id": "auto03211", "nom": "A3211", "auto": true, "z": 6.94, "saillie": 3.01}}, {"type": "Feature", "geometry": {"type": "Point", "coordinates": [-2.1354909, 48.641558]}, "properties": {"id": "auto03212", "nom": "A3212", "auto": true, "z": -0.29, "saillie": 4.81}}, {"type": "Feature", "geometry": {"type": "Point", "coordinates": [-2.0478996, 48.6415566]}, "properties": {"id": "auto03213", "nom": "A3213", "auto": true, "z": 3.75, "saillie": 3.61}}, {"type": "Feature", "geometry": {"type": "Point", "coordinates": [-2.2660722, 48.6415471]}, "properties": {"id": "auto03214", "nom": "A3214", "auto": true, "z": 8.88, "saillie": 5.8}}, {"type": "Feature", "geometry": {"type": "Point", "coordinates": [-2.0736852, 48.6415415]}, "properties": {"id": "auto03215", "nom": "A3215", "auto": true, "z": 5.48, "saillie": 1.79}}, {"type": "Feature", "geometry": {"type": "Point", "coordinates": [-2.1342919, 48.6415376]}, "properties": {"id": "auto03216", "nom": "A3216", "auto": true, "z": 3.29, "saillie": 4.63}}, {"type": "Feature", "geometry": {"type": "Point", "coordinates": [-2.1291746, 48.6415059]}, "properties": {"id": "auto03217", "nom": "A3217", "auto": true, "z": 5.45, "saillie": 10.5}}, {"type": "Feature", "geometry": {"type": "Point", "coordinates": [-2.1183476, 48.6415035]}, "properties": {"id": "auto03218", "nom": "A3218", "auto": true, "z": 8.98, "saillie": 8.33}}, {"type": "Feature", "geometry": {"type": "Point", "coordinates": [-2.0441945, 48.6414974]}, "properties": {"id": "auto03219", "nom": "A3219", "auto": true, "z": -2.05, "saillie": 4.62}}, {"type": "Feature", "geometry": {"type": "Point", "coordinates": [-2.1462025, 48.6414918]}, "properties": {"id": "auto03220", "nom": "A3220", "auto": true, "z": -2.22, "saillie": 6.41}}, {"type": "Feature", "geometry": {"type": "Point", "coordinates": [-2.0794998, 48.6414737]}, "properties": {"id": "auto03221", "nom": "A3221", "auto": true, "z": 2.38, "saillie": 3.95}}, {"type": "Feature", "geometry": {"type": "Point", "coordinates": [-2.0727537, 48.641473]}, "properties": {"id": "auto03222", "nom": "A3222", "auto": true, "z": 5.77, "saillie": 2.21}}, {"type": "Feature", "geometry": {"type": "Point", "coordinates": [-2.1176905, 48.6414596]}, "properties": {"id": "auto03223", "nom": "A3223", "auto": true, "z": 10.54, "saillie": 6.93}}, {"type": "Feature", "geometry": {"type": "Point", "coordinates": [-2.0993554, 48.6414536]}, "properties": {"id": "auto03224", "nom": "A3224", "auto": true, "z": -0.21, "saillie": 3.14}}, {"type": "Feature", "geometry": {"type": "Point", "coordinates": [-2.074982, 48.6414501]}, "properties": {"id": "auto03225", "nom": "A3225", "auto": true, "z": 5.79, "saillie": 2.19}}, {"type": "Feature", "geometry": {"type": "Point", "coordinates": [-2.0388029, 48.6414374]}, "properties": {"id": "auto03226", "nom": "A3226", "auto": true, "z": -1.24, "saillie": 5.5}}, {"type": "Feature", "geometry": {"type": "Point", "coordinates": [-2.0713346, 48.6414254]}, "properties": {"id": "auto03227", "nom": "A3227", "auto": true, "z": 3.48, "saillie": 1.01}}, {"type": "Feature", "geometry": {"type": "Point", "coordinates": [-2.0773187, 48.6414225]}, "properties": {"id": "auto03228", "nom": "A3228", "auto": true, "z": 10.07, "saillie": 7.5}}, {"type": "Feature", "geometry": {"type": "Point", "coordinates": [-2.1594132, 48.6413884]}, "properties": {"id": "auto03229", "nom": "A3229", "auto": true, "z": -1.56, "saillie": 6.31}}, {"type": "Feature", "geometry": {"type": "Point", "coordinates": [-2.1321544, 48.6413775]}, "properties": {"id": "auto03230", "nom": "A3230", "auto": true, "z": -2.36, "saillie": 1.63}}, {"type": "Feature", "geometry": {"type": "Point", "coordinates": [-2.0485866, 48.6413472]}, "properties": {"id": "auto03231", "nom": "A3231", "auto": true, "z": 2.78, "saillie": 1.7}}, {"type": "Feature", "geometry": {"type": "Point", "coordinates": [-2.1587018, 48.6413471]}, "properties": {"id": "auto03232", "nom": "A3232", "auto": true, "z": 2.58, "saillie": 5.67}}, {"type": "Feature", "geometry": {"type": "Point", "coordinates": [-2.0709448, 48.6413338]}, "properties": {"id": "auto03233", "nom": "A3233", "auto": true, "z": 3.9, "saillie": 1.41}}, {"type": "Feature", "geometry": {"type": "Point", "coordinates": [-2.1335088, 48.641319]}, "properties": {"id": "auto03234", "nom": "A3234", "auto": true, "z": 3.61, "saillie": 5.66}}, {"type": "Feature", "geometry": {"type": "Point", "coordinates": [-2.073119, 48.6413132]}, "properties": {"id": "auto03235", "nom": "A3235", "auto": true, "z": 6.78, "saillie": 2.16}}, {"type": "Feature", "geometry": {"type": "Point", "coordinates": [-2.0825303, 48.6413082]}, "properties": {"id": "auto03236", "nom": "A3236", "auto": true, "z": -1.42, "saillie": 1.01}}, {"type": "Feature", "geometry": {"type": "Point", "coordinates": [-2.1341047, 48.6412933]}, "properties": {"id": "auto03237", "nom": "A3237", "auto": true, "z": 4.26, "saillie": 5.06}}, {"type": "Feature", "geometry": {"type": "Point", "coordinates": [-2.0742026, 48.641267]}, "properties": {"id": "auto03238", "nom": "A3238", "auto": true, "z": 6.18, "saillie": 2.29}}, {"type": "Feature", "geometry": {"type": "Point", "coordinates": [-2.2668594, 48.6412599]}, "properties": {"id": "auto03239", "nom": "A3239", "auto": true, "z": 7.2, "saillie": 3.17}}, {"type": "Feature", "geometry": {"type": "Point", "coordinates": [-2.2733888, 48.6412591]}, "properties": {"id": "auto03240", "nom": "A3240", "auto": true, "z": 0.11, "saillie": 1.31}}, {"type": "Feature", "geometry": {"type": "Point", "coordinates": [-2.2418289, 48.6412475]}, "properties": {"id": "auto03241", "nom": "A3241", "auto": true, "z": -1.79, "saillie": 1.82}}, {"type": "Feature", "geometry": {"type": "Point", "coordinates": [-2.0747985, 48.6412416]}, "properties": {"id": "auto03242", "nom": "A3242", "auto": true, "z": 6.06, "saillie": 2.01}}, {"type": "Feature", "geometry": {"type": "Point", "coordinates": [-2.0385078, 48.6411975]}, "properties": {"id": "auto03243", "nom": "A3243", "auto": true, "z": -1.31, "saillie": 4.73}}, {"type": "Feature", "geometry": {"type": "Point", "coordinates": [-2.072018, 48.6411799]}, "properties": {"id": "auto03244", "nom": "A3244", "auto": true, "z": 3.78, "saillie": 1.22}}, {"type": "Feature", "geometry": {"type": "Point", "coordinates": [-2.0564531, 48.6411213]}, "properties": {"id": "auto03245", "nom": "A3245", "auto": true, "z": 7.97, "saillie": 6.12}}, {"type": "Feature", "geometry": {"type": "Point", "coordinates": [-2.1296235, 48.64109]}, "properties": {"id": "auto03246", "nom": "A3246", "auto": true, "z": -2.4, "saillie": 2.1}}, {"type": "Feature", "geometry": {"type": "Point", "coordinates": [-2.0751638, 48.6410818]}, "properties": {"id": "auto03247", "nom": "A3247", "auto": true, "z": 6.38, "saillie": 1.81}}, {"type": "Feature", "geometry": {"type": "Point", "coordinates": [-2.0737482, 48.6410701]}, "properties": {"id": "auto03248", "nom": "A3248", "auto": true, "z": 7.6, "saillie": 2.82}}, {"type": "Feature", "geometry": {"type": "Point", "coordinates": [-2.0792954, 48.6410497]}, "properties": {"id": "auto03249", "nom": "A3249", "auto": true, "z": 10.46, "saillie": 10.43}}, {"type": "Feature", "geometry": {"type": "Point", "coordinates": [-2.070917, 48.6410466]}, "properties": {"id": "auto03250", "nom": "A3250", "auto": true, "z": 3.1, "saillie": 1.09}}, {"type": "Feature", "geometry": {"type": "Point", "coordinates": [-2.0474683, 48.6410341]}, "properties": {"id": "auto03251", "nom": "A3251", "auto": true, "z": 4.39, "saillie": 4.14}}, {"type": "Feature", "geometry": {"type": "Point", "coordinates": [-2.0269558, 48.6410011]}, "properties": {"id": "auto03252", "nom": "A3252", "auto": true, "z": 11.87, "saillie": 13.79}}, {"type": "Feature", "geometry": {"type": "Point", "coordinates": [-2.0746658, 48.6409949]}, "properties": {"id": "auto03253", "nom": "A3253", "auto": true, "z": 7.01, "saillie": 2.02}}, {"type": "Feature", "geometry": {"type": "Point", "coordinates": [-2.0789091, 48.6409941]}, "properties": {"id": "auto03254", "nom": "A3254", "auto": true, "z": 8.6, "saillie": 6.65}}, {"type": "Feature", "geometry": {"type": "Point", "coordinates": [-2.1595802, 48.6408764]}, "properties": {"id": "auto03255", "nom": "A3255", "auto": true, "z": 0.42, "saillie": 8.4}}, {"type": "Feature", "geometry": {"type": "Point", "coordinates": [-2.1002238, 48.6408756]}, "properties": {"id": "auto03256", "nom": "A3256", "auto": true, "z": 7.01, "saillie": 9.79}}, {"type": "Feature", "geometry": {"type": "Point", "coordinates": [-2.0512067, 48.6408754]}, "properties": {"id": "auto03257", "nom": "A3257", "auto": true, "z": 5.1, "saillie": 5.96}}, {"type": "Feature", "geometry": {"type": "Point", "coordinates": [-2.1355828, 48.6408329]}, "properties": {"id": "auto03258", "nom": "A3258", "auto": true, "z": -2.24, "saillie": 3.27}}, {"type": "Feature", "geometry": {"type": "Point", "coordinates": [-2.1343839, 48.6408125]}, "properties": {"id": "auto03259", "nom": "A3259", "auto": true, "z": 0.51, "saillie": 4.06}}, {"type": "Feature", "geometry": {"type": "Point", "coordinates": [-2.0723624, 48.6408047]}, "properties": {"id": "auto03260", "nom": "A3260", "auto": true, "z": 6.3, "saillie": 3.01}}, {"type": "Feature", "geometry": {"type": "Point", "coordinates": [-2.0712177, 48.6407814]}, "properties": {"id": "auto03261", "nom": "A3261", "auto": true, "z": 3.86, "saillie": 1.59}}, {"type": "Feature", "geometry": {"type": "Point", "coordinates": [-2.1183857, 48.6407807]}, "properties": {"id": "auto03262", "nom": "A3262", "auto": true, "z": 8.09, "saillie": 7.37}}, {"type": "Feature", "geometry": {"type": "Point", "coordinates": [-2.1196352, 48.640763]}, "properties": {"id": "auto03263", "nom": "A3263", "auto": true, "z": 0.22, "saillie": 1.91}}, {"type": "Feature", "geometry": {"type": "Point", "coordinates": [-2.027531, 48.6407605]}, "properties": {"id": "auto03264", "nom": "A3264", "auto": true, "z": 0.94, "saillie": 3.79}}, {"type": "Feature", "geometry": {"type": "Point", "coordinates": [-2.046025, 48.6407348]}, "properties": {"id": "auto03265", "nom": "A3265", "auto": true, "z": -1.51, "saillie": 5.18}}, {"type": "Feature", "geometry": {"type": "Point", "coordinates": [-2.071756, 48.6407224]}, "properties": {"id": "auto03266", "nom": "A3266", "auto": true, "z": 5.04, "saillie": 2.32}}, {"type": "Feature", "geometry": {"type": "Point", "coordinates": [-2.1335572, 48.640704]}, "properties": {"id": "auto03267", "nom": "A3267", "auto": true, "z": 9.17, "saillie": 8.71}}, {"type": "Feature", "geometry": {"type": "Point", "coordinates": [-2.0505899, 48.6406853]}, "properties": {"id": "auto03268", "nom": "A3268", "auto": true, "z": 3.75, "saillie": 5.64}}, {"type": "Feature", "geometry": {"type": "Point", "coordinates": [-2.0472169, 48.6406842]}, "properties": {"id": "auto03269", "nom": "A3269", "auto": true, "z": 2.31, "saillie": 2.36}}, {"type": "Feature", "geometry": {"type": "Point", "coordinates": [-2.0990074, 48.6406753]}, "properties": {"id": "auto03270", "nom": "A3270", "auto": true, "z": 0.43, "saillie": 2.7}}, {"type": "Feature", "geometry": {"type": "Point", "coordinates": [-2.1352401, 48.6406674]}, "properties": {"id": "auto03271", "nom": "A3271", "auto": true, "z": -1.5, "saillie": 3.43}}, {"type": "Feature", "geometry": {"type": "Point", "coordinates": [-2.0562454, 48.6406614]}, "properties": {"id": "auto03272", "nom": "A3272", "auto": true, "z": 9.24, "saillie": 6.95}}, {"type": "Feature", "geometry": {"type": "Point", "coordinates": [-2.1622783, 48.6406512]}, "properties": {"id": "auto03273", "nom": "A3273", "auto": true, "z": -2.01, "saillie": 7.65}}, {"type": "Feature", "geometry": {"type": "Point", "coordinates": [-2.0997117, 48.6406451]}, "properties": {"id": "auto03274", "nom": "A3274", "auto": true, "z": 2.98, "saillie": 4.91}}, {"type": "Feature", "geometry": {"type": "Point", "coordinates": [-2.2417135, 48.6406396]}, "properties": {"id": "auto03275", "nom": "A3275", "auto": true, "z": -0.11, "saillie": 2.5}}, {"type": "Feature", "geometry": {"type": "Point", "coordinates": [-2.0652739, 48.640638]}, "properties": {"id": "auto03276", "nom": "A3276", "auto": true, "z": 3.41, "saillie": 1.36}}, {"type": "Feature", "geometry": {"type": "Point", "coordinates": [-2.1304986, 48.6405835]}, "properties": {"id": "auto03277", "nom": "A3277", "auto": true, "z": -2.22, "saillie": 1.66}}, {"type": "Feature", "geometry": {"type": "Point", "coordinates": [-2.129845, 48.6405757]}, "properties": {"id": "auto03278", "nom": "A3278", "auto": true, "z": -2.18, "saillie": 1.88}}, {"type": "Feature", "geometry": {"type": "Point", "coordinates": [-2.2464372, 48.6405395]}, "properties": {"id": "auto03279", "nom": "A3279", "auto": true, "z": 11.27, "saillie": 13.37}}, {"type": "Feature", "geometry": {"type": "Point", "coordinates": [-2.046712, 48.6405254]}, "properties": {"id": "auto03280", "nom": "A3280", "auto": true, "z": 1.54, "saillie": 7.74}}, {"type": "Feature", "geometry": {"type": "Point", "coordinates": [-2.1196648, 48.6405094]}, "properties": {"id": "auto03281", "nom": "A3281", "auto": true, "z": 1.36, "saillie": 2.05}}, {"type": "Feature", "geometry": {"type": "Point", "coordinates": [-2.0590558, 48.6404699]}, "properties": {"id": "auto03282", "nom": "A3282", "auto": true, "z": 5.81, "saillie": 1.83}}, {"type": "Feature", "geometry": {"type": "Point", "coordinates": [-2.1316257, 48.6404268]}, "properties": {"id": "auto03283", "nom": "A3283", "auto": true, "z": -1.84, "saillie": 1.33}}, {"type": "Feature", "geometry": {"type": "Point", "coordinates": [-2.1335831, 48.6404144]}, "properties": {"id": "auto03284", "nom": "A3284", "auto": true, "z": 6.91, "saillie": 7.35}}, {"type": "Feature", "geometry": {"type": "Point", "coordinates": [-2.0264636, 48.640409]}, "properties": {"id": "auto03285", "nom": "A3285", "auto": true, "z": 0.08, "saillie": 1.53}}, {"type": "Feature", "geometry": {"type": "Point", "coordinates": [-2.0825514, 48.6404059]}, "properties": {"id": "auto03286", "nom": "A3286", "auto": true, "z": -1.24, "saillie": 1.02}}, {"type": "Feature", "geometry": {"type": "Point", "coordinates": [-2.0293997, 48.6403931]}, "properties": {"id": "auto03287", "nom": "A3287", "auto": true, "z": -1.11, "saillie": 3.23}}, {"type": "Feature", "geometry": {"type": "Point", "coordinates": [-2.0252647, 48.6403876]}, "properties": {"id": "auto03288", "nom": "A3288", "auto": true, "z": 0.13, "saillie": 1.85}}, {"type": "Feature", "geometry": {"type": "Point", "coordinates": [-2.1626869, 48.640381]}, "properties": {"id": "auto03289", "nom": "A3289", "auto": true, "z": 1.08, "saillie": 10.19}}, {"type": "Feature", "geometry": {"type": "Point", "coordinates": [-2.2468561, 48.6403768]}, "properties": {"id": "auto03290", "nom": "A3290", "auto": true, "z": 12.95, "saillie": 14.77}}, {"type": "Feature", "geometry": {"type": "Point", "coordinates": [-2.1621416, 48.6403686]}, "properties": {"id": "auto03291", "nom": "A3291", "auto": true, "z": -2.21, "saillie": 6.53}}, {"type": "Feature", "geometry": {"type": "Point", "coordinates": [-2.0455534, 48.6403582]}, "properties": {"id": "auto03292", "nom": "A3292", "auto": true, "z": -0.25, "saillie": 5.38}}, {"type": "Feature", "geometry": {"type": "Point", "coordinates": [-2.0290677, 48.6403351]}, "properties": {"id": "auto03293", "nom": "A3293", "auto": true, "z": -1.59, "saillie": 1.82}}, {"type": "Feature", "geometry": {"type": "Point", "coordinates": [-2.2416811, 48.6403165]}, "properties": {"id": "auto03294", "nom": "A3294", "auto": true, "z": 0.16, "saillie": 2.39}}, {"type": "Feature", "geometry": {"type": "Point", "coordinates": [-2.0999511, 48.6403104]}, "properties": {"id": "auto03295", "nom": "A3295", "auto": true, "z": 7.3, "saillie": 7.22}}, {"type": "Feature", "geometry": {"type": "Point", "coordinates": [-2.0645889, 48.6403066]}, "properties": {"id": "auto03296", "nom": "A3296", "auto": true, "z": 3.45, "saillie": 1.17}}, {"type": "Feature", "geometry": {"type": "Point", "coordinates": [-2.16121, 48.6403009]}, "properties": {"id": "auto03297", "nom": "A3297", "auto": true, "z": 2.5, "saillie": 10.11}}, {"type": "Feature", "geometry": {"type": "Point", "coordinates": [-2.1581079, 48.6402912]}, "properties": {"id": "auto03298", "nom": "A3298", "auto": true, "z": 12.88, "saillie": 9.94}}, {"type": "Feature", "geometry": {"type": "Point", "coordinates": [-2.1602784, 48.6402331]}, "properties": {"id": "auto03299", "nom": "A3299", "auto": true, "z": 5.45, "saillie": 8.56}}, {"type": "Feature", "geometry": {"type": "Point", "coordinates": [-2.130355, 48.6402292]}, "properties": {"id": "auto03300", "nom": "A3300", "auto": true, "z": -2.36, "saillie": 1.19}}, {"type": "Feature", "geometry": {"type": "Point", "coordinates": [-2.0504906, 48.6402208]}, "properties": {"id": "auto03301", "nom": "A3301", "auto": true, "z": 3.27, "saillie": 2.73}}, {"type": "Feature", "geometry": {"type": "Point", "coordinates": [-2.0784531, 48.6402204]}, "properties": {"id": "auto03302", "nom": "A3302", "auto": true, "z": 7.08, "saillie": 2.81}}, {"type": "Feature", "geometry": {"type": "Point", "coordinates": [-2.0650154, 48.6402163]}, "properties": {"id": "auto03303", "nom": "A3303", "auto": true, "z": 4.3, "saillie": 1.9}}, {"type": "Feature", "geometry": {"type": "Point", "coordinates": [-2.2451516, 48.6401996]}, "properties": {"id": "auto03304", "nom": "A3304", "auto": true, "z": 12.19, "saillie": 14.24}}, {"type": "Feature", "geometry": {"type": "Point", "coordinates": [-2.0263345, 48.6401982]}, "properties": {"id": "auto03305", "nom": "A3305", "auto": true, "z": 13.48, "saillie": 15.16}}, {"type": "Feature", "geometry": {"type": "Point", "coordinates": [-2.0656655, 48.6401886]}, "properties": {"id": "auto03306", "nom": "A3306", "auto": true, "z": 3.74, "saillie": 1.28}}, {"type": "Feature", "geometry": {"type": "Point", "coordinates": [-2.0274216, 48.6401883]}, "properties": {"id": "auto03307", "nom": "A3307", "auto": true, "z": 11.57, "saillie": 14.3}}, {"type": "Feature", "geometry": {"type": "Point", "coordinates": [-2.1587474, 48.6401553]}, "properties": {"id": "auto03308", "nom": "A3308", "auto": true, "z": 7.04, "saillie": 5.89}}, {"type": "Feature", "geometry": {"type": "Point", "coordinates": [-2.0708841, 48.6401466]}, "properties": {"id": "auto03309", "nom": "A3309", "auto": true, "z": 4.22, "saillie": 1.7}}, {"type": "Feature", "geometry": {"type": "Point", "coordinates": [-2.2431871, 48.6401419]}, "properties": {"id": "auto03310", "nom": "A3310", "auto": true, "z": 8.9, "saillie": 10.94}}, {"type": "Feature", "geometry": {"type": "Point", "coordinates": [-2.0268729, 48.6401394]}, "properties": {"id": "auto03311", "nom": "A3311", "auto": true, "z": 12.48, "saillie": 14.8}}, {"type": "Feature", "geometry": {"type": "Point", "coordinates": [-2.1317059, 48.6401349]}, "properties": {"id": "auto03312", "nom": "A3312", "auto": true, "z": -1.74, "saillie": 1.22}}, {"type": "Feature", "geometry": {"type": "Point", "coordinates": [-2.2417678, 48.6400963]}, "properties": {"id": "auto03313", "nom": "A3313", "auto": true, "z": 0.39, "saillie": 2.82}}, {"type": "Feature", "geometry": {"type": "Point", "coordinates": [-2.2457367, 48.6400656]}, "properties": {"id": "auto03314", "nom": "A3314", "auto": true, "z": 12.73, "saillie": 14.77}}, {"type": "Feature", "geometry": {"type": "Point", "coordinates": [-2.2474773, 48.6400609]}, "properties": {"id": "auto03315", "nom": "A3315", "auto": true, "z": 5.57, "saillie": 7.06}}, {"type": "Feature", "geometry": {"type": "Point", "coordinates": [-2.1627633, 48.6400532]}, "properties": {"id": "auto03316", "nom": "A3316", "auto": true, "z": 0.83, "saillie": 8.04}}, {"type": "Feature", "geometry": {"type": "Point", "coordinates": [-2.0824623, 48.6400492]}, "properties": {"id": "auto03317", "nom": "A3317", "auto": true, "z": -0.74, "saillie": 1.19}}, {"type": "Feature", "geometry": {"type": "Point", "coordinates": [-2.2463326, 48.6400393]}, "properties": {"id": "auto03318", "nom": "A3318", "auto": true, "z": 12.5, "saillie": 14.54}}, {"type": "Feature", "geometry": {"type": "Point", "coordinates": [-2.1324573, 48.6400303]}, "properties": {"id": "auto03319", "nom": "A3319", "auto": true, "z": 3.4, "saillie": 5.6}}, {"type": "Feature", "geometry": {"type": "Point", "coordinates": [-2.1330532, 48.6400046]}, "properties": {"id": "auto03320", "nom": "A3320", "auto": true, "z": 3.56, "saillie": 2.32}}, {"type": "Feature", "geometry": {"type": "Point", "coordinates": [-2.1342486, 48.6399891]}, "properties": {"id": "auto03321", "nom": "A3321", "auto": true, "z": 2.73, "saillie": 5.47}}, {"type": "Feature", "geometry": {"type": "Point", "coordinates": [-2.2438227, 48.6399697]}, "properties": {"id": "auto03322", "nom": "A3322", "auto": true, "z": 12.37, "saillie": 14.45}}, {"type": "Feature", "geometry": {"type": "Point", "coordinates": [-2.0259311, 48.6399629]}, "properties": {"id": "auto03323", "nom": "A3323", "auto": true, "z": 12.83, "saillie": 14.35}}, {"type": "Feature", "geometry": {"type": "Point", "coordinates": [-2.050192, 48.6399451]}, "properties": {"id": "auto03324", "nom": "A3324", "auto": true, "z": 2.94, "saillie": 2.33}}, {"type": "Feature", "geometry": {"type": "Point", "coordinates": [-2.2478457, 48.6399365]}, "properties": {"id": "auto03325", "nom": "A3325", "auto": true, "z": 8.56, "saillie": 9.48}}, {"type": "Feature", "geometry": {"type": "Point", "coordinates": [-2.160846, 48.6399201]}, "properties": {"id": "auto03326", "nom": "A3326", "auto": true, "z": 6.48, "saillie": 7.81}}, {"type": "Feature", "geometry": {"type": "Point", "coordinates": [-2.1410958, 48.6399098]}, "properties": {"id": "auto03327", "nom": "A3327", "auto": true, "z": -1.69, "saillie": 4.42}}, {"type": "Feature", "geometry": {"type": "Point", "coordinates": [-2.1605174, 48.6398983]}, "properties": {"id": "auto03328", "nom": "A3328", "auto": true, "z": 8.68, "saillie": 7.31}}, {"type": "Feature", "geometry": {"type": "Point", "coordinates": [-2.24474, 48.6398932]}, "properties": {"id": "auto03329", "nom": "A3329", "auto": true, "z": 11.75, "saillie": 13.94}}, {"type": "Feature", "geometry": {"type": "Point", "coordinates": [-2.0253755, 48.6398421]}, "properties": {"id": "auto03330", "nom": "A3330", "auto": true, "z": 13.14, "saillie": 14.31}}, {"type": "Feature", "geometry": {"type": "Point", "coordinates": [-2.0441976, 48.6398388]}, "properties": {"id": "auto03331", "nom": "A3331", "auto": true, "z": -2.32, "saillie": 3.81}}, {"type": "Feature", "geometry": {"type": "Point", "coordinates": [-2.2460401, 48.6398359]}, "properties": {"id": "auto03332", "nom": "A3332", "auto": true, "z": 8.81, "saillie": 10.85}}, {"type": "Feature", "geometry": {"type": "Point", "coordinates": [-2.0824955, 48.6398315]}, "properties": {"id": "auto03333", "nom": "A3333", "auto": true, "z": -0.5, "saillie": 1.27}}, {"type": "Feature", "geometry": {"type": "Point", "coordinates": [-2.0809715, 48.6398244]}, "properties": {"id": "auto03334", "nom": "A3334", "auto": true, "z": 5.86, "saillie": 5.4}}, {"type": "Feature", "geometry": {"type": "Point", "coordinates": [-2.2431005, 48.6398212]}, "properties": {"id": "auto03335", "nom": "A3335", "auto": true, "z": 12.32, "saillie": 14.36}}, {"type": "Feature", "geometry": {"type": "Point", "coordinates": [-2.0813508, 48.6398083]}, "properties": {"id": "auto03336", "nom": "A3336", "auto": true, "z": 5.39, "saillie": 6.14}}, {"type": "Feature", "geometry": {"type": "Point", "coordinates": [-2.2468526, 48.6398]}, "properties": {"id": "auto03337", "nom": "A3337", "auto": true, "z": 12.88, "saillie": 14.66}}, {"type": "Feature", "geometry": {"type": "Point", "coordinates": [-2.1620849, 48.6397942]}, "properties": {"id": "auto03338", "nom": "A3338", "auto": true, "z": 2.91, "saillie": 5.07}}, {"type": "Feature", "geometry": {"type": "Point", "coordinates": [-2.1329237, 48.6397939]}, "properties": {"id": "auto03339", "nom": "A3339", "auto": true, "z": 3.27, "saillie": 2.11}}, {"type": "Feature", "geometry": {"type": "Point", "coordinates": [-2.1637713, 48.6397931]}, "properties": {"id": "auto03340", "nom": "A3340", "auto": true, "z": 4.12, "saillie": 7.33}}, {"type": "Feature", "geometry": {"type": "Point", "coordinates": [-2.0710659, 48.6397783]}, "properties": {"id": "auto03341", "nom": "A3341", "auto": true, "z": 5.92, "saillie": 2.12}}, {"type": "Feature", "geometry": {"type": "Point", "coordinates": [-2.2452709, 48.6397616]}, "properties": {"id": "auto03342", "nom": "A3342", "auto": true, "z": 13.21, "saillie": 15.44}}, {"type": "Feature", "geometry": {"type": "Point", "coordinates": [-2.0275969, 48.6397483]}, "properties": {"id": "auto03343", "nom": "A3343", "auto": true, "z": 10.13, "saillie": 12.17}}, {"type": "Feature", "geometry": {"type": "Point", "coordinates": [-2.1616986, 48.6397388]}, "properties": {"id": "auto03344", "nom": "A3344", "auto": true, "z": 5.82, "saillie": 7.83}}, {"type": "Feature", "geometry": {"type": "Point", "coordinates": [-2.1415115, 48.6397115]}, "properties": {"id": "auto03345", "nom": "A3345", "auto": true, "z": -0.05, "saillie": 6.85}}, {"type": "Feature", "geometry": {"type": "Point", "coordinates": [-2.0718751, 48.6397078]}, "properties": {"id": "auto03346", "nom": "A3346", "auto": true, "z": 6.94, "saillie": 1.26}}, {"type": "Feature", "geometry": {"type": "Point", "coordinates": [-2.1625653, 48.6397012]}, "properties": {"id": "auto03347", "nom": "A3347", "auto": true, "z": 1.77, "saillie": 3.68}}, {"type": "Feature", "geometry": {"type": "Point", "coordinates": [-2.2484741, 48.6396924]}, "properties": {"id": "auto03348", "nom": "A3348", "auto": true, "z": 6.29, "saillie": 6.76}}, {"type": "Feature", "geometry": {"type": "Point", "coordinates": [-2.1311725, 48.6396891]}, "properties": {"id": "auto03349", "nom": "A3349", "auto": true, "z": -1.62, "saillie": 1.53}}, {"type": "Feature", "geometry": {"type": "Point", "coordinates": [-2.0469573, 48.6396857]}, "properties": {"id": "auto03350", "nom": "A3350", "auto": true, "z": 5.99, "saillie": 5.53}}, {"type": "Feature", "geometry": {"type": "Point", "coordinates": [-2.2478746, 48.6396828]}, "properties": {"id": "auto03351", "nom": "A3351", "auto": true, "z": 12.5, "saillie": 13.53}}, {"type": "Feature", "geometry": {"type": "Point", "coordinates": [-2.1564154, 48.6396795]}, "properties": {"id": "auto03352", "nom": "A3352", "auto": true, "z": 3.69, "saillie": 4.02}}, {"type": "Feature", "geometry": {"type": "Point", "coordinates": [-2.2471668, 48.639678]}, "properties": {"id": "auto03353", "nom": "A3353", "auto": true, "z": 13.03, "saillie": 14.17}}, {"type": "Feature", "geometry": {"type": "Point", "coordinates": [-2.1632154, 48.639673]}, "properties": {"id": "auto03354", "nom": "A3354", "auto": true, "z": 1.06, "saillie": 5.66}}, {"type": "Feature", "geometry": {"type": "Point", "coordinates": [-2.0795385, 48.6396333]}, "properties": {"id": "auto03355", "nom": "A3355", "auto": true, "z": 6.61, "saillie": 3.2}}, {"type": "Feature", "geometry": {"type": "Point", "coordinates": [-2.2442778, 48.6396251]}, "properties": {"id": "auto03356", "nom": "A3356", "auto": true, "z": 13.32, "saillie": 15.54}}, {"type": "Feature", "geometry": {"type": "Point", "coordinates": [-2.0254631, 48.6396221]}, "properties": {"id": "auto03357", "nom": "A3357", "auto": true, "z": 12.35, "saillie": 13.3}}, {"type": "Feature", "geometry": {"type": "Point", "coordinates": [-2.099881, 48.6395923]}, "properties": {"id": "auto03358", "nom": "A3358", "auto": true, "z": 7.88, "saillie": 6.6}}, {"type": "Feature", "geometry": {"type": "Point", "coordinates": [-2.1568958, 48.6395865]}, "properties": {"id": "auto03359", "nom": "A3359", "auto": true, "z": 4.88, "saillie": 4.21}}, {"type": "Feature", "geometry": {"type": "Point", "coordinates": [-2.1411724, 48.6395819]}, "properties": {"id": "auto03360", "nom": "A3360", "auto": true, "z": -0.51, "saillie": 4.87}}, {"type": "Feature", "geometry": {"type": "Point", "coordinates": [-2.1337729, 48.639577]}, "properties": {"id": "auto03361", "nom": "A3361", "auto": true, "z": 5.44, "saillie": 6.39}}, {"type": "Feature", "geometry": {"type": "Point", "coordinates": [-2.0260557, 48.639561]}, "properties": {"id": "auto03362", "nom": "A3362", "auto": true, "z": 11.07, "saillie": 12.31}}, {"type": "Feature", "geometry": {"type": "Point", "coordinates": [-2.247481, 48.639556]}, "properties": {"id": "auto03363", "nom": "A3363", "auto": true, "z": 7.46, "saillie": 8.6}}, {"type": "Feature", "geometry": {"type": "Point", "coordinates": [-2.0270343, 48.6395557]}, "properties": {"id": "auto03364", "nom": "A3364", "auto": true, "z": 12.97, "saillie": 14.84}}, {"type": "Feature", "geometry": {"type": "Point", "coordinates": [-2.0443866, 48.6395424]}, "properties": {"id": "auto03365", "nom": "A3365", "auto": true, "z": -1.37, "saillie": 4.8}}, {"type": "Feature", "geometry": {"type": "Point", "coordinates": [-2.0464523, 48.6395269]}, "properties": {"id": "auto03366", "nom": "A3366", "auto": true, "z": 4.91, "saillie": 5.97}}, {"type": "Feature", "geometry": {"type": "Point", "coordinates": [-2.106674, 48.6395173]}, "properties": {"id": "auto03367", "nom": "A3367", "auto": true, "z": 7.29, "saillie": 3.23}}, {"type": "Feature", "geometry": {"type": "Point", "coordinates": [-2.2463327, 48.6394984]}, "properties": {"id": "auto03368", "nom": "A3368", "auto": true, "z": 11.76, "saillie": 13.63}}, {"type": "Feature", "geometry": {"type": "Point", "coordinates": [-2.0827349, 48.6394967]}, "properties": {"id": "auto03369", "nom": "A3369", "auto": true, "z": 0.03, "saillie": 1.54}}, {"type": "Feature", "geometry": {"type": "Point", "coordinates": [-2.2454587, 48.6394648]}, "properties": {"id": "auto03370", "nom": "A3370", "auto": true, "z": 7.1, "saillie": 9.4}}, {"type": "Feature", "geometry": {"type": "Point", "coordinates": [-2.1563941, 48.6394641]}, "properties": {"id": "auto03371", "nom": "A3371", "auto": true, "z": 2.42, "saillie": 3.25}}, {"type": "Feature", "geometry": {"type": "Point", "coordinates": [-2.2448051, 48.6394576]}, "properties": {"id": "auto03372", "nom": "A3372", "auto": true, "z": 9.49, "saillie": 11.73}}, {"type": "Feature", "geometry": {"type": "Point", "coordinates": [-2.2477952, 48.6394339]}, "properties": {"id": "auto03373", "nom": "A3373", "auto": true, "z": 6.29, "saillie": 7.32}}, {"type": "Feature", "geometry": {"type": "Point", "coordinates": [-2.0265871, 48.6394304]}, "properties": {"id": "auto03374", "nom": "A3374", "auto": true, "z": 12.33, "saillie": 13.8}}, {"type": "Feature", "geometry": {"type": "Point", "coordinates": [-2.0276741, 48.6394205]}, "properties": {"id": "auto03375", "nom": "A3375", "auto": true, "z": 9.29, "saillie": 10.9}}, {"type": "Feature", "geometry": {"type": "Point", "coordinates": [-2.0457883, 48.6394108]}, "properties": {"id": "auto03376", "nom": "A3376", "auto": true, "z": -1.31, "saillie": 3.96}}, {"type": "Feature", "geometry": {"type": "Point", "coordinates": [-2.1176526, 48.6394061]}, "properties": {"id": "auto03377", "nom": "A3377", "auto": true, "z": 7.94, "saillie": 2.28}}, {"type": "Feature", "geometry": {"type": "Point", "coordinates": [-2.0823994, 48.6394029]}, "properties": {"id": "auto03378", "nom": "A3378", "auto": true, "z": -0.3, "saillie": 1.02}}, {"type": "Feature", "geometry": {"type": "Point", "coordinates": [-2.2483333, 48.6393741]}, "properties": {"id": "auto03379", "nom": "A3379", "auto": true, "z": 11.69, "saillie": 12.31}}, {"type": "Feature", "geometry": {"type": "Point", "coordinates": [-2.1636204, 48.639367]}, "properties": {"id": "auto03380", "nom": "A3380", "auto": true, "z": 0.82, "saillie": 3.76}}, {"type": "Feature", "geometry": {"type": "Point", "coordinates": [-2.2430537, 48.6393545]}, "properties": {"id": "auto03381", "nom": "A3381", "auto": true, "z": 12.91, "saillie": 15.08}}, {"type": "Feature", "geometry": {"type": "Point", "coordinates": [-2.1330981, 48.6393537]}, "properties": {"id": "auto03382", "nom": "A3382", "auto": true, "z": 10.35, "saillie": 7.38}}, {"type": "Feature", "geometry": {"type": "Point", "coordinates": [-2.2467516, 48.6393357]}, "properties": {"id": "auto03383", "nom": "A3383", "auto": true, "z": 7.73, "saillie": 9.13}}, {"type": "Feature", "geometry": {"type": "Point", "coordinates": [-2.027122, 48.6393357]}, "properties": {"id": "auto03384", "nom": "A3384", "auto": true, "z": 12.32, "saillie": 13.57}}, {"type": "Feature", "geometry": {"type": "Point", "coordinates": [-2.0255439, 48.6393303]}, "properties": {"id": "auto03385", "nom": "A3385", "auto": true, "z": 12.14, "saillie": 13.01}}, {"type": "Feature", "geometry": {"type": "Point", "coordinates": [-2.0465399, 48.6393069]}, "properties": {"id": "auto03386", "nom": "A3386", "auto": true, "z": 6.29, "saillie": 7.44}}, {"type": "Feature", "geometry": {"type": "Point", "coordinates": [-2.0804823, 48.6392685]}, "properties": {"id": "auto03387", "nom": "A3387", "auto": true, "z": 11.57, "saillie": 7.07}}, {"type": "Feature", "geometry": {"type": "Point", "coordinates": [-2.2451663, 48.6392614]}, "properties": {"id": "auto03388", "nom": "A3388", "auto": true, "z": 11.7, "saillie": 14.0}}, {"type": "Feature", "geometry": {"type": "Point", "coordinates": [-2.1629562, 48.6392516]}, "properties": {"id": "auto03389", "nom": "A3389", "auto": true, "z": 4.35, "saillie": 4.17}}, {"type": "Feature", "geometry": {"type": "Point", "coordinates": [-2.1639348, 48.6392452]}, "properties": {"id": "auto03390", "nom": "A3390", "auto": true, "z": 3.15, "saillie": 5.91}}, {"type": "Feature", "geometry": {"type": "Point", "coordinates": [-2.241082, 48.639225]}, "properties": {"id": "auto03391", "nom": "A3391", "auto": true, "z": -1.7, "saillie": 1.07}}, {"type": "Feature", "geometry": {"type": "Point", "coordinates": [-2.24712, 48.6392113]}, "properties": {"id": "auto03392", "nom": "A3392", "auto": true, "z": 7.54, "saillie": 8.37}}, {"type": "Feature", "geometry": {"type": "Point", "coordinates": [-2.1619162, 48.6391886]}, "properties": {"id": "auto03393", "nom": "A3393", "auto": true, "z": 10.46, "saillie": 7.36}}, {"type": "Feature", "geometry": {"type": "Point", "coordinates": [-2.1171404, 48.6391757]}, "properties": {"id": "auto03394", "nom": "A3394", "auto": true, "z": 9.33, "saillie": 1.99}}, {"type": "Feature", "geometry": {"type": "Point", "coordinates": [-2.2414575, 48.6391724]}, "properties": {"id": "auto03395", "nom": "A3395", "auto": true, "z": -1.63, "saillie": 1.0}}, {"type": "Feature", "geometry": {"type": "Point", "coordinates": [-2.1330228, 48.6391406]}, "properties": {"id": "auto03396", "nom": "A3396", "auto": true, "z": 11.2, "saillie": 7.15}}, {"type": "Feature", "geometry": {"type": "Point", "coordinates": [-2.2458597, 48.6391226]}, "properties": {"id": "auto03397", "nom": "A3397", "auto": true, "z": 9.35, "saillie": 11.29}}, {"type": "Feature", "geometry": {"type": "Point", "coordinates": [-2.2479795, 48.6391013]}, "properties": {"id": "auto03398", "nom": "A3398", "auto": true, "z": 10.91, "saillie": 11.55}}, {"type": "Feature", "geometry": {"type": "Point", "coordinates": [-2.1415598, 48.6390965]}, "properties": {"id": "auto03399", "nom": "A3399", "auto": true, "z": -2.44, "saillie": 4.19}}, {"type": "Feature", "geometry": {"type": "Point", "coordinates": [-2.2474342, 48.6390892]}, "properties": {"id": "auto03400", "nom": "A3400", "auto": true, "z": 10.25, "saillie": 11.27}}, {"type": "Feature", "geometry": {"type": "Point", "coordinates": [-2.1175126, 48.6390876]}, "properties": {"id": "auto03401", "nom": "A3401", "auto": true, "z": 8.57, "saillie": 1.75}}, {"type": "Feature", "geometry": {"type": "Point", "coordinates": [-2.0807899, 48.6390751]}, "properties": {"id": "auto03402", "nom": "A3402", "auto": true, "z": 10.37, "saillie": 7.58}}, {"type": "Feature", "geometry": {"type": "Point", "coordinates": [-2.1197408, 48.6390639]}, "properties": {"id": "auto03403", "nom": "A3403", "auto": true, "z": 5.37, "saillie": 1.6}}, {"type": "Feature", "geometry": {"type": "Point", "coordinates": [-2.1643505, 48.6390469]}, "properties": {"id": "auto03404", "nom": "A3404", "auto": true, "z": 3.67, "saillie": 11.25}}, {"type": "Feature", "geometry": {"type": "Point", "coordinates": [-2.2464483, 48.6390245]}, "properties": {"id": "auto03405", "nom": "A3405", "auto": true, "z": 7.03, "saillie": 8.97}}, {"type": "Feature", "geometry": {"type": "Point", "coordinates": [-2.0804037, 48.6390194]}, "properties": {"id": "auto03406", "nom": "A3406", "auto": true, "z": 9.61, "saillie": 3.68}}, {"type": "Feature", "geometry": {"type": "Point", "coordinates": [-2.1568392, 48.6390121]}, "properties": {"id": "auto03407", "nom": "A3407", "auto": true, "z": 0.82, "saillie": 1.54}}, {"type": "Feature", "geometry": {"type": "Point", "coordinates": [-2.2469358, 48.639003]}, "properties": {"id": "auto03408", "nom": "A3408", "auto": true, "z": 9.31, "saillie": 10.14}}, {"type": "Feature", "geometry": {"type": "Point", "coordinates": [-2.2487848, 48.6389936]}, "properties": {"id": "auto03409", "nom": "A3409", "auto": true, "z": 5.13, "saillie": 3.11}}, {"type": "Feature", "geometry": {"type": "Point", "coordinates": [-2.0278494, 48.6389805]}, "properties": {"id": "auto03410", "nom": "A3410", "auto": true, "z": 8.68, "saillie": 8.43}}, {"type": "Feature", "geometry": {"type": "Point", "coordinates": [-2.0262713, 48.6389751]}, "properties": {"id": "auto03411", "nom": "A3411", "auto": true, "z": 8.25, "saillie": 9.01}}, {"type": "Feature", "geometry": {"type": "Point", "coordinates": [-2.0251774, 48.6389131]}, "properties": {"id": "auto03412", "nom": "A3412", "auto": true, "z": 11.24, "saillie": 11.02}}, {"type": "Feature", "geometry": {"type": "Point", "coordinates": [-2.1056357, 48.6389128]}, "properties": {"id": "auto03413", "nom": "A3413", "auto": true, "z": 11.77, "saillie": 6.45}}, {"type": "Feature", "geometry": {"type": "Point", "coordinates": [-2.2473042, 48.6388786]}, "properties": {"id": "auto03414", "nom": "A3414", "auto": true, "z": 10.73, "saillie": 11.56}}, {"type": "Feature", "geometry": {"type": "Point", "coordinates": [-2.2452314, 48.6388258]}, "properties": {"id": "auto03415", "nom": "A3415", "auto": true, "z": 8.88, "saillie": 11.13}}, {"type": "Feature", "geometry": {"type": "Point", "coordinates": [-2.2438158, 48.6388161]}, "properties": {"id": "auto03416", "nom": "A3416", "auto": true, "z": 13.55, "saillie": 15.7}}, {"type": "Feature", "geometry": {"type": "Point", "coordinates": [-2.1434889, 48.6387968]}, "properties": {"id": "auto03417", "nom": "A3417", "auto": true, "z": -2.06, "saillie": 5.39}}, {"type": "Feature", "geometry": {"type": "Point", "coordinates": [-2.2467517, 48.6387948]}, "properties": {"id": "auto03418", "nom": "A3418", "auto": true, "z": 9.96, "saillie": 10.76}}, {"type": "Feature", "geometry": {"type": "Point", "coordinates": [-2.02685, 48.6387704]}, "properties": {"id": "auto03419", "nom": "A3419", "auto": true, "z": 11.74, "saillie": 12.26}}, {"type": "Feature", "geometry": {"type": "Point", "coordinates": [-2.156706, 48.6387655]}, "properties": {"id": "auto03420", "nom": "A3420", "auto": true, "z": 0.33, "saillie": 1.33}}, {"type": "Feature", "geometry": {"type": "Point", "coordinates": [-2.2458778, 48.6387612]}, "properties": {"id": "auto03421", "nom": "A3421", "auto": true, "z": -1.22, "saillie": 1.11}}, {"type": "Feature", "geometry": {"type": "Point", "coordinates": [-2.0273376, 48.6387497]}, "properties": {"id": "auto03422", "nom": "A3422", "auto": true, "z": 12.54, "saillie": 12.38}}, {"type": "Feature", "geometry": {"type": "Point", "coordinates": [-2.2485393, 48.638716]}, "properties": {"id": "auto03423", "nom": "A3423", "auto": true, "z": 5.2, "saillie": 4.08}}, {"type": "Feature", "geometry": {"type": "Point", "coordinates": [-2.118727, 48.6387109]}, "properties": {"id": "auto03424", "nom": "A3424", "auto": true, "z": 12.03, "saillie": 6.01}}, {"type": "Feature", "geometry": {"type": "Point", "coordinates": [-2.0802097, 48.6387032]}, "properties": {"id": "auto03425", "nom": "A3425", "auto": true, "z": 12.48, "saillie": 4.93}}, {"type": "Feature", "geometry": {"type": "Point", "coordinates": [-2.1409757, 48.638689]}, "properties": {"id": "auto03426", "nom": "A3426", "auto": true, "z": -1.89, "saillie": 3.15}}, {"type": "Feature", "geometry": {"type": "Point", "coordinates": [-2.2477195, 48.63868]}, "properties": {"id": "auto03427", "nom": "A3427", "auto": true, "z": 11.72, "saillie": 13.06}}, {"type": "Feature", "geometry": {"type": "Point", "coordinates": [-2.1572407, 48.6386702]}, "properties": {"id": "auto03428", "nom": "A3428", "auto": true, "z": 1.67, "saillie": 2.12}}, {"type": "Feature", "geometry": {"type": "Point", "coordinates": [-2.1640947, 48.6386613]}, "properties": {"id": "auto03429", "nom": "A3429", "auto": true, "z": 1.75, "saillie": 5.25}}, {"type": "Feature", "geometry": {"type": "Point", "coordinates": [-2.246192, 48.6386392]}, "properties": {"id": "auto03430", "nom": "A3430", "auto": true, "z": 10.66, "saillie": 12.93}}, {"type": "Feature", "geometry": {"type": "Point", "coordinates": [-2.0258033, 48.6386343]}, "properties": {"id": "auto03431", "nom": "A3431", "auto": true, "z": 10.77, "saillie": 10.58}}, {"type": "Feature", "geometry": {"type": "Point", "coordinates": [-2.2424869, 48.6385862]}, "properties": {"id": "auto03432", "nom": "A3432", "auto": true, "z": -0.13, "saillie": 2.49}}, {"type": "Feature", "geometry": {"type": "Point", "coordinates": [-2.0263959, 48.6385732]}, "properties": {"id": "auto03433", "nom": "A3433", "auto": true, "z": 13.04, "saillie": 12.69}}, {"type": "Feature", "geometry": {"type": "Point", "coordinates": [-2.0269376, 48.6385503]}, "properties": {"id": "auto03434", "nom": "A3434", "auto": true, "z": 13.56, "saillie": 13.07}}, {"type": "Feature", "geometry": {"type": "Point", "coordinates": [-2.0460302, 48.6385353]}, "properties": {"id": "auto03435", "nom": "A3435", "auto": true, "z": 0.53, "saillie": 3.4}}, {"type": "Feature", "geometry": {"type": "Point", "coordinates": [-2.0253019, 48.6385113]}, "properties": {"id": "auto03436", "nom": "A3436", "auto": true, "z": 11.03, "saillie": 10.57}}, {"type": "Feature", "geometry": {"type": "Point", "coordinates": [-2.1629323, 48.6384594]}, "properties": {"id": "auto03437", "nom": "A3437", "auto": true, "z": 6.29, "saillie": 4.93}}, {"type": "Feature", "geometry": {"type": "Point", "coordinates": [-2.1430743, 48.6384541]}, "properties": {"id": "auto03438", "nom": "A3438", "auto": true, "z": -0.55, "saillie": 3.54}}, {"type": "Feature", "geometry": {"type": "Point", "coordinates": [-2.1640735, 48.6384459]}, "properties": {"id": "auto03439", "nom": "A3439", "auto": true, "z": 4.48, "saillie": 7.67}}, {"type": "Feature", "geometry": {"type": "Point", "coordinates": [-2.2470407, 48.6384215]}, "properties": {"id": "auto03440", "nom": "A3440", "auto": true, "z": 4.8, "saillie": 7.0}}, {"type": "Feature", "geometry": {"type": "Point", "coordinates": [-2.025891, 48.6384143]}, "properties": {"id": "auto03441", "nom": "A3441", "auto": true, "z": 13.42, "saillie": 13.1}}, {"type": "Feature", "geometry": {"type": "Point", "coordinates": [-2.2456792, 48.6384094]}, "properties": {"id": "auto03442", "nom": "A3442", "auto": true, "z": -1.39, "saillie": 1.1}}, {"type": "Feature", "geometry": {"type": "Point", "coordinates": [-2.1679845, 48.6383843]}, "properties": {"id": "auto03443", "nom": "A3443", "auto": true, "z": -0.36, "saillie": 10.76}}, {"type": "Feature", "geometry": {"type": "Point", "coordinates": [-2.1316921, 48.6383327]}, "properties": {"id": "auto03444", "nom": "A3444", "auto": true, "z": 8.85, "saillie": 7.41}}, {"type": "Feature", "geometry": {"type": "Point", "coordinates": [-2.1676524, 48.6383266]}, "properties": {"id": "auto03445", "nom": "A3445", "auto": true, "z": -0.84, "saillie": 10.53}}, {"type": "Feature", "geometry": {"type": "Point", "coordinates": [-2.2462137, 48.6383137]}, "properties": {"id": "auto03446", "nom": "A3446", "auto": true, "z": 12.25, "saillie": 14.52}}, {"type": "Feature", "geometry": {"type": "Point", "coordinates": [-2.0322978, 48.6382877]}, "properties": {"id": "auto03447", "nom": "A3447", "auto": true, "z": 1.17, "saillie": 5.13}}, {"type": "Feature", "geometry": {"type": "Point", "coordinates": [-2.1230904, 48.6382707]}, "properties": {"id": "auto03448", "nom": "A3448", "auto": true, "z": 8.16, "saillie": 5.23}}, {"type": "Feature", "geometry": {"type": "Point", "coordinates": [-2.025061, 48.6382691]}, "properties": {"id": "auto03449", "nom": "A3449", "auto": true, "z": 9.62, "saillie": 9.03}}, {"type": "Feature", "geometry": {"type": "Point", "coordinates": [-2.1431073, 48.6382364]}, "properties": {"id": "auto03450", "nom": "A3450", "auto": true, "z": -0.4, "saillie": 3.84}}, {"type": "Feature", "geometry": {"type": "Point", "coordinates": [-2.2480554, 48.6382325]}, "properties": {"id": "auto03451", "nom": "A3451", "auto": true, "z": 4.58, "saillie": 4.48}}, {"type": "Feature", "geometry": {"type": "Point", "coordinates": [-2.162308, 48.638198]}, "properties": {"id": "auto03452", "nom": "A3452", "auto": true, "z": 11.39, "saillie": 5.49}}, {"type": "Feature", "geometry": {"type": "Point", "coordinates": [-2.0259786, 48.6381943]}, "properties": {"id": "auto03453", "nom": "A3453", "auto": true, "z": 12.91, "saillie": 12.59}}, {"type": "Feature", "geometry": {"type": "Point", "coordinates": [-2.0254334, 48.6381812]}, "properties": {"id": "auto03454", "nom": "A3454", "auto": true, "z": 9.17, "saillie": 8.85}}, {"type": "Feature", "geometry": {"type": "Point", "coordinates": [-2.1423383, 48.6381614]}, "properties": {"id": "auto03455", "nom": "A3455", "auto": true, "z": -1.31, "saillie": 3.84}}, {"type": "Feature", "geometry": {"type": "Point", "coordinates": [-2.1635504, 48.638108]}, "properties": {"id": "auto03456", "nom": "A3456", "auto": true, "z": 4.25, "saillie": 7.27}}, {"type": "Feature", "geometry": {"type": "Point", "coordinates": [-2.1399912, 48.6380826]}, "properties": {"id": "auto03457", "nom": "A3457", "auto": true, "z": -2.31, "saillie": 2.65}}, {"type": "Feature", "geometry": {"type": "Point", "coordinates": [-2.0465304, 48.6380815]}, "properties": {"id": "auto03458", "nom": "A3458", "auto": true, "z": 4.41, "saillie": 4.47}}, {"type": "Feature", "geometry": {"type": "Point", "coordinates": [-2.1386298, 48.6380693]}, "properties": {"id": "auto03459", "nom": "A3459", "auto": true, "z": -2.28, "saillie": 2.7}}, {"type": "Feature", "geometry": {"type": "Point", "coordinates": [-2.2470588, 48.6380601]}, "properties": {"id": "auto03460", "nom": "A3460", "auto": true, "z": 0.12, "saillie": 2.32}}, {"type": "Feature", "geometry": {"type": "Point", "coordinates": [-2.1643595, 48.6380369]}, "properties": {"id": "auto03461", "nom": "A3461", "auto": true, "z": 2.87, "saillie": 11.09}}, {"type": "Feature", "geometry": {"type": "Point", "coordinates": [-2.1227949, 48.638031]}, "properties": {"id": "auto03462", "nom": "A3462", "auto": true, "z": 5.92, "saillie": 1.79}}, {"type": "Feature", "geometry": {"type": "Point", "coordinates": [-2.2475896, 48.6379285]}, "properties": {"id": "auto03463", "nom": "A3463", "auto": true, "z": 4.07, "saillie": 4.41}}, {"type": "Feature", "geometry": {"type": "Point", "coordinates": [-2.1429672, 48.6379179]}, "properties": {"id": "auto03464", "nom": "A3464", "auto": true, "z": 0.99, "saillie": 4.49}}, {"type": "Feature", "geometry": {"type": "Point", "coordinates": [-2.1403492, 48.6378508]}, "properties": {"id": "auto03465", "nom": "A3465", "auto": true, "z": -1.56, "saillie": 2.06}}, {"type": "Feature", "geometry": {"type": "Point", "coordinates": [-2.0315486, 48.6378507]}, "properties": {"id": "auto03466", "nom": "A3466", "auto": true, "z": 11.51, "saillie": 9.1}}, {"type": "Feature", "geometry": {"type": "Point", "coordinates": [-2.1227196, 48.6378179]}, "properties": {"id": "auto03467", "nom": "A3467", "auto": true, "z": 6.72, "saillie": 2.04}}, {"type": "Feature", "geometry": {"type": "Point", "coordinates": [-2.1417577, 48.6377899]}, "properties": {"id": "auto03468", "nom": "A3468", "auto": true, "z": 1.07, "saillie": 4.78}}, {"type": "Feature", "geometry": {"type": "Point", "coordinates": [-2.0451413, 48.6377798]}, "properties": {"id": "auto03469", "nom": "A3469", "auto": true, "z": -2.36, "saillie": 3.36}}, {"type": "Feature", "geometry": {"type": "Point", "coordinates": [-2.2425124, 48.6377557]}, "properties": {"id": "auto03470", "nom": "A3470", "auto": true, "z": -1.69, "saillie": 1.03}}, {"type": "Feature", "geometry": {"type": "Point", "coordinates": [-2.142184, 48.6376994]}, "properties": {"id": "auto03471", "nom": "A3471", "auto": true, "z": 0.29, "saillie": 3.93}}, {"type": "Feature", "geometry": {"type": "Point", "coordinates": [-2.1391292, 48.637615]}, "properties": {"id": "auto03472", "nom": "A3472", "auto": true, "z": -2.34, "saillie": 2.5}}, {"type": "Feature", "geometry": {"type": "Point", "coordinates": [-2.2452136, 48.6375645]}, "properties": {"id": "auto03473", "nom": "A3473", "auto": true, "z": -1.42, "saillie": 1.11}}, {"type": "Feature", "geometry": {"type": "Point", "coordinates": [-2.2748646, 48.6375516]}, "properties": {"id": "auto03474", "nom": "A3474", "auto": true, "z": 6.44, "saillie": 4.41}}, {"type": "Feature", "geometry": {"type": "Point", "coordinates": [-2.1416788, 48.6375409]}, "properties": {"id": "auto03475", "nom": "A3475", "auto": true, "z": 0.85, "saillie": 3.9}}, {"type": "Feature", "geometry": {"type": "Point", "coordinates": [-2.1312318, 48.6375232]}, "properties": {"id": "auto03476", "nom": "A3476", "auto": true, "z": 12.77, "saillie": 7.81}}, {"type": "Feature", "geometry": {"type": "Point", "coordinates": [-2.1233957, 48.6375004]}, "properties": {"id": "auto03477", "nom": "A3477", "auto": true, "z": 6.7, "saillie": 1.92}}, {"type": "Feature", "geometry": {"type": "Point", "coordinates": [-2.1412855, 48.6374137]}, "properties": {"id": "auto03478", "nom": "A3478", "auto": true, "z": 0.76, "saillie": 3.3}}, {"type": "Feature", "geometry": {"type": "Point", "coordinates": [-2.1422641, 48.6374075]}, "properties": {"id": "auto03479", "nom": "A3479", "auto": true, "z": 0.2, "saillie": 3.12}}, {"type": "Feature", "geometry": {"type": "Point", "coordinates": [-2.050047, 48.6373193]}, "properties": {"id": "auto03480", "nom": "A3480", "auto": true, "z": 11.96, "saillie": 5.16}}, {"type": "Feature", "geometry": {"type": "Point", "coordinates": [-2.2451342, 48.6373156]}, "properties": {"id": "auto03481", "nom": "A3481", "auto": true, "z": -1.04, "saillie": 1.69}}, {"type": "Feature", "geometry": {"type": "Point", "coordinates": [-2.1546035, 48.6373062]}, "properties": {"id": "auto03482", "nom": "A3482", "auto": true, "z": -0.79, "saillie": 1.42}}, {"type": "Feature", "geometry": {"type": "Point", "coordinates": [-2.1540041, 48.6372961]}, "properties": {"id": "auto03483", "nom": "A3483", "auto": true, "z": -1.34, "saillie": 1.3}}, {"type": "Feature", "geometry": {"type": "Point", "coordinates": [-2.2460009, 48.6372774]}, "properties": {"id": "auto03484", "nom": "A3484", "auto": true, "z": 1.46, "saillie": 2.63}}, {"type": "Feature", "geometry": {"type": "Point", "coordinates": [-2.1403469, 48.637274]}, "properties": {"id": "auto03485", "nom": "A3485", "auto": true, "z": 2.05, "saillie": 5.15}}, {"type": "Feature", "geometry": {"type": "Point", "coordinates": [-2.2747814, 48.6372668]}, "properties": {"id": "auto03486", "nom": "A3486", "auto": true, "z": 8.38, "saillie": 3.95}}, {"type": "Feature", "geometry": {"type": "Point", "coordinates": [-2.1395272, 48.6372373]}, "properties": {"id": "auto03487", "nom": "A3487", "auto": true, "z": -2.25, "saillie": 1.89}}, {"type": "Feature", "geometry": {"type": "Point", "coordinates": [-2.0324142, 48.6372372]}, "properties": {"id": "auto03488", "nom": "A3488", "auto": true, "z": -2.49, "saillie": 2.67}}, {"type": "Feature", "geometry": {"type": "Point", "coordinates": [-2.1425715, 48.6372139]}, "properties": {"id": "auto03489", "nom": "A3489", "auto": true, "z": -1.54, "saillie": 2.8}}, {"type": "Feature", "geometry": {"type": "Point", "coordinates": [-2.1384332, 48.6371764]}, "properties": {"id": "auto03490", "nom": "A3490", "auto": true, "z": -1.25, "saillie": 2.58}}, {"type": "Feature", "geometry": {"type": "Point", "coordinates": [-2.162476, 48.6371451]}, "properties": {"id": "auto03491", "nom": "A3491", "auto": true, "z": 5.51, "saillie": 6.5}}, {"type": "Feature", "geometry": {"type": "Point", "coordinates": [-2.1500177, 48.6371442]}, "properties": {"id": "auto03492", "nom": "A3492", "auto": true, "z": 2.57, "saillie": 7.77}}, {"type": "Feature", "geometry": {"type": "Point", "coordinates": [-2.2428303, 48.6371287]}, "properties": {"id": "auto03493", "nom": "A3493", "auto": true, "z": -0.51, "saillie": 1.22}}, {"type": "Feature", "geometry": {"type": "Point", "coordinates": [-2.1620933, 48.6371256]}, "properties": {"id": "auto03494", "nom": "A3494", "auto": true, "z": 8.31, "saillie": 6.38}}, {"type": "Feature", "geometry": {"type": "Point", "coordinates": [-2.0834289, 48.6371236]}, "properties": {"id": "auto03495", "nom": "A3495", "auto": true, "z": 9.05, "saillie": 4.57}}, {"type": "Feature", "geometry": {"type": "Point", "coordinates": [-2.141037, 48.6370999]}, "properties": {"id": "auto03496", "nom": "A3496", "auto": true, "z": 1.3, "saillie": 2.88}}, {"type": "Feature", "geometry": {"type": "Point", "coordinates": [-2.1629059, 48.6370904]}, "properties": {"id": "auto03497", "nom": "A3497", "auto": true, "z": 2.66, "saillie": 5.97}}, {"type": "Feature", "geometry": {"type": "Point", "coordinates": [-2.2447768, 48.6370068]}, "properties": {"id": "auto03498", "nom": "A3498", "auto": true, "z": -1.12, "saillie": 1.61}}, {"type": "Feature", "geometry": {"type": "Point", "coordinates": [-2.0358135, 48.6369492]}, "properties": {"id": "auto03499", "nom": "A3499", "auto": true, "z": -2.28, "saillie": 3.11}}, {"type": "Feature", "geometry": {"type": "Point", "coordinates": [-2.1414562, 48.6369376]}, "properties": {"id": "auto03500", "nom": "A3500", "auto": true, "z": 2.12, "saillie": 2.16}}, {"type": "Feature", "geometry": {"type": "Point", "coordinates": [-2.1632167, 48.6369327]}, "properties": {"id": "auto03501", "nom": "A3501", "auto": true, "z": 1.31, "saillie": 6.46}}, {"type": "Feature", "geometry": {"type": "Point", "coordinates": [-2.0447872, 48.6369296]}, "properties": {"id": "auto03502", "nom": "A3502", "auto": true, "z": -1.08, "saillie": 4.27}}, {"type": "Feature", "geometry": {"type": "Point", "coordinates": [-2.1400407, 48.6369266]}, "properties": {"id": "auto03503", "nom": "A3503", "auto": true, "z": -2.07, "saillie": 1.15}}, {"type": "Feature", "geometry": {"type": "Point", "coordinates": [-2.2435671, 48.6368799]}, "properties": {"id": "auto03504", "nom": "A3504", "auto": true, "z": -0.32, "saillie": 1.02}}, {"type": "Feature", "geometry": {"type": "Point", "coordinates": [-2.1406837, 48.6368268]}, "properties": {"id": "auto03505", "nom": "A3505", "auto": true, "z": 7.41, "saillie": 9.39}}, {"type": "Feature", "geometry": {"type": "Point", "coordinates": [-2.2439932, 48.6367889]}, "properties": {"id": "auto03506", "nom": "A3506", "auto": true, "z": -0.1, "saillie": 1.75}}, {"type": "Feature", "geometry": {"type": "Point", "coordinates": [-2.1599923, 48.6367841]}, "properties": {"id": "auto03507", "nom": "A3507", "auto": true, "z": 8.04, "saillie": 6.26}}, {"type": "Feature", "geometry": {"type": "Point", "coordinates": [-2.1499788, 48.6367493]}, "properties": {"id": "auto03508", "nom": "A3508", "auto": true, "z": 4.91, "saillie": 8.26}}, {"type": "Feature", "geometry": {"type": "Point", "coordinates": [-2.1617293, 48.6367448]}, "properties": {"id": "auto03509", "nom": "A3509", "auto": true, "z": 8.79, "saillie": 8.72}}, {"type": "Feature", "geometry": {"type": "Point", "coordinates": [-2.1594976, 48.6367334]}, "properties": {"id": "auto03510", "nom": "A3510", "auto": true, "z": 7.02, "saillie": 4.01}}, {"type": "Feature", "geometry": {"type": "Point", "coordinates": [-2.1413267, 48.6367269]}, "properties": {"id": "auto03511", "nom": "A3511", "auto": true, "z": 2.12, "saillie": 1.72}}, {"type": "Feature", "geometry": {"type": "Point", "coordinates": [-2.1400702, 48.636673]}, "properties": {"id": "auto03512", "nom": "A3512", "auto": true, "z": -1.33, "saillie": 1.38}}, {"type": "Feature", "geometry": {"type": "Point", "coordinates": [-2.1390339, 48.6366456]}, "properties": {"id": "auto03513", "nom": "A3513", "auto": true, "z": -0.86, "saillie": 2.1}}, {"type": "Feature", "geometry": {"type": "Point", "coordinates": [-2.0324638, 48.6366222]}, "properties": {"id": "auto03514", "nom": "A3514", "auto": true, "z": -1.93, "saillie": 2.85}}, {"type": "Feature", "geometry": {"type": "Point", "coordinates": [-2.2446793, 48.6365784]}, "properties": {"id": "auto03515", "nom": "A3515", "auto": true, "z": 0.19, "saillie": 1.96}}, {"type": "Feature", "geometry": {"type": "Point", "coordinates": [-2.1406555, 48.6365395]}, "properties": {"id": "auto03516", "nom": "A3516", "auto": true, "z": 4.48, "saillie": 6.46}}, {"type": "Feature", "geometry": {"type": "Point", "coordinates": [-2.1500117, 48.6365315]}, "properties": {"id": "auto03517", "nom": "A3517", "auto": true, "z": 10.35, "saillie": 11.41}}, {"type": "Feature", "geometry": {"type": "Point", "coordinates": [-2.1385828, 48.6364848]}, "properties": {"id": "auto03518", "nom": "A3518", "auto": true, "z": 5.56, "saillie": 7.66}}, {"type": "Feature", "geometry": {"type": "Point", "coordinates": [-2.168497, 48.6364149]}, "properties": {"id": "auto03519", "nom": "A3519", "auto": true, "z": -0.33, "saillie": 9.73}}, {"type": "Feature", "geometry": {"type": "Point", "coordinates": [-2.146513, 48.6363584]}, "properties": {"id": "auto03520", "nom": "A3520", "auto": true, "z": -1.28, "saillie": 2.49}}, {"type": "Feature", "geometry": {"type": "Point", "coordinates": [-2.1418331, 48.6363444]}, "properties": {"id": "auto03521", "nom": "A3521", "auto": true, "z": 1.63, "saillie": 4.66}}, {"type": "Feature", "geometry": {"type": "Point", "coordinates": [-2.1621236, 48.6363311]}, "properties": {"id": "auto03522", "nom": "A3522", "auto": true, "z": 1.69, "saillie": 5.11}}, {"type": "Feature", "geometry": {"type": "Point", "coordinates": [-2.0326529, 48.6363258]}, "properties": {"id": "auto03523", "nom": "A3523", "auto": true, "z": -2.33, "saillie": 2.53}}, {"type": "Feature", "geometry": {"type": "Point", "coordinates": [-2.1500411, 48.6362778]}, "properties": {"id": "auto03524", "nom": "A3524", "auto": true, "z": 9.49, "saillie": 9.0}}, {"type": "Feature", "geometry": {"type": "Point", "coordinates": [-2.1491132, 48.6362459]}, "properties": {"id": "auto03525", "nom": "A3525", "auto": true, "z": -1.8, "saillie": 1.19}}, {"type": "Feature", "geometry": {"type": "Point", "coordinates": [-2.1407897, 48.6362453]}, "properties": {"id": "auto03526", "nom": "A3526", "auto": true, "z": 3.99, "saillie": 4.33}}, {"type": "Feature", "geometry": {"type": "Point", "coordinates": [-2.1401361, 48.6362375]}, "properties": {"id": "auto03527", "nom": "A3527", "auto": true, "z": 1.93, "saillie": 3.62}}, {"type": "Feature", "geometry": {"type": "Point", "coordinates": [-2.2557978, 48.6362319]}, "properties": {"id": "auto03528", "nom": "A3528", "auto": true, "z": 13.24, "saillie": 1.07}}, {"type": "Feature", "geometry": {"type": "Point", "coordinates": [-2.1654857, 48.6362212]}, "properties": {"id": "auto03529", "nom": "A3529", "auto": true, "z": 0.37, "saillie": 6.34}}, {"type": "Feature", "geometry": {"type": "Point", "coordinates": [-2.0339427, 48.6361631]}, "properties": {"id": "auto03530", "nom": "A3530", "auto": true, "z": 1.52, "saillie": 6.02}}, {"type": "Feature", "geometry": {"type": "Point", "coordinates": [-2.1684686, 48.6361277]}, "properties": {"id": "auto03531", "nom": "A3531", "auto": true, "z": 4.71, "saillie": 14.08}}, {"type": "Feature", "geometry": {"type": "Point", "coordinates": [-2.1344058, 48.6360522]}, "properties": {"id": "auto03532", "nom": "A3532", "auto": true, "z": 10.03, "saillie": 4.21}}, {"type": "Feature", "geometry": {"type": "Point", "coordinates": [-2.1362005, 48.6360469]}, "properties": {"id": "auto03533", "nom": "A3533", "auto": true, "z": 7.76, "saillie": 4.31}}, {"type": "Feature", "geometry": {"type": "Point", "coordinates": [-2.1647602, 48.6360364]}, "properties": {"id": "auto03534", "nom": "A3534", "auto": true, "z": 2.49, "saillie": 6.77}}, {"type": "Feature", "geometry": {"type": "Point", "coordinates": [-2.0344706, 48.6359965]}, "properties": {"id": "auto03535", "nom": "A3535", "auto": true, "z": 1.08, "saillie": 6.6}}, {"type": "Feature", "geometry": {"type": "Point", "coordinates": [-2.139187, 48.63599]}, "properties": {"id": "auto03536", "nom": "A3536", "auto": true, "z": 6.06, "saillie": 5.72}}, {"type": "Feature", "geometry": {"type": "Point", "coordinates": [-2.1611096, 48.6359784]}, "properties": {"id": "auto03537", "nom": "A3537", "auto": true, "z": -1.42, "saillie": 2.17}}, {"type": "Feature", "geometry": {"type": "Point", "coordinates": [-2.1378763, 48.6359385]}, "properties": {"id": "auto03538", "nom": "A3538", "auto": true, "z": 10.24, "saillie": 6.0}}, {"type": "Feature", "geometry": {"type": "Point", "coordinates": [-2.1509844, 48.6359125]}, "properties": {"id": "auto03539", "nom": "A3539", "auto": true, "z": 7.17, "saillie": 7.04}}, {"type": "Feature", "geometry": {"type": "Point", "coordinates": [-2.1383603, 48.6358815]}, "properties": {"id": "auto03540", "nom": "A3540", "auto": true, "z": 9.74, "saillie": 7.37}}, {"type": "Feature", "geometry": {"type": "Point", "coordinates": [-2.2557617, 48.6358729]}, "properties": {"id": "auto03541", "nom": "A3541", "auto": true, "z": 13.48, "saillie": 1.31}}, {"type": "Feature", "geometry": {"type": "Point", "coordinates": [-2.1649014, 48.6358139]}, "properties": {"id": "auto03542", "nom": "A3542", "auto": true, "z": 2.68, "saillie": 5.22}}, {"type": "Feature", "geometry": {"type": "Point", "coordinates": [-2.0337998, 48.6358086]}, "properties": {"id": "auto03543", "nom": "A3543", "auto": true, "z": 3.18, "saillie": 4.18}}, {"type": "Feature", "geometry": {"type": "Point", "coordinates": [-2.166205, 48.6357933]}, "properties": {"id": "auto03544", "nom": "A3544", "auto": true, "z": 1.4, "saillie": 7.21}}, {"type": "Feature", "geometry": {"type": "Point", "coordinates": [-2.1502083, 48.6357658]}, "properties": {"id": "auto03545", "nom": "A3545", "auto": true, "z": 10.74, "saillie": 8.68}}, {"type": "Feature", "geometry": {"type": "Point", "coordinates": [-2.1362806, 48.635755]}, "properties": {"id": "auto03546", "nom": "A3546", "auto": true, "z": 7.64, "saillie": 3.01}}, {"type": "Feature", "geometry": {"type": "Point", "coordinates": [-2.1398665, 48.6357083]}, "properties": {"id": "auto03547", "nom": "A3547", "auto": true, "z": 7.92, "saillie": 7.06}}, {"type": "Feature", "geometry": {"type": "Point", "coordinates": [-2.1377974, 48.6356895]}, "properties": {"id": "auto03548", "nom": "A3548", "auto": true, "z": 12.43, "saillie": 6.61}}, {"type": "Feature", "geometry": {"type": "Point", "coordinates": [-2.1670105, 48.6356862]}, "properties": {"id": "auto03549", "nom": "A3549", "auto": true, "z": -2.49, "saillie": 5.33}}, {"type": "Feature", "geometry": {"type": "Point", "coordinates": [-2.1388844, 48.6356786]}, "properties": {"id": "auto03550", "nom": "A3550", "auto": true, "z": 9.91, "saillie": 6.24}}, {"type": "Feature", "geometry": {"type": "Point", "coordinates": [-2.1382308, 48.6356708]}, "properties": {"id": "auto03551", "nom": "A3551", "auto": true, "z": 10.32, "saillie": 5.3}}, {"type": "Feature", "geometry": {"type": "Point", "coordinates": [-2.0334033, 48.6356451]}, "properties": {"id": "auto03552", "nom": "A3552", "auto": true, "z": 2.2, "saillie": 6.74}}, {"type": "Feature", "geometry": {"type": "Point", "coordinates": [-2.1372993, 48.6356028]}, "properties": {"id": "auto03553", "nom": "A3553", "auto": true, "z": 13.36, "saillie": 8.28}}, {"type": "Feature", "geometry": {"type": "Point", "coordinates": [-2.1357178, 48.6355629]}, "properties": {"id": "auto03554", "nom": "A3554", "auto": true, "z": 7.31, "saillie": 1.35}}, {"type": "Feature", "geometry": {"type": "Point", "coordinates": [-2.1420262, 48.6355428]}, "properties": {"id": "auto03555", "nom": "A3555", "auto": true, "z": 1.34, "saillie": 2.76}}, {"type": "Feature", "geometry": {"type": "Point", "coordinates": [-2.1650897, 48.6355173]}, "properties": {"id": "auto03556", "nom": "A3556", "auto": true, "z": 1.45, "saillie": 3.99}}, {"type": "Feature", "geometry": {"type": "Point", "coordinates": [-2.1403905, 48.6355053]}, "properties": {"id": "auto03557", "nom": "A3557", "auto": true, "z": 9.85, "saillie": 6.7}}, {"type": "Feature", "geometry": {"type": "Point", "coordinates": [-2.2556678, 48.6354804]}, "properties": {"id": "auto03558", "nom": "A3558", "auto": true, "z": 13.47, "saillie": 1.19}}, {"type": "Feature", "geometry": {"type": "Point", "coordinates": [-2.1363608, 48.6354631]}, "properties": {"id": "auto03559", "nom": "A3559", "auto": true, "z": 8.63, "saillie": 2.58}}, {"type": "Feature", "geometry": {"type": "Point", "coordinates": [-2.1502848, 48.635438]}, "properties": {"id": "auto03560", "nom": "A3560", "auto": true, "z": 12.8, "saillie": 9.24}}, {"type": "Feature", "geometry": {"type": "Point", "coordinates": [-2.1583337, 48.6354138]}, "properties": {"id": "auto03561", "nom": "A3561", "auto": true, "z": 1.04, "saillie": 2.76}}, {"type": "Feature", "geometry": {"type": "Point", "coordinates": [-2.1825347, 48.6353355]}, "properties": {"id": "auto03562", "nom": "A3562", "auto": true, "z": 2.55, "saillie": 13.11}}, {"type": "Feature", "geometry": {"type": "Point", "coordinates": [-2.1655595, 48.6353166]}, "properties": {"id": "auto03563", "nom": "A3563", "auto": true, "z": 1.91, "saillie": 3.53}}, {"type": "Feature", "geometry": {"type": "Point", "coordinates": [-2.1509242, 48.6353021]}, "properties": {"id": "auto03564", "nom": "A3564", "auto": true, "z": 8.57, "saillie": 5.23}}, {"type": "Feature", "geometry": {"type": "Point", "coordinates": [-2.0949433, 48.635261]}, "properties": {"id": "auto03565", "nom": "A3565", "auto": true, "z": 2.15, "saillie": 1.28}}, {"type": "Feature", "geometry": {"type": "Point", "coordinates": [-2.1660435, 48.6352595]}, "properties": {"id": "auto03566", "nom": "A3566", "auto": true, "z": 0.69, "saillie": 2.49}}, {"type": "Feature", "geometry": {"type": "Point", "coordinates": [-2.1465659, 48.6352384]}, "properties": {"id": "auto03567", "nom": "A3567", "auto": true, "z": 0.95, "saillie": 2.16}}, {"type": "Feature", "geometry": {"type": "Point", "coordinates": [-2.0336326, 48.6352028]}, "properties": {"id": "auto03568", "nom": "A3568", "auto": true, "z": 5.95, "saillie": 9.92}}, {"type": "Feature", "geometry": {"type": "Point", "coordinates": [-2.0944452, 48.6351741]}, "properties": {"id": "auto03569", "nom": "A3569", "auto": true, "z": 2.4, "saillie": 1.59}}, {"type": "Feature", "geometry": {"type": "Point", "coordinates": [-2.1363867, 48.6351735]}, "properties": {"id": "auto03570", "nom": "A3570", "auto": true, "z": 9.53, "saillie": 2.1}}, {"type": "Feature", "geometry": {"type": "Point", "coordinates": [-2.1673906, 48.6351289]}, "properties": {"id": "auto03571", "nom": "A3571", "auto": true, "z": 0.73, "saillie": 5.4}}, {"type": "Feature", "geometry": {"type": "Point", "coordinates": [-2.1666287, 48.6351259]}, "properties": {"id": "auto03572", "nom": "A3572", "auto": true, "z": 1.43, "saillie": 5.24}}, {"type": "Feature", "geometry": {"type": "Point", "coordinates": [-2.0341675, 48.6351081]}, "properties": {"id": "auto03573", "nom": "A3573", "auto": true, "z": 1.21, "saillie": 7.03}}, {"type": "Feature", "geometry": {"type": "Point", "coordinates": [-2.1826723, 48.6350771]}, "properties": {"id": "auto03574", "nom": "A3574", "auto": true, "z": 6.59, "saillie": 15.66}}, {"type": "Feature", "geometry": {"type": "Point", "coordinates": [-2.1421428, 48.6350691]}, "properties": {"id": "auto03575", "nom": "A3575", "auto": true, "z": 3.74, "saillie": 3.4}}, {"type": "Feature", "geometry": {"type": "Point", "coordinates": [-2.1384416, 48.6350487]}, "properties": {"id": "auto03576", "nom": "A3576", "auto": true, "z": 11.22, "saillie": 3.57}}, {"type": "Feature", "geometry": {"type": "Point", "coordinates": [-2.1699871, 48.63498]}, "properties": {"id": "auto03577", "nom": "A3577", "auto": true, "z": -2.37, "saillie": 5.24}}, {"type": "Feature", "geometry": {"type": "Point", "coordinates": [-2.1369108, 48.6349706]}, "properties": {"id": "auto03578", "nom": "A3578", "auto": true, "z": 13.53, "saillie": 5.43}}, {"type": "Feature", "geometry": {"type": "Point", "coordinates": [-2.0870219, 48.6349149]}, "properties": {"id": "auto03579", "nom": "A3579", "auto": true, "z": 12.9, "saillie": 5.04}}, {"type": "Feature", "geometry": {"type": "Point", "coordinates": [-2.1591002, 48.6349118]}, "properties": {"id": "auto03580", "nom": "A3580", "auto": true, "z": 1.23, "saillie": 4.78}}, {"type": "Feature", "geometry": {"type": "Point", "coordinates": [-2.0912613, 48.6348778]}, "properties": {"id": "auto03581", "nom": "A3581", "auto": true, "z": 8.35, "saillie": 5.26}}, {"type": "Feature", "geometry": {"type": "Point", "coordinates": [-2.14223, 48.634849]}, "properties": {"id": "auto03582", "nom": "A3582", "auto": true, "z": 2.67, "saillie": 1.85}}, {"type": "Feature", "geometry": {"type": "Point", "coordinates": [-2.1685574, 48.6348258]}, "properties": {"id": "auto03583", "nom": "A3583", "auto": true, "z": 0.95, "saillie": 7.88}}, {"type": "Feature", "geometry": {"type": "Point", "coordinates": [-2.0885352, 48.6348141]}, "properties": {"id": "auto03584", "nom": "A3584", "auto": true, "z": 9.9, "saillie": 3.52}}, {"type": "Feature", "geometry": {"type": "Point", "coordinates": [-2.0903299, 48.6348095]}, "properties": {"id": "auto03585", "nom": "A3585", "auto": true, "z": 6.53, "saillie": 2.37}}, {"type": "Feature", "geometry": {"type": "Point", "coordinates": [-2.0874448, 48.6347886]}, "properties": {"id": "auto03586", "nom": "A3586", "auto": true, "z": 11.82, "saillie": 3.79}}, {"type": "Feature", "geometry": {"type": "Point", "coordinates": [-2.167792, 48.6347869]}, "properties": {"id": "auto03587", "nom": "A3587", "auto": true, "z": 1.25, "saillie": 6.68}}, {"type": "Feature", "geometry": {"type": "Point", "coordinates": [-2.1670301, 48.634784]}, "properties": {"id": "auto03588", "nom": "A3588", "auto": true, "z": 4.39, "saillie": 5.01}}, {"type": "Feature", "geometry": {"type": "Point", "coordinates": [-2.1826402, 48.634754]}, "properties": {"id": "auto03589", "nom": "A3589", "auto": true, "z": 7.27, "saillie": 10.31}}, {"type": "Feature", "geometry": {"type": "Point", "coordinates": [-2.1522289, 48.6347408]}, "properties": {"id": "auto03590", "nom": "A3590", "auto": true, "z": 5.36, "saillie": 7.34}}, {"type": "Feature", "geometry": {"type": "Point", "coordinates": [-2.1585337, 48.634684]}, "properties": {"id": "auto03591", "nom": "A3591", "auto": true, "z": -1.68, "saillie": 1.1}}, {"type": "Feature", "geometry": {"type": "Point", "coordinates": [-2.1692474, 48.6346516]}, "properties": {"id": "auto03592", "nom": "A3592", "auto": true, "z": -1.18, "saillie": 6.88}}, {"type": "Feature", "geometry": {"type": "Point", "coordinates": [-2.1437832, 48.6346015]}, "properties": {"id": "auto03593", "nom": "A3593", "auto": true, "z": 3.87, "saillie": 3.04}}, {"type": "Feature", "geometry": {"type": "Point", "coordinates": [-2.1581945, 48.6345544]}, "properties": {"id": "auto03594", "nom": "A3594", "auto": true, "z": -0.55, "saillie": 1.93}}, {"type": "Feature", "geometry": {"type": "Point", "coordinates": [-2.089706, 48.6345477]}, "properties": {"id": "auto03595", "nom": "A3595", "auto": true, "z": 10.1, "saillie": 3.8}}, {"type": "Feature", "geometry": {"type": "Point", "coordinates": [-2.1839224, 48.6345178]}, "properties": {"id": "auto03596", "nom": "A3596", "auto": true, "z": 6.1, "saillie": 14.57}}, {"type": "Feature", "geometry": {"type": "Point", "coordinates": [-2.1674892, 48.6344756]}, "properties": {"id": "auto03597", "nom": "A3597", "auto": true, "z": 4.77, "saillie": 4.95}}, {"type": "Feature", "geometry": {"type": "Point", "coordinates": [-2.1671065, 48.6344561]}, "properties": {"id": "auto03598", "nom": "A3598", "auto": true, "z": 4.47, "saillie": 4.49}}, {"type": "Feature", "geometry": {"type": "Point", "coordinates": [-2.1678106, 48.6344256]}, "properties": {"id": "auto03599", "nom": "A3599", "auto": true, "z": 4.71, "saillie": 7.9}}, {"type": "Feature", "geometry": {"type": "Point", "coordinates": [-2.1404471, 48.6344212]}, "properties": {"id": "auto03600", "nom": "A3600", "auto": true, "z": 11.1, "saillie": 3.75}}, {"type": "Feature", "geometry": {"type": "Point", "coordinates": [-2.1488786, 48.6344172]}, "properties": {"id": "auto03601", "nom": "A3601", "auto": true, "z": 6.39, "saillie": 4.51}}, {"type": "Feature", "geometry": {"type": "Point", "coordinates": [-2.1572559, 48.6344148]}, "properties": {"id": "auto03602", "nom": "A3602", "auto": true, "z": -1.73, "saillie": 1.4}}, {"type": "Feature", "geometry": {"type": "Point", "coordinates": [-2.0450863, 48.6343932]}, "properties": {"id": "auto03603", "nom": "A3603", "auto": true, "z": 1.29, "saillie": 1.46}}, {"type": "Feature", "geometry": {"type": "Point", "coordinates": [-2.0926278, 48.6343866]}, "properties": {"id": "auto03604", "nom": "A3604", "auto": true, "z": 11.57, "saillie": 5.44}}, {"type": "Feature", "geometry": {"type": "Point", "coordinates": [-2.1834171, 48.6343596]}, "properties": {"id": "auto03605", "nom": "A3605", "auto": true, "z": 9.26, "saillie": 12.48}}, {"type": "Feature", "geometry": {"type": "Point", "coordinates": [-2.0280539, 48.634321]}, "properties": {"id": "auto03606", "nom": "A3606", "auto": true, "z": 7.77, "saillie": 4.61}}, {"type": "Feature", "geometry": {"type": "Point", "coordinates": [-2.158278, 48.6342984]}, "properties": {"id": "auto03607", "nom": "A3607", "auto": true, "z": -1.07, "saillie": 1.43}}, {"type": "Feature", "geometry": {"type": "Point", "coordinates": [-2.1468531, 48.6342885]}, "properties": {"id": "auto03608", "nom": "A3608", "auto": true, "z": 11.72, "saillie": 10.27}}, {"type": "Feature", "geometry": {"type": "Point", "coordinates": [-2.1419462, 48.6341762]}, "properties": {"id": "auto03609", "nom": "A3609", "auto": true, "z": 4.33, "saillie": 1.46}}, {"type": "Feature", "geometry": {"type": "Point", "coordinates": [-2.1436866, 48.634173]}, "properties": {"id": "auto03610", "nom": "A3610", "auto": true, "z": 6.52, "saillie": 4.57}}, {"type": "Feature", "geometry": {"type": "Point", "coordinates": [-2.1440552, 48.6340489]}, "properties": {"id": "auto03611", "nom": "A3611", "auto": true, "z": 4.93, "saillie": 2.7}}, {"type": "Feature", "geometry": {"type": "Point", "coordinates": [-2.1574913, 48.6340441]}, "properties": {"id": "auto03612", "nom": "A3612", "auto": true, "z": -0.01, "saillie": 3.03}}, {"type": "Feature", "geometry": {"type": "Point", "coordinates": [-2.1567836, 48.6340387]}, "properties": {"id": "auto03613", "nom": "A3613", "auto": true, "z": -1.13, "saillie": 2.43}}, {"type": "Feature", "geometry": {"type": "Point", "coordinates": [-2.2832622, 48.6339696]}, "properties": {"id": "auto03614", "nom": "A3614", "auto": true, "z": 5.53, "saillie": 1.78}}, {"type": "Feature", "geometry": {"type": "Point", "coordinates": [-2.1586795, 48.6339565]}, "properties": {"id": "auto03615", "nom": "A3615", "auto": true, "z": -0.62, "saillie": 3.06}}, {"type": "Feature", "geometry": {"type": "Point", "coordinates": [-2.1398018, 48.6339443]}, "properties": {"id": "auto03616", "nom": "A3616", "auto": true, "z": 12.13, "saillie": 3.83}}, {"type": "Feature", "geometry": {"type": "Point", "coordinates": [-2.2552923, 48.6339104]}, "properties": {"id": "auto03617", "nom": "A3617", "auto": true, "z": 13.5, "saillie": 1.97}}, {"type": "Feature", "geometry": {"type": "Point", "coordinates": [-2.0250767, 48.633906]}, "properties": {"id": "auto03618", "nom": "A3618", "auto": true, "z": 9.01, "saillie": 2.96}}, {"type": "Feature", "geometry": {"type": "Point", "coordinates": [-2.1482839, 48.6339021]}, "properties": {"id": "auto03619", "nom": "A3619", "auto": true, "z": 8.42, "saillie": 3.76}}, {"type": "Feature", "geometry": {"type": "Point", "coordinates": [-2.1392531, 48.6338959]}, "properties": {"id": "auto03620", "nom": "A3620", "auto": true, "z": 10.46, "saillie": 1.63}}, {"type": "Feature", "geometry": {"type": "Point", "coordinates": [-2.1674288, 48.6338652]}, "properties": {"id": "auto03621", "nom": "A3621", "auto": true, "z": 1.15, "saillie": 8.28}}, {"type": "Feature", "geometry": {"type": "Point", "coordinates": [-2.0246364, 48.6338525]}, "properties": {"id": "auto03622", "nom": "A3622", "auto": true, "z": 8.62, "saillie": 4.08}}, {"type": "Feature", "geometry": {"type": "Point", "coordinates": [-2.153119, 48.6338369]}, "properties": {"id": "auto03623", "nom": "A3623", "auto": true, "z": 3.93, "saillie": 5.65}}, {"type": "Feature", "geometry": {"type": "Point", "coordinates": [-2.1433263, 48.633828]}, "properties": {"id": "auto03624", "nom": "A3624", "auto": true, "z": 7.61, "saillie": 4.3}}, {"type": "Feature", "geometry": {"type": "Point", "coordinates": [-2.1859202, 48.6338178]}, "properties": {"id": "auto03625", "nom": "A3625", "auto": true, "z": -0.69, "saillie": 8.13}}, {"type": "Feature", "geometry": {"type": "Point", "coordinates": [-2.1854833, 48.6338008]}, "properties": {"id": "auto03626", "nom": "A3626", "auto": true, "z": 2.51, "saillie": 11.24}}, {"type": "Feature", "geometry": {"type": "Point", "coordinates": [-2.1864006, 48.6337247]}, "properties": {"id": "auto03627", "nom": "A3627", "auto": true, "z": -1.74, "saillie": 7.76}}, {"type": "Feature", "geometry": {"type": "Point", "coordinates": [-2.1525054, 48.6336832]}, "properties": {"id": "auto03628", "nom": "A3628", "auto": true, "z": 7.03, "saillie": 5.21}}, {"type": "Feature", "geometry": {"type": "Point", "coordinates": [-2.1843209, 48.633599]}, "properties": {"id": "auto03629", "nom": "A3629", "auto": true, "z": 4.72, "saillie": 12.53}}, {"type": "Feature", "geometry": {"type": "Point", "coordinates": [-2.1838698, 48.6334384]}, "properties": {"id": "auto03630", "nom": "A3630", "auto": true, "z": 6.9, "saillie": 8.96}}, {"type": "Feature", "geometry": {"type": "Point", "coordinates": [-2.1856066, 48.6333987]}, "properties": {"id": "auto03631", "nom": "A3631", "auto": true, "z": 1.04, "saillie": 7.7}}, {"type": "Feature", "geometry": {"type": "Point", "coordinates": [-2.1845632, 48.6333]}, "properties": {"id": "auto03632", "nom": "A3632", "auto": true, "z": 4.3, "saillie": 6.96}}, {"type": "Feature", "geometry": {"type": "Point", "coordinates": [-2.1449018, 48.6332551]}, "properties": {"id": "auto03633", "nom": "A3633", "auto": true, "z": 6.27, "saillie": 1.77}}, {"type": "Feature", "geometry": {"type": "Point", "coordinates": [-2.1441871, 48.6331779]}, "properties": {"id": "auto03634", "nom": "A3634", "auto": true, "z": 9.1, "saillie": 3.81}}, {"type": "Feature", "geometry": {"type": "Point", "coordinates": [-2.1840579, 48.6331417]}, "properties": {"id": "auto03635", "nom": "A3635", "auto": true, "z": 7.24, "saillie": 7.23}}, {"type": "Feature", "geometry": {"type": "Point", "coordinates": [-2.185199, 48.6331281]}, "properties": {"id": "auto03636", "nom": "A3636", "auto": true, "z": 0.4, "saillie": 6.52}}, {"type": "Feature", "geometry": {"type": "Point", "coordinates": [-2.1518459, 48.6330628]}, "properties": {"id": "auto03637", "nom": "A3637", "auto": true, "z": 5.57, "saillie": 2.49}}, {"type": "Feature", "geometry": {"type": "Point", "coordinates": [-2.1453717, 48.6330545]}, "properties": {"id": "auto03638", "nom": "A3638", "auto": true, "z": 11.81, "saillie": 6.49}}, {"type": "Feature", "geometry": {"type": "Point", "coordinates": [-2.1844806, 48.6330151]}, "properties": {"id": "auto03639", "nom": "A3639", "auto": true, "z": 6.37, "saillie": 9.89}}, {"type": "Feature", "geometry": {"type": "Point", "coordinates": [-2.0274385, 48.6330131]}, "properties": {"id": "auto03640", "nom": "A3640", "auto": true, "z": -1.69, "saillie": 2.7}}, {"type": "Feature", "geometry": {"type": "Point", "coordinates": [-2.0489161, 48.6329328]}, "properties": {"id": "auto03641", "nom": "A3641", "auto": true, "z": 2.9, "saillie": 3.7}}, {"type": "Feature", "geometry": {"type": "Point", "coordinates": [-2.1835997, 48.6329093]}, "properties": {"id": "auto03642", "nom": "A3642", "auto": true, "z": 7.7, "saillie": 14.09}}, {"type": "Feature", "geometry": {"type": "Point", "coordinates": [-2.1937065, 48.632793]}, "properties": {"id": "auto03643", "nom": "A3643", "auto": true, "z": -0.98, "saillie": 8.38}}, {"type": "Feature", "geometry": {"type": "Point", "coordinates": [-2.1840223, 48.6327827]}, "properties": {"id": "auto03644", "nom": "A3644", "auto": true, "z": 5.11, "saillie": 7.91}}, {"type": "Feature", "geometry": {"type": "Point", "coordinates": [-2.1520884, 48.6327638]}, "properties": {"id": "auto03645", "nom": "A3645", "auto": true, "z": 3.9, "saillie": 1.54}}, {"type": "Feature", "geometry": {"type": "Point", "coordinates": [-2.1836325, 48.6326915]}, "properties": {"id": "auto03646", "nom": "A3646", "auto": true, "z": 5.66, "saillie": 11.17}}, {"type": "Feature", "geometry": {"type": "Point", "coordinates": [-2.0491627, 48.6326699]}, "properties": {"id": "auto03647", "nom": "A3647", "auto": true, "z": 2.9, "saillie": 3.87}}, {"type": "Feature", "geometry": {"type": "Point", "coordinates": [-2.2869879, 48.6326141]}, "properties": {"id": "auto03648", "nom": "A3648", "auto": true, "z": 9.83, "saillie": 5.64}}, {"type": "Feature", "geometry": {"type": "Point", "coordinates": [-2.28541, 48.6326121]}, "properties": {"id": "auto03649", "nom": "A3649", "auto": true, "z": 6.92, "saillie": 2.7}}, {"type": "Feature", "geometry": {"type": "Point", "coordinates": [-2.1511793, 48.6323705]}, "properties": {"id": "auto03650", "nom": "A3650", "auto": true, "z": 7.69, "saillie": 2.83}}, {"type": "Feature", "geometry": {"type": "Point", "coordinates": [-2.150468, 48.6323292]}, "properties": {"id": "auto03651", "nom": "A3651", "auto": true, "z": 10.04, "saillie": 3.85}}, {"type": "Feature", "geometry": {"type": "Point", "coordinates": [-2.183485, 48.6323013]}, "properties": {"id": "auto03652", "nom": "A3652", "auto": true, "z": 11.08, "saillie": 16.87}}, {"type": "Feature", "geometry": {"type": "Point", "coordinates": [-2.2874426, 48.6322693]}, "properties": {"id": "auto03653", "nom": "A3653", "auto": true, "z": 12.73, "saillie": 7.56}}, {"type": "Feature", "geometry": {"type": "Point", "coordinates": [-2.1518657, 48.6321605]}, "properties": {"id": "auto03654", "nom": "A3654", "auto": true, "z": 5.04, "saillie": 1.68}}, {"type": "Feature", "geometry": {"type": "Point", "coordinates": [-2.18602, 48.6320827]}, "properties": {"id": "auto03655", "nom": "A3655", "auto": true, "z": 11.06, "saillie": 12.13}}, {"type": "Feature", "geometry": {"type": "Point", "coordinates": [-2.1849731, 48.631948]}, "properties": {"id": "auto03656", "nom": "A3656", "auto": true, "z": 13.22, "saillie": 11.89}}, {"type": "Feature", "geometry": {"type": "Point", "coordinates": [-2.1864355, 48.6318843]}, "properties": {"id": "auto03657", "nom": "A3657", "auto": true, "z": 5.44, "saillie": 10.72}}, {"type": "Feature", "geometry": {"type": "Point", "coordinates": [-2.1854499, 48.6318191]}, "properties": {"id": "auto03658", "nom": "A3658", "auto": true, "z": 10.67, "saillie": 9.66}}, {"type": "Feature", "geometry": {"type": "Point", "coordinates": [-2.1858148, 48.6316589]}, "properties": {"id": "auto03659", "nom": "A3659", "auto": true, "z": 6.59, "saillie": 8.2}}, {"type": "Feature", "geometry": {"type": "Point", "coordinates": [-2.050142, 48.6315468]}, "properties": {"id": "auto03660", "nom": "A3660", "auto": true, "z": 0.21, "saillie": 1.18}}, {"type": "Feature", "geometry": {"type": "Point", "coordinates": [-2.187263, 48.6314515]}, "properties": {"id": "auto03661", "nom": "A3661", "auto": true, "z": -2.45, "saillie": 4.86}}, {"type": "Feature", "geometry": {"type": "Point", "coordinates": [-2.1032165, 48.631409]}, "properties": {"id": "auto03662", "nom": "A3662", "auto": true, "z": 13.42, "saillie": 1.87}}, {"type": "Feature", "geometry": {"type": "Point", "coordinates": [-2.1559657, 48.6312617]}, "properties": {"id": "auto03663", "nom": "A3663", "auto": true, "z": -2.0, "saillie": 1.02}}, {"type": "Feature", "geometry": {"type": "Point", "coordinates": [-2.1521022, 48.6312488]}, "properties": {"id": "auto03664", "nom": "A3664", "auto": true, "z": 5.01, "saillie": 1.35}}, {"type": "Feature", "geometry": {"type": "Point", "coordinates": [-2.1952321, 48.6311759]}, "properties": {"id": "auto03665", "nom": "A3665", "auto": true, "z": 11.06, "saillie": 12.52}}, {"type": "Feature", "geometry": {"type": "Point", "coordinates": [-2.0279125, 48.6311544]}, "properties": {"id": "auto03666", "nom": "A3666", "auto": true, "z": -2.24, "saillie": 2.29}}, {"type": "Feature", "geometry": {"type": "Point", "coordinates": [-2.1684661, 48.6311519]}, "properties": {"id": "auto03667", "nom": "A3667", "auto": true, "z": -1.21, "saillie": 6.82}}, {"type": "Feature", "geometry": {"type": "Point", "coordinates": [-2.1874946, 48.6310448]}, "properties": {"id": "auto03668", "nom": "A3668", "auto": true, "z": 2.53, "saillie": 7.12}}, {"type": "Feature", "geometry": {"type": "Point", "coordinates": [-2.1955393, 48.6309822]}, "properties": {"id": "auto03669", "nom": "A3669", "auto": true, "z": 8.76, "saillie": 10.21}}, {"type": "Feature", "geometry": {"type": "Point", "coordinates": [-2.049108, 48.6309777]}, "properties": {"id": "auto03670", "nom": "A3670", "auto": true, "z": 3.06, "saillie": 2.53}}, {"type": "Feature", "geometry": {"type": "Point", "coordinates": [-2.0494295, 48.630928]}, "properties": {"id": "auto03671", "nom": "A3671", "auto": true, "z": 3.08, "saillie": 3.3}}, {"type": "Feature", "geometry": {"type": "Point", "coordinates": [-2.186881, 48.6308913]}, "properties": {"id": "auto03672", "nom": "A3672", "auto": true, "z": 3.54, "saillie": 7.5}}, {"type": "Feature", "geometry": {"type": "Point", "coordinates": [-2.1848121, 48.6308733]}, "properties": {"id": "auto03673", "nom": "A3673", "auto": true, "z": 12.81, "saillie": 13.75}}, {"type": "Feature", "geometry": {"type": "Point", "coordinates": [-2.1510848, 48.6308602]}, "properties": {"id": "auto03674", "nom": "A3674", "auto": true, "z": 11.81, "saillie": 6.62}}, {"type": "Feature", "geometry": {"type": "Point", "coordinates": [-2.1554898, 48.6308497]}, "properties": {"id": "auto03675", "nom": "A3675", "auto": true, "z": 5.88, "saillie": 6.38}}, {"type": "Feature", "geometry": {"type": "Point", "coordinates": [-2.1538578, 48.6308483]}, "properties": {"id": "auto03676", "nom": "A3676", "auto": true, "z": 11.4, "saillie": 8.7}}, {"type": "Feature", "geometry": {"type": "Point", "coordinates": [-2.1962868, 48.6308413]}, "properties": {"id": "auto03677", "nom": "A3677", "auto": true, "z": 6.92, "saillie": 10.84}}, {"type": "Feature", "geometry": {"type": "Point", "coordinates": [-2.1838229, 48.6307722]}, "properties": {"id": "auto03678", "nom": "A3678", "auto": true, "z": 3.97, "saillie": 7.15}}, {"type": "Feature", "geometry": {"type": "Point", "coordinates": [-2.1857799, 48.630759]}, "properties": {"id": "auto03679", "nom": "A3679", "auto": true, "z": 10.66, "saillie": 12.12}}, {"type": "Feature", "geometry": {"type": "Point", "coordinates": [-2.1684812, 48.6307547]}, "properties": {"id": "auto03680", "nom": "A3680", "auto": true, "z": 2.17, "saillie": 8.7}}, {"type": "Feature", "geometry": {"type": "Point", "coordinates": [-2.0274376, 48.6307418]}, "properties": {"id": "auto03681", "nom": "A3681", "auto": true, "z": -1.14, "saillie": 1.74}}, {"type": "Feature", "geometry": {"type": "Point", "coordinates": [-2.1556853, 48.6306249]}, "properties": {"id": "auto03682", "nom": "A3682", "auto": true, "z": 4.48, "saillie": 5.51}}, {"type": "Feature", "geometry": {"type": "Point", "coordinates": [-2.1855419, 48.630553]}, "properties": {"id": "auto03683", "nom": "A3683", "auto": true, "z": 8.57, "saillie": 6.75}}, {"type": "Feature", "geometry": {"type": "Point", "coordinates": [-2.1947888, 48.6305462]}, "properties": {"id": "auto03684", "nom": "A3684", "auto": true, "z": -1.29, "saillie": 3.68}}, {"type": "Feature", "geometry": {"type": "Point", "coordinates": [-2.0267634, 48.6305179]}, "properties": {"id": "auto03685", "nom": "A3685", "auto": true, "z": -2.0, "saillie": 2.27}}, {"type": "Feature", "geometry": {"type": "Point", "coordinates": [-2.168673, 48.6304939]}, "properties": {"id": "auto03686", "nom": "A3686", "auto": true, "z": 2.22, "saillie": 9.22}}, {"type": "Feature", "geometry": {"type": "Point", "coordinates": [-2.188575, 48.6304208]}, "properties": {"id": "auto03687", "nom": "A3687", "auto": true, "z": 6.6, "saillie": 9.1}}, {"type": "Feature", "geometry": {"type": "Point", "coordinates": [-2.0277857, 48.6304026]}, "properties": {"id": "auto03688", "nom": "A3688", "auto": true, "z": -2.17, "saillie": 2.23}}, {"type": "Feature", "geometry": {"type": "Point", "coordinates": [-2.1861234, 48.6303834]}, "properties": {"id": "auto03689", "nom": "A3689", "auto": true, "z": 12.12, "saillie": 5.82}}, {"type": "Feature", "geometry": {"type": "Point", "coordinates": [-2.1840474, 48.6302936]}, "properties": {"id": "auto03690", "nom": "A3690", "auto": true, "z": 2.81, "saillie": 5.15}}, {"type": "Feature", "geometry": {"type": "Point", "coordinates": [-2.1559242, 48.63029]}, "properties": {"id": "auto03691", "nom": "A3691", "auto": true, "z": 4.01, "saillie": 4.31}}, {"type": "Feature", "geometry": {"type": "Point", "coordinates": [-2.1864377, 48.6302616]}, "properties": {"id": "auto03692", "nom": "A3692", "auto": true, "z": 12.88, "saillie": 9.33}}, {"type": "Feature", "geometry": {"type": "Point", "coordinates": [-2.1684821, 48.6302138]}, "properties": {"id": "auto03693", "nom": "A3693", "auto": true, "z": 4.09, "saillie": 7.49}}, {"type": "Feature", "geometry": {"type": "Point", "coordinates": [-2.1671751, 48.6301984]}, "properties": {"id": "auto03694", "nom": "A3694", "auto": true, "z": -0.29, "saillie": 6.94}}, {"type": "Feature", "geometry": {"type": "Point", "coordinates": [-2.1888244, 48.6301935]}, "properties": {"id": "auto03695", "nom": "A3695", "auto": true, "z": 9.63, "saillie": 8.54}}, {"type": "Feature", "geometry": {"type": "Point", "coordinates": [-2.1845784, 48.6301623]}, "properties": {"id": "auto03696", "nom": "A3696", "auto": true, "z": 5.23, "saillie": 5.47}}, {"type": "Feature", "geometry": {"type": "Point", "coordinates": [-2.1904529, 48.6301585]}, "properties": {"id": "auto03697", "nom": "A3697", "auto": true, "z": 3.62, "saillie": 10.22}}, {"type": "Feature", "geometry": {"type": "Point", "coordinates": [-2.185936, 48.6301392]}, "properties": {"id": "auto03698", "nom": "A3698", "auto": true, "z": 11.52, "saillie": 5.34}}, {"type": "Feature", "geometry": {"type": "Point", "coordinates": [-2.1891423, 48.6301076]}, "properties": {"id": "auto03699", "nom": "A3699", "auto": true, "z": 8.97, "saillie": 10.53}}, {"type": "Feature", "geometry": {"type": "Point", "coordinates": [-2.2501184, 48.6300641]}, "properties": {"id": "auto03700", "nom": "A3700", "auto": true, "z": 6.71, "saillie": 2.67}}, {"type": "Feature", "geometry": {"type": "Point", "coordinates": [-2.2872716, 48.6300412]}, "properties": {"id": "auto03701", "nom": "A3701", "auto": true, "z": 8.88, "saillie": 2.39}}, {"type": "Feature", "geometry": {"type": "Point", "coordinates": [-2.1916373, 48.6300347]}, "properties": {"id": "auto03702", "nom": "A3702", "auto": true, "z": -0.92, "saillie": 4.83}}, {"type": "Feature", "geometry": {"type": "Point", "coordinates": [-2.1520361, 48.6300258]}, "properties": {"id": "auto03703", "nom": "A3703", "auto": true, "z": 10.18, "saillie": 3.52}}, {"type": "Feature", "geometry": {"type": "Point", "coordinates": [-2.1870591, 48.629946]}, "properties": {"id": "auto03704", "nom": "A3704", "auto": true, "z": 10.73, "saillie": 8.53}}, {"type": "Feature", "geometry": {"type": "Point", "coordinates": [-2.168562, 48.6299218]}, "properties": {"id": "auto03705", "nom": "A3705", "auto": true, "z": 4.84, "saillie": 7.86}}, {"type": "Feature", "geometry": {"type": "Point", "coordinates": [-2.1695911, 48.6298771]}, "properties": {"id": "auto03706", "nom": "A3706", "auto": true, "z": -1.82, "saillie": 5.55}}, {"type": "Feature", "geometry": {"type": "Point", "coordinates": [-2.1909624, 48.6298118]}, "properties": {"id": "auto03707", "nom": "A3707", "auto": true, "z": 3.35, "saillie": 6.88}}, {"type": "Feature", "geometry": {"type": "Point", "coordinates": [-2.1876948, 48.6297741]}, "properties": {"id": "auto03708", "nom": "A3708", "auto": true, "z": 11.94, "saillie": 9.34}}, {"type": "Feature", "geometry": {"type": "Point", "coordinates": [-2.1845356, 48.6297315]}, "properties": {"id": "auto03709", "nom": "A3709", "auto": true, "z": 8.92, "saillie": 9.15}}, {"type": "Feature", "geometry": {"type": "Point", "coordinates": [-2.1880127, 48.6296881]}, "properties": {"id": "auto03710", "nom": "A3710", "auto": true, "z": 10.47, "saillie": 7.98}}, {"type": "Feature", "geometry": {"type": "Point", "coordinates": [-2.0267923, 48.6296875]}, "properties": {"id": "auto03711", "nom": "A3711", "auto": true, "z": -2.44, "saillie": 2.86}}, {"type": "Feature", "geometry": {"type": "Point", "coordinates": [-2.1889334, 48.6296479]}, "properties": {"id": "auto03712", "nom": "A3712", "auto": true, "z": 6.79, "saillie": 6.08}}, {"type": "Feature", "geometry": {"type": "Point", "coordinates": [-2.1683711, 48.6296417]}, "properties": {"id": "auto03713", "nom": "A3713", "auto": true, "z": 2.83, "saillie": 1.84}}, {"type": "Feature", "geometry": {"type": "Point", "coordinates": [-2.1883341, 48.629638]}, "properties": {"id": "auto03714", "nom": "A3714", "auto": true, "z": 13.11, "saillie": 9.5}}, {"type": "Feature", "geometry": {"type": "Point", "coordinates": [-2.1925188, 48.6295996]}, "properties": {"id": "auto03715", "nom": "A3715", "auto": true, "z": 10.38, "saillie": 11.86}}, {"type": "Feature", "geometry": {"type": "Point", "coordinates": [-2.1901756, 48.6295577]}, "properties": {"id": "auto03716", "nom": "A3716", "auto": true, "z": 1.17, "saillie": 3.06}}, {"type": "Feature", "geometry": {"type": "Point", "coordinates": [-2.0393906, 48.6294789]}, "properties": {"id": "auto03717", "nom": "A3717", "auto": true, "z": 2.0, "saillie": 1.34}}, {"type": "Feature", "geometry": {"type": "Point", "coordinates": [-2.1530156, 48.6294786]}, "properties": {"id": "auto03718", "nom": "A3718", "auto": true, "z": 9.97, "saillie": 2.38}}, {"type": "Feature", "geometry": {"type": "Point", "coordinates": [-2.169054, 48.6293957]}, "properties": {"id": "auto03719", "nom": "A3719", "auto": true, "z": 9.02, "saillie": 9.06}}, {"type": "Feature", "geometry": {"type": "Point", "coordinates": [-2.187439, 48.6293886]}, "properties": {"id": "auto03720", "nom": "A3720", "auto": true, "z": 10.68, "saillie": 5.18}}, {"type": "Feature", "geometry": {"type": "Point", "coordinates": [-2.1837346, 48.6293337]}, "properties": {"id": "auto03721", "nom": "A3721", "auto": true, "z": 5.66, "saillie": 7.98}}, {"type": "Feature", "geometry": {"type": "Point", "coordinates": [-2.1898798, 48.6293182]}, "properties": {"id": "auto03722", "nom": "A3722", "auto": true, "z": 1.21, "saillie": 2.46}}, {"type": "Feature", "geometry": {"type": "Point", "coordinates": [-2.1924361, 48.6293148]}, "properties": {"id": "auto03723", "nom": "A3723", "auto": true, "z": 11.54, "saillie": 11.02}}, {"type": "Feature", "geometry": {"type": "Point", "coordinates": [-2.039099, 48.629275]}, "properties": {"id": "auto03724", "nom": "A3724", "auto": true, "z": 1.99, "saillie": 2.35}}, {"type": "Feature", "geometry": {"type": "Point", "coordinates": [-2.195859, 48.6292735]}, "properties": {"id": "auto03725", "nom": "A3725", "auto": true, "z": -1.72, "saillie": 2.91}}, {"type": "Feature", "geometry": {"type": "Point", "coordinates": [-2.1918838, 48.6292307]}, "properties": {"id": "auto03726", "nom": "A3726", "auto": true, "z": 13.36, "saillie": 11.19}}, {"type": "Feature", "geometry": {"type": "Point", "coordinates": [-2.1689243, 48.629185]}, "properties": {"id": "auto03727", "nom": "A3727", "auto": true, "z": 5.89, "saillie": 4.37}}, {"type": "Feature", "geometry": {"type": "Point", "coordinates": [-2.169466, 48.6291614]}, "properties": {"id": "auto03728", "nom": "A3728", "auto": true, "z": 4.52, "saillie": 6.43}}, {"type": "Feature", "geometry": {"type": "Point", "coordinates": [-2.1948085, 48.629103]}, "properties": {"id": "auto03729", "nom": "A3729", "auto": true, "z": -2.44, "saillie": 1.62}}, {"type": "Feature", "geometry": {"type": "Point", "coordinates": [-2.1838722, 48.6290753]}, "properties": {"id": "auto03730", "nom": "A3730", "auto": true, "z": 2.64, "saillie": 4.83}}, {"type": "Feature", "geometry": {"type": "Point", "coordinates": [-2.028792, 48.6289901]}, "properties": {"id": "auto03731", "nom": "A3731", "auto": true, "z": 0.9, "saillie": 7.29}}, {"type": "Feature", "geometry": {"type": "Point", "coordinates": [-2.169228, 48.6289554]}, "properties": {"id": "auto03732", "nom": "A3732", "auto": true, "z": 8.19, "saillie": 7.65}}, {"type": "Feature", "geometry": {"type": "Point", "coordinates": [-2.1951192, 48.6289452]}, "properties": {"id": "auto03733", "nom": "A3733", "auto": true, "z": -2.45, "saillie": 1.22}}, {"type": "Feature", "geometry": {"type": "Point", "coordinates": [-2.1894579, 48.6289039]}, "properties": {"id": "auto03734", "nom": "A3734", "auto": true, "z": 3.36, "saillie": 2.32}}, {"type": "Feature", "geometry": {"type": "Point", "coordinates": [-2.195437, 48.6288592]}, "properties": {"id": "auto03735", "nom": "A3735", "auto": true, "z": -1.9, "saillie": 1.95}}, {"type": "Feature", "geometry": {"type": "Point", "coordinates": [-2.0528173, 48.6288373]}, "properties": {"id": "auto03736", "nom": "A3736", "auto": true, "z": 6.75, "saillie": 2.14}}, {"type": "Feature", "geometry": {"type": "Point", "coordinates": [-2.0281213, 48.6288021]}, "properties": {"id": "auto03737", "nom": "A3737", "auto": true, "z": -1.39, "saillie": 5.1}}, {"type": "Feature", "geometry": {"type": "Point", "coordinates": [-2.1912417, 48.62879]}, "properties": {"id": "auto03738", "nom": "A3738", "auto": true, "z": 13.37, "saillie": 8.99}}, {"type": "Feature", "geometry": {"type": "Point", "coordinates": [-2.0292588, 48.628754]}, "properties": {"id": "auto03739", "nom": "A3739", "auto": true, "z": -2.2, "saillie": 8.61}}, {"type": "Feature", "geometry": {"type": "Point", "coordinates": [-2.1882992, 48.6287381]}, "properties": {"id": "auto03740", "nom": "A3740", "auto": true, "z": 11.08, "saillie": 5.66}}, {"type": "Feature", "geometry": {"type": "Point", "coordinates": [-2.1569129, 48.6287328]}, "properties": {"id": "auto03741", "nom": "A3741", "auto": true, "z": 0.36, "saillie": 3.39}}, {"type": "Feature", "geometry": {"type": "Point", "coordinates": [-2.1886783, 48.6287215]}, "properties": {"id": "auto03742", "nom": "A3742", "auto": true, "z": 12.5, "saillie": 8.57}}, {"type": "Feature", "geometry": {"type": "Point", "coordinates": [-2.1858441, 48.6286649]}, "properties": {"id": "auto03743", "nom": "A3743", "auto": true, "z": 4.28, "saillie": 3.38}}, {"type": "Feature", "geometry": {"type": "Point", "coordinates": [-2.1947621, 48.6286363]}, "properties": {"id": "auto03744", "nom": "A3744", "auto": true, "z": -1.77, "saillie": 1.64}}, {"type": "Feature", "geometry": {"type": "Point", "coordinates": [-2.1901371, 48.6286218]}, "properties": {"id": "auto03745", "nom": "A3745", "auto": true, "z": 6.12, "saillie": 4.16}}, {"type": "Feature", "geometry": {"type": "Point", "coordinates": [-2.1564112, 48.6286103]}, "properties": {"id": "auto03746", "nom": "A3746", "auto": true, "z": 1.02, "saillie": 3.33}}, {"type": "Feature", "geometry": {"type": "Point", "coordinates": [-2.1540716, 48.6286035]}, "properties": {"id": "auto03747", "nom": "A3747", "auto": true, "z": 8.39, "saillie": 5.44}}, {"type": "Feature", "geometry": {"type": "Point", "coordinates": [-2.1941592, 48.6285905]}, "properties": {"id": "auto03748", "nom": "A3748", "auto": true, "z": -1.77, "saillie": 1.57}}, {"type": "Feature", "geometry": {"type": "Point", "coordinates": [-2.02462, 48.6285895]}, "properties": {"id": "auto03749", "nom": "A3749", "auto": true, "z": 0.16, "saillie": 5.29}}, {"type": "Feature", "geometry": {"type": "Point", "coordinates": [-2.1893175, 48.6285855]}, "properties": {"id": "auto03750", "nom": "A3750", "auto": true, "z": 4.24, "saillie": 1.85}}, {"type": "Feature", "geometry": {"type": "Point", "coordinates": [-2.1955168, 48.6285673]}, "properties": {"id": "auto03751", "nom": "A3751", "auto": true, "z": -1.95, "saillie": 1.49}}, {"type": "Feature", "geometry": {"type": "Point", "coordinates": [-2.201875, 48.6285057]}, "properties": {"id": "auto03752", "nom": "A3752", "auto": true, "z": 3.65, "saillie": 7.12}}, {"type": "Feature", "geometry": {"type": "Point", "coordinates": [-2.1574874, 48.6284915]}, "properties": {"id": "auto03753", "nom": "A3753", "auto": true, "z": 0.37, "saillie": 3.59}}, {"type": "Feature", "geometry": {"type": "Point", "coordinates": [-2.0253715, 48.6284857]}, "properties": {"id": "auto03754", "nom": "A3754", "auto": true, "z": 6.56, "saillie": 7.79}}, {"type": "Feature", "geometry": {"type": "Point", "coordinates": [-2.1519381, 48.6284796]}, "properties": {"id": "auto03755", "nom": "A3755", "auto": true, "z": 10.24, "saillie": 5.99}}, {"type": "Feature", "geometry": {"type": "Point", "coordinates": [-2.1697199, 48.6284292]}, "properties": {"id": "auto03756", "nom": "A3756", "auto": true, "z": 2.67, "saillie": 4.59}}, {"type": "Feature", "geometry": {"type": "Point", "coordinates": [-2.1581338, 48.6284274]}, "properties": {"id": "auto03757", "nom": "A3757", "auto": true, "z": -1.48, "saillie": 2.68}}, {"type": "Feature", "geometry": {"type": "Point", "coordinates": [-2.200615, 48.6284166]}, "properties": {"id": "auto03758", "nom": "A3758", "auto": true, "z": 2.3, "saillie": 6.33}}, {"type": "Feature", "geometry": {"type": "Point", "coordinates": [-2.0359687, 48.628398]}, "properties": {"id": "auto03759", "nom": "A3759", "auto": true, "z": -2.11, "saillie": 5.22}}, {"type": "Feature", "geometry": {"type": "Point", "coordinates": [-2.1943003, 48.628368]}, "properties": {"id": "auto03760", "nom": "A3760", "auto": true, "z": -1.37, "saillie": 1.61}}, {"type": "Feature", "geometry": {"type": "Point", "coordinates": [-2.1902204, 48.6283658]}, "properties": {"id": "auto03761", "nom": "A3761", "auto": true, "z": 5.57, "saillie": 1.44}}, {"type": "Feature", "geometry": {"type": "Point", "coordinates": [-2.1924481, 48.6283407]}, "properties": {"id": "auto03762", "nom": "A3762", "auto": true, "z": 7.11, "saillie": 7.89}}, {"type": "Feature", "geometry": {"type": "Point", "coordinates": [-2.1570364, 48.6283308]}, "properties": {"id": "auto03763", "nom": "A3763", "auto": true, "z": -0.48, "saillie": 2.67}}, {"type": "Feature", "geometry": {"type": "Point", "coordinates": [-2.2508082, 48.6282668]}, "properties": {"id": "auto03764", "nom": "A3764", "auto": true, "z": 13.1, "saillie": 2.88}}, {"type": "Feature", "geometry": {"type": "Point", "coordinates": [-2.2024493, 48.6282643]}, "properties": {"id": "auto03765", "nom": "A3765", "auto": true, "z": 7.14, "saillie": 6.73}}, {"type": "Feature", "geometry": {"type": "Point", "coordinates": [-2.1890111, 48.6282383]}, "properties": {"id": "auto03766", "nom": "A3766", "auto": true, "z": 4.83, "saillie": 1.21}}, {"type": "Feature", "geometry": {"type": "Point", "coordinates": [-2.1563181, 48.6282177]}, "properties": {"id": "auto03767", "nom": "A3767", "auto": true, "z": 0.27, "saillie": 2.19}}, {"type": "Feature", "geometry": {"type": "Point", "coordinates": [-2.1555021, 48.628217]}, "properties": {"id": "auto03768", "nom": "A3768", "auto": true, "z": -0.68, "saillie": 1.51}}, {"type": "Feature", "geometry": {"type": "Point", "coordinates": [-2.0251813, 48.6282053]}, "properties": {"id": "auto03769", "nom": "A3769", "auto": true, "z": 5.6, "saillie": 8.52}}, {"type": "Feature", "geometry": {"type": "Point", "coordinates": [-2.1847075, 48.6281735]}, "properties": {"id": "auto03770", "nom": "A3770", "auto": true, "z": 5.87, "saillie": 7.06}}, {"type": "Feature", "geometry": {"type": "Point", "coordinates": [-2.20059, 48.6281653]}, "properties": {"id": "auto03771", "nom": "A3771", "auto": true, "z": 4.13, "saillie": 7.01}}, {"type": "Feature", "geometry": {"type": "Point", "coordinates": [-2.1947663, 48.6281313]}, "properties": {"id": "auto03772", "nom": "A3772", "auto": true, "z": -1.52, "saillie": 1.15}}, {"type": "Feature", "geometry": {"type": "Point", "coordinates": [-2.152502, 48.6281307]}, "properties": {"id": "auto03773", "nom": "A3773", "auto": true, "z": 5.74, "saillie": 4.64}}, {"type": "Feature", "geometry": {"type": "Point", "coordinates": [-2.1898705, 48.6281287]}, "properties": {"id": "auto03774", "nom": "A3774", "auto": true, "z": 5.52, "saillie": 1.69}}, {"type": "Feature", "geometry": {"type": "Point", "coordinates": [-2.1700706, 48.6281255]}, "properties": {"id": "auto03775", "nom": "A3775", "auto": true, "z": 1.2, "saillie": 3.53}}, {"type": "Feature", "geometry": {"type": "Point", "coordinates": [-2.1576686, 48.6281231]}, "properties": {"id": "auto03776", "nom": "A3776", "auto": true, "z": 8.37, "saillie": 12.59}}, {"type": "Feature", "geometry": {"type": "Point", "coordinates": [-2.0245751, 48.6281227]}, "properties": {"id": "auto03777", "nom": "A3777", "auto": true, "z": -1.08, "saillie": 3.7}}, {"type": "Feature", "geometry": {"type": "Point", "coordinates": [-2.0255536, 48.6281174]}, "properties": {"id": "auto03778", "nom": "A3778", "auto": true, "z": 5.87, "saillie": 8.79}}, {"type": "Feature", "geometry": {"type": "Point", "coordinates": [-2.2019981, 48.6281037]}, "properties": {"id": "auto03779", "nom": "A3779", "auto": true, "z": 3.86, "saillie": 2.4}}, {"type": "Feature", "geometry": {"type": "Point", "coordinates": [-2.1863323, 48.6281027]}, "properties": {"id": "auto03780", "nom": "A3780", "auto": true, "z": 5.4, "saillie": 3.88}}, {"type": "Feature", "geometry": {"type": "Point", "coordinates": [-2.0241349, 48.6280692]}, "properties": {"id": "auto03781", "nom": "A3781", "auto": true, "z": -2.41, "saillie": 2.61}}, {"type": "Feature", "geometry": {"type": "Point", "coordinates": [-2.1882856, 48.6280536]}, "properties": {"id": "auto03782", "nom": "A3782", "auto": true, "z": 12.29, "saillie": 7.8}}, {"type": "Feature", "geometry": {"type": "Point", "coordinates": [-2.190896, 48.6280479]}, "properties": {"id": "auto03783", "nom": "A3783", "auto": true, "z": 11.72, "saillie": 5.85}}, {"type": "Feature", "geometry": {"type": "Point", "coordinates": [-2.1954633, 48.6280287]}, "properties": {"id": "auto03784", "nom": "A3784", "auto": true, "z": -0.85, "saillie": 1.46}}, {"type": "Feature", "geometry": {"type": "Point", "coordinates": [-2.1569503, 48.62801]}, "properties": {"id": "auto03785", "nom": "A3785", "auto": true, "z": 1.74, "saillie": 5.38}}, {"type": "Feature", "geometry": {"type": "Point", "coordinates": [-2.1994276, 48.6279637]}, "properties": {"id": "auto03786", "nom": "A3786", "auto": true, "z": 5.34, "saillie": 2.77}}, {"type": "Feature", "geometry": {"type": "Point", "coordinates": [-2.1697279, 48.6279601]}, "properties": {"id": "auto03787", "nom": "A3787", "auto": true, "z": 1.81, "saillie": 3.61}}, {"type": "Feature", "geometry": {"type": "Point", "coordinates": [-2.1515059, 48.6279575]}, "properties": {"id": "auto03788", "nom": "A3788", "auto": true, "z": 9.83, "saillie": 6.24}}, {"type": "Feature", "geometry": {"type": "Point", "coordinates": [-2.1924089, 48.6279458]}, "properties": {"id": "auto03789", "nom": "A3789", "auto": true, "z": 9.68, "saillie": 10.46}}, {"type": "Feature", "geometry": {"type": "Point", "coordinates": [-2.0369564, 48.6279236]}, "properties": {"id": "auto03790", "nom": "A3790", "auto": true, "z": 2.15, "saillie": 1.26}}, {"type": "Feature", "geometry": {"type": "Point", "coordinates": [-2.200565, 48.627914]}, "properties": {"id": "auto03791", "nom": "A3791", "auto": true, "z": 3.9, "saillie": 5.46}}, {"type": "Feature", "geometry": {"type": "Point", "coordinates": [-2.1998032, 48.6279112]}, "properties": {"id": "auto03792", "nom": "A3792", "auto": true, "z": 6.5, "saillie": 5.53}}, {"type": "Feature", "geometry": {"type": "Point", "coordinates": [-2.1754326, 48.6278924]}, "properties": {"id": "auto03793", "nom": "A3793", "auto": true, "z": -1.73, "saillie": 4.37}}, {"type": "Feature", "geometry": {"type": "Point", "coordinates": [-2.1560661, 48.6278681]}, "properties": {"id": "auto03794", "nom": "A3794", "auto": true, "z": 1.78, "saillie": 5.43}}, {"type": "Feature", "geometry": {"type": "Point", "coordinates": [-2.2502198, 48.627824]}, "properties": {"id": "auto03795", "nom": "A3795", "auto": true, "z": 13.04, "saillie": 2.99}}, {"type": "Feature", "geometry": {"type": "Point", "coordinates": [-2.1880982, 48.6278093]}, "properties": {"id": "auto03796", "nom": "A3796", "auto": true, "z": 8.29, "saillie": 2.98}}, {"type": "Feature", "geometry": {"type": "Point", "coordinates": [-2.2029986, 48.6277715]}, "properties": {"id": "auto03797", "nom": "A3797", "auto": true, "z": 9.89, "saillie": 10.1}}, {"type": "Feature", "geometry": {"type": "Point", "coordinates": [-2.2012512, 48.6277037]}, "properties": {"id": "auto03798", "nom": "A3798", "auto": true, "z": 2.32, "saillie": 3.4}}, {"type": "Feature", "geometry": {"type": "Point", "coordinates": [-2.2004352, 48.6277033]}, "properties": {"id": "auto03799", "nom": "A3799", "auto": true, "z": 3.51, "saillie": 3.0}}, {"type": "Feature", "geometry": {"type": "Point", "coordinates": [-2.1700822, 48.6276923]}, "properties": {"id": "auto03800", "nom": "A3800", "auto": true, "z": -0.57, "saillie": 2.13}}, {"type": "Feature", "geometry": {"type": "Point", "coordinates": [-2.2025004, 48.6276851]}, "properties": {"id": "auto03801", "nom": "A3801", "auto": true, "z": 5.23, "saillie": 3.94}}, {"type": "Feature", "geometry": {"type": "Point", "coordinates": [-2.0251296, 48.6276667]}, "properties": {"id": "auto03802", "nom": "A3802", "auto": true, "z": 1.32, "saillie": 7.12}}, {"type": "Feature", "geometry": {"type": "Point", "coordinates": [-2.1751369, 48.6276528]}, "properties": {"id": "auto03803", "nom": "A3803", "auto": true, "z": -2.43, "saillie": 3.31}}, {"type": "Feature", "geometry": {"type": "Point", "coordinates": [-2.0259386, 48.6275964]}, "properties": {"id": "auto03804", "nom": "A3804", "auto": true, "z": -1.32, "saillie": 10.99}}, {"type": "Feature", "geometry": {"type": "Point", "coordinates": [-2.2499237, 48.6275846]}, "properties": {"id": "auto03805", "nom": "A3805", "auto": true, "z": 12.96, "saillie": 2.88}}, {"type": "Feature", "geometry": {"type": "Point", "coordinates": [-2.172736, 48.627577]}, "properties": {"id": "auto03806", "nom": "A3806", "auto": true, "z": -2.44, "saillie": 3.94}}, {"type": "Feature", "geometry": {"type": "Point", "coordinates": [-2.0540534, 48.627559]}, "properties": {"id": "auto03807", "nom": "A3807", "auto": true, "z": 9.64, "saillie": 3.9}}, {"type": "Feature", "geometry": {"type": "Point", "coordinates": [-2.1707214, 48.6275564]}, "properties": {"id": "auto03808", "nom": "A3808", "auto": true, "z": 0.16, "saillie": 4.51}}, {"type": "Feature", "geometry": {"type": "Point", "coordinates": [-2.1904598, 48.62749]}, "properties": {"id": "auto03809", "nom": "A3809", "auto": true, "z": 13.31, "saillie": 4.27}}, {"type": "Feature", "geometry": {"type": "Point", "coordinates": [-2.2007388, 48.6274737]}, "properties": {"id": "auto03810", "nom": "A3810", "auto": true, "z": 5.02, "saillie": 3.84}}, {"type": "Feature", "geometry": {"type": "Point", "coordinates": [-2.1998651, 48.6274398]}, "properties": {"id": "auto03811", "nom": "A3811", "auto": true, "z": 7.59, "saillie": 4.08}}, {"type": "Feature", "geometry": {"type": "Point", "coordinates": [-2.1993199, 48.6274275]}, "properties": {"id": "auto03812", "nom": "A3812", "auto": true, "z": 5.14, "saillie": 1.44}}, {"type": "Feature", "geometry": {"type": "Point", "coordinates": [-2.2035586, 48.6273864]}, "properties": {"id": "auto03813", "nom": "A3813", "auto": true, "z": 11.77, "saillie": 8.05}}, {"type": "Feature", "geometry": {"type": "Point", "coordinates": [-2.1848457, 48.6273742]}, "properties": {"id": "auto03814", "nom": "A3814", "auto": true, "z": 12.33, "saillie": 13.56}}, {"type": "Feature", "geometry": {"type": "Point", "coordinates": [-2.1702127, 48.6273622]}, "properties": {"id": "auto03815", "nom": "A3815", "auto": true, "z": -0.17, "saillie": 2.92}}, {"type": "Feature", "geometry": {"type": "Point", "coordinates": [-2.2014321, 48.6273352]}, "properties": {"id": "auto03816", "nom": "A3816", "auto": true, "z": 1.84, "saillie": 1.45}}, {"type": "Feature", "geometry": {"type": "Point", "coordinates": [-2.1724945, 48.6273351]}, "properties": {"id": "auto03817", "nom": "A3817", "auto": true, "z": 1.25, "saillie": 6.37}}, {"type": "Feature", "geometry": {"type": "Point", "coordinates": [-2.0539208, 48.6273122]}, "properties": {"id": "auto03818", "nom": "A3818", "auto": true, "z": 6.79, "saillie": 1.28}}, {"type": "Feature", "geometry": {"type": "Point", "coordinates": [-2.2371104, 48.6272841]}, "properties": {"id": "auto03819", "nom": "A3819", "auto": true, "z": -0.96, "saillie": 1.1}}, {"type": "Feature", "geometry": {"type": "Point", "coordinates": [-2.2020784, 48.6272709]}, "properties": {"id": "auto03820", "nom": "A3820", "auto": true, "z": 1.51, "saillie": 2.12}}, {"type": "Feature", "geometry": {"type": "Point", "coordinates": [-2.1873335, 48.6272297]}, "properties": {"id": "auto03821", "nom": "A3821", "auto": true, "z": 11.68, "saillie": 4.79}}, {"type": "Feature", "geometry": {"type": "Point", "coordinates": [-2.1915722, 48.627189]}, "properties": {"id": "auto03822", "nom": "A3822", "auto": true, "z": 11.11, "saillie": 7.96}}, {"type": "Feature", "geometry": {"type": "Point", "coordinates": [-2.1994032, 48.6271715]}, "properties": {"id": "auto03823", "nom": "A3823", "auto": true, "z": 5.86, "saillie": 1.97}}, {"type": "Feature", "geometry": {"type": "Point", "coordinates": [-2.1730219, 48.6271679]}, "properties": {"id": "auto03824", "nom": "A3824", "auto": true, "z": -1.46, "saillie": 4.41}}, {"type": "Feature", "geometry": {"type": "Point", "coordinates": [-2.0543944, 48.6271479]}, "properties": {"id": "auto03825", "nom": "A3825", "auto": true, "z": 9.63, "saillie": 3.29}}, {"type": "Feature", "geometry": {"type": "Point", "coordinates": [-2.200703, 48.6271147]}, "properties": {"id": "auto03826", "nom": "A3826", "auto": true, "z": 6.06, "saillie": 4.15}}, {"type": "Feature", "geometry": {"type": "Point", "coordinates": [-2.2492234, 48.6271107]}, "properties": {"id": "auto03827", "nom": "A3827", "auto": true, "z": 12.89, "saillie": 2.88}}, {"type": "Feature", "geometry": {"type": "Point", "coordinates": [-2.1753543, 48.6271025]}, "properties": {"id": "auto03828", "nom": "A3828", "auto": true, "z": 2.4, "saillie": 4.24}}, {"type": "Feature", "geometry": {"type": "Point", "coordinates": [-2.1515834, 48.6270887]}, "properties": {"id": "auto03829", "nom": "A3829", "auto": true, "z": 3.35, "saillie": 1.91}}, {"type": "Feature", "geometry": {"type": "Point", "coordinates": [-2.1903629, 48.6270615]}, "properties": {"id": "auto03830", "nom": "A3830", "auto": true, "z": 12.82, "saillie": 4.18}}, {"type": "Feature", "geometry": {"type": "Point", "coordinates": [-2.1955258, 48.6270164]}, "properties": {"id": "auto03831", "nom": "A3831", "auto": true, "z": 0.28, "saillie": 1.38}}, {"type": "Feature", "geometry": {"type": "Point", "coordinates": [-2.2380564, 48.6269539]}, "properties": {"id": "auto03832", "nom": "A3832", "auto": true, "z": -0.02, "saillie": 1.16}}, {"type": "Feature", "geometry": {"type": "Point", "coordinates": [-2.1842579, 48.6269311]}, "properties": {"id": "auto03833", "nom": "A3833", "auto": true, "z": 0.07, "saillie": 1.77}}, {"type": "Feature", "geometry": {"type": "Point", "coordinates": [-2.1701665, 48.6268954]}, "properties": {"id": "auto03834", "nom": "A3834", "auto": true, "z": -0.6, "saillie": 2.42}}, {"type": "Feature", "geometry": {"type": "Point", "coordinates": [-2.1993747, 48.6268843]}, "properties": {"id": "auto03835", "nom": "A3835", "auto": true, "z": 5.45, "saillie": 1.74}}, {"type": "Feature", "geometry": {"type": "Point", "coordinates": [-2.1715241, 48.6268725]}, "properties": {"id": "auto03836", "nom": "A3836", "auto": true, "z": 4.27, "saillie": 5.66}}, {"type": "Feature", "geometry": {"type": "Point", "coordinates": [-2.2000787, 48.6268535]}, "properties": {"id": "auto03837", "nom": "A3837", "auto": true, "z": 6.01, "saillie": 2.86}}, {"type": "Feature", "geometry": {"type": "Point", "coordinates": [-2.1753295, 48.6268512]}, "properties": {"id": "auto03838", "nom": "A3838", "auto": true, "z": 1.17, "saillie": 5.34}}, {"type": "Feature", "geometry": {"type": "Point", "coordinates": [-2.1973565, 48.6268282]}, "properties": {"id": "auto03839", "nom": "A3839", "auto": true, "z": 8.32, "saillie": 7.85}}, {"type": "Feature", "geometry": {"type": "Point", "coordinates": [-2.1858249, 48.6268267]}, "properties": {"id": "auto03840", "nom": "A3840", "auto": true, "z": 3.34, "saillie": 3.01}}, {"type": "Feature", "geometry": {"type": "Point", "coordinates": [-2.199039, 48.6267908]}, "properties": {"id": "auto03841", "nom": "A3841", "auto": true, "z": 5.74, "saillie": 2.03}}, {"type": "Feature", "geometry": {"type": "Point", "coordinates": [-2.161018, 48.6267879]}, "properties": {"id": "auto03842", "nom": "A3842", "auto": true, "z": -2.49, "saillie": 3.49}}, {"type": "Feature", "geometry": {"type": "Point", "coordinates": [-2.2020284, 48.6267682]}, "properties": {"id": "auto03843", "nom": "A3843", "auto": true, "z": 1.42, "saillie": 2.44}}, {"type": "Feature", "geometry": {"type": "Point", "coordinates": [-2.2012089, 48.626732]}, "properties": {"id": "auto03844", "nom": "A3844", "auto": true, "z": 3.28, "saillie": 2.87}}, {"type": "Feature", "geometry": {"type": "Point", "coordinates": [-2.1954973, 48.6267292]}, "properties": {"id": "auto03845", "nom": "A3845", "auto": true, "z": 0.57, "saillie": 1.19}}, {"type": "Feature", "geometry": {"type": "Point", "coordinates": [-2.2372694, 48.6267001]}, "properties": {"id": "auto03846", "nom": "A3846", "auto": true, "z": -0.32, "saillie": 1.39}}, {"type": "Feature", "geometry": {"type": "Point", "coordinates": [-2.1710695, 48.6266759]}, "properties": {"id": "auto03847", "nom": "A3847", "auto": true, "z": 6.87, "saillie": 7.57}}, {"type": "Feature", "geometry": {"type": "Point", "coordinates": [-2.0320987, 48.6266149]}, "properties": {"id": "auto03848", "nom": "A3848", "auto": true, "z": 12.83, "saillie": 11.76}}, {"type": "Feature", "geometry": {"type": "Point", "coordinates": [-2.236551, 48.6265875]}, "properties": {"id": "auto03849", "nom": "A3849", "auto": true, "z": -0.63, "saillie": 1.23}}, {"type": "Feature", "geometry": {"type": "Point", "coordinates": [-2.0390526, 48.6265369]}, "properties": {"id": "auto03850", "nom": "A3850", "auto": true, "z": 6.49, "saillie": 2.9}}, {"type": "Feature", "geometry": {"type": "Point", "coordinates": [-2.248292, 48.6265027]}, "properties": {"id": "auto03851", "nom": "A3851", "auto": true, "z": 13.08, "saillie": 3.25}}, {"type": "Feature", "geometry": {"type": "Point", "coordinates": [-2.1553322, 48.6264936]}, "properties": {"id": "auto03852", "nom": "A3852", "auto": true, "z": -0.87, "saillie": 1.36}}, {"type": "Feature", "geometry": {"type": "Point", "coordinates": [-2.1746946, 48.6264822]}, "properties": {"id": "auto03853", "nom": "A3853", "auto": true, "z": -2.1, "saillie": 2.47}}, {"type": "Feature", "geometry": {"type": "Point", "coordinates": [-2.2009095, 48.6264566]}, "properties": {"id": "auto03854", "nom": "A3854", "auto": true, "z": 2.87, "saillie": 1.68}}, {"type": "Feature", "geometry": {"type": "Point", "coordinates": [-2.1908439, 48.6264275]}, "properties": {"id": "auto03855", "nom": "A3855", "auto": true, "z": 12.34, "saillie": 5.86}}, {"type": "Feature", "geometry": {"type": "Point", "coordinates": [-2.0363201, 48.6264002]}, "properties": {"id": "auto03856", "nom": "A3856", "auto": true, "z": 8.01, "saillie": 4.47}}, {"type": "Feature", "geometry": {"type": "Point", "coordinates": [-2.2017183, 48.6263852]}, "properties": {"id": "auto03857", "nom": "A3857", "auto": true, "z": 5.55, "saillie": 6.4}}, {"type": "Feature", "geometry": {"type": "Point", "coordinates": [-2.2366377, 48.6263673]}, "properties": {"id": "auto03858", "nom": "A3858", "auto": true, "z": -0.1, "saillie": 1.7}}, {"type": "Feature", "geometry": {"type": "Point", "coordinates": [-2.1504188, 48.6263099]}, "properties": {"id": "auto03859", "nom": "A3859", "auto": true, "z": 7.16, "saillie": 5.24}}, {"type": "Feature", "geometry": {"type": "Point", "coordinates": [-2.2376631, 48.6262861]}, "properties": {"id": "auto03860", "nom": "A3860", "auto": true, "z": 5.59, "saillie": 6.41}}, {"type": "Feature", "geometry": {"type": "Point", "coordinates": [-2.1707561, 48.6262568]}, "properties": {"id": "auto03861", "nom": "A3861", "auto": true, "z": 12.47, "saillie": 9.32}}, {"type": "Feature", "geometry": {"type": "Point", "coordinates": [-2.1470938, 48.6262375]}, "properties": {"id": "auto03862", "nom": "A3862", "auto": true, "z": 5.74, "saillie": 1.99}}, {"type": "Feature", "geometry": {"type": "Point", "coordinates": [-2.2478263, 48.6261987]}, "properties": {"id": "auto03863", "nom": "A3863", "auto": true, "z": 13.26, "saillie": 3.39}}, {"type": "Feature", "geometry": {"type": "Point", "coordinates": [-2.2381433, 48.6261929]}, "properties": {"id": "auto03864", "nom": "A3864", "auto": true, "z": 8.23, "saillie": 6.22}}, {"type": "Feature", "geometry": {"type": "Point", "coordinates": [-2.1500256, 48.6261827]}, "properties": {"id": "auto03865", "nom": "A3865", "auto": true, "z": 8.95, "saillie": 6.74}}, {"type": "Feature", "geometry": {"type": "Point", "coordinates": [-2.1923931, 48.6261436]}, "properties": {"id": "auto03866", "nom": "A3866", "auto": true, "z": 2.97, "saillie": 1.74}}, {"type": "Feature", "geometry": {"type": "Point", "coordinates": [-2.0311767, 48.6260771]}, "properties": {"id": "auto03867", "nom": "A3867", "auto": true, "z": 3.71, "saillie": 9.27}}, {"type": "Feature", "geometry": {"type": "Point", "coordinates": [-2.1858584, 48.6260681]}, "properties": {"id": "auto03868", "nom": "A3868", "auto": true, "z": 8.74, "saillie": 8.28}}, {"type": "Feature", "geometry": {"type": "Point", "coordinates": [-2.0452608, 48.6260574]}, "properties": {"id": "auto03869", "nom": "A3869", "auto": true, "z": 5.4, "saillie": 1.19}}, {"type": "Feature", "geometry": {"type": "Point", "coordinates": [-2.1968447, 48.6260573]}, "properties": {"id": "auto03870", "nom": "A3870", "auto": true, "z": 7.54, "saillie": 6.69}}, {"type": "Feature", "geometry": {"type": "Point", "coordinates": [-2.1705723, 48.6260485]}, "properties": {"id": "auto03871", "nom": "A3871", "auto": true, "z": 12.07, "saillie": 8.55}}, {"type": "Feature", "geometry": {"type": "Point", "coordinates": [-2.1748686, 48.6260419]}, "properties": {"id": "auto03872", "nom": "A3872", "auto": true, "z": -2.13, "saillie": 2.34}}, {"type": "Feature", "geometry": {"type": "Point", "coordinates": [-2.1693195, 48.6260308]}, "properties": {"id": "auto03873", "nom": "A3873", "auto": true, "z": -0.41, "saillie": 2.5}}, {"type": "Feature", "geometry": {"type": "Point", "coordinates": [-2.1504447, 48.6260203]}, "properties": {"id": "auto03874", "nom": "A3874", "auto": true, "z": 7.09, "saillie": 5.21}}, {"type": "Feature", "geometry": {"type": "Point", "coordinates": [-2.1973827, 48.6259978]}, "properties": {"id": "auto03875", "nom": "A3875", "auto": true, "z": 7.09, "saillie": 3.16}}, {"type": "Feature", "geometry": {"type": "Point", "coordinates": [-2.2372517, 48.6259797]}, "properties": {"id": "auto03876", "nom": "A3876", "auto": true, "z": 4.05, "saillie": 4.74}}, {"type": "Feature", "geometry": {"type": "Point", "coordinates": [-2.1497335, 48.625979]}, "properties": {"id": "auto03877", "nom": "A3877", "auto": true, "z": 10.55, "saillie": 8.04}}, {"type": "Feature", "geometry": {"type": "Point", "coordinates": [-2.1480981, 48.6259416]}, "properties": {"id": "auto03878", "nom": "A3878", "auto": true, "z": 6.76, "saillie": 3.16}}, {"type": "Feature", "geometry": {"type": "Point", "coordinates": [-2.1600086, 48.6259303]}, "properties": {"id": "auto03879", "nom": "A3879", "auto": true, "z": -1.65, "saillie": 2.92}}, {"type": "Feature", "geometry": {"type": "Point", "coordinates": [-2.1999317, 48.6259224]}, "properties": {"id": "auto03880", "nom": "A3880", "auto": true, "z": 5.0, "saillie": 4.25}}, {"type": "Feature", "geometry": {"type": "Point", "coordinates": [-2.0315962, 48.6259151]}, "properties": {"id": "auto03881", "nom": "A3881", "auto": true, "z": 5.69, "saillie": 3.9}}, {"type": "Feature", "geometry": {"type": "Point", "coordinates": [-2.1853532, 48.6259098]}, "properties": {"id": "auto03882", "nom": "A3882", "auto": true, "z": 10.63, "saillie": 10.69}}, {"type": "Feature", "geometry": {"type": "Point", "coordinates": [-2.1996032, 48.6259007]}, "properties": {"id": "auto03883", "nom": "A3883", "auto": true, "z": 5.12, "saillie": 2.67}}, {"type": "Feature", "geometry": {"type": "Point", "coordinates": [-2.2473606, 48.6258948]}, "properties": {"id": "auto03884", "nom": "A3884", "auto": true, "z": 13.27, "saillie": 3.28}}, {"type": "Feature", "geometry": {"type": "Point", "coordinates": [-2.1591315, 48.6258602]}, "properties": {"id": "auto03885", "nom": "A3885", "auto": true, "z": -1.46, "saillie": 2.81}}, {"type": "Feature", "geometry": {"type": "Point", "coordinates": [-2.0487745, 48.6258362]}, "properties": {"id": "auto03886", "nom": "A3886", "auto": true, "z": 6.96, "saillie": 2.21}}, {"type": "Feature", "geometry": {"type": "Point", "coordinates": [-2.1543877, 48.6257413]}, "properties": {"id": "auto03887", "nom": "A3887", "auto": true, "z": 1.03, "saillie": 1.65}}, {"type": "Feature", "geometry": {"type": "Point", "coordinates": [-2.1599332, 48.6257172]}, "properties": {"id": "auto03888", "nom": "A3888", "auto": true, "z": -1.58, "saillie": 2.73}}, {"type": "Feature", "geometry": {"type": "Point", "coordinates": [-2.1709736, 48.6257065]}, "properties": {"id": "auto03889", "nom": "A3889", "auto": true, "z": 9.74, "saillie": 6.99}}, {"type": "Feature", "geometry": {"type": "Point", "coordinates": [-2.1953396, 48.6256904]}, "properties": {"id": "auto03890", "nom": "A3890", "auto": true, "z": 5.33, "saillie": 4.02}}, {"type": "Feature", "geometry": {"type": "Point", "coordinates": [-2.1722228, 48.6256883]}, "properties": {"id": "auto03891", "nom": "A3891", "auto": true, "z": 0.61, "saillie": 3.2}}, {"type": "Feature", "geometry": {"type": "Point", "coordinates": [-2.1594929, 48.6256642]}, "properties": {"id": "auto03892", "nom": "A3892", "auto": true, "z": -1.46, "saillie": 2.31}}, {"type": "Feature", "geometry": {"type": "Point", "coordinates": [-2.2469021, 48.6256626]}, "properties": {"id": "auto03893", "nom": "A3893", "auto": true, "z": 13.25, "saillie": 3.52}}, {"type": "Feature", "geometry": {"type": "Point", "coordinates": [-2.1492649, 48.6256387]}, "properties": {"id": "auto03894", "nom": "A3894", "auto": true, "z": 4.27, "saillie": 1.99}}, {"type": "Feature", "geometry": {"type": "Point", "coordinates": [-2.1477955, 48.6256302]}, "properties": {"id": "auto03895", "nom": "A3895", "auto": true, "z": 4.68, "saillie": 1.66}}, {"type": "Feature", "geometry": {"type": "Point", "coordinates": [-2.1604677, 48.6256219]}, "properties": {"id": "auto03896", "nom": "A3896", "auto": true, "z": -1.62, "saillie": 2.83}}, {"type": "Feature", "geometry": {"type": "Point", "coordinates": [-2.0440172, 48.6255694]}, "properties": {"id": "auto03897", "nom": "A3897", "auto": true, "z": 9.79, "saillie": 3.6}}, {"type": "Feature", "geometry": {"type": "Point", "coordinates": [-2.1924443, 48.6255644]}, "properties": {"id": "auto03898", "nom": "A3898", "auto": true, "z": 4.89, "saillie": 2.59}}, {"type": "Feature", "geometry": {"type": "Point", "coordinates": [-2.1571428, 48.6255498]}, "properties": {"id": "auto03899", "nom": "A3899", "auto": true, "z": -2.22, "saillie": 1.21}}, {"type": "Feature", "geometry": {"type": "Point", "coordinates": [-2.0310165, 48.6255431]}, "properties": {"id": "auto03900", "nom": "A3900", "auto": true, "z": 6.38, "saillie": 7.57}}, {"type": "Feature", "geometry": {"type": "Point", "coordinates": [-2.1918956, 48.6255162]}, "properties": {"id": "auto03901", "nom": "A3901", "auto": true, "z": 5.13, "saillie": 2.18}}, {"type": "Feature", "geometry": {"type": "Point", "coordinates": [-2.1456621, 48.6255062]}, "properties": {"id": "auto03902", "nom": "A3902", "auto": true, "z": 7.06, "saillie": 3.55}}, {"type": "Feature", "geometry": {"type": "Point", "coordinates": [-2.1910219, 48.6254823]}, "properties": {"id": "auto03903", "nom": "A3903", "auto": true, "z": 7.43, "saillie": 3.06}}, {"type": "Feature", "geometry": {"type": "Point", "coordinates": [-2.1978202, 48.6254738]}, "properties": {"id": "auto03904", "nom": "A3904", "auto": true, "z": 7.4, "saillie": 2.91}}, {"type": "Feature", "geometry": {"type": "Point", "coordinates": [-2.1953724, 48.6254726]}, "properties": {"id": "auto03905", "nom": "A3905", "auto": true, "z": 7.03, "saillie": 5.04}}, {"type": "Feature", "geometry": {"type": "Point", "coordinates": [-2.1599084, 48.6254659]}, "properties": {"id": "auto03906", "nom": "A3906", "auto": true, "z": -2.28, "saillie": 2.03}}, {"type": "Feature", "geometry": {"type": "Point", "coordinates": [-2.0483572, 48.6254573]}, "properties": {"id": "auto03907", "nom": "A3907", "auto": true, "z": 13.34, "saillie": 6.77}}, {"type": "Feature", "geometry": {"type": "Point", "coordinates": [-2.1861228, 48.6254436]}, "properties": {"id": "auto03908", "nom": "A3908", "auto": true, "z": 7.34, "saillie": 7.05}}, {"type": "Feature", "geometry": {"type": "Point", "coordinates": [-2.1708839, 48.6253498]}, "properties": {"id": "auto03909", "nom": "A3909", "auto": true, "z": 7.23, "saillie": 5.51}}, {"type": "Feature", "geometry": {"type": "Point", "coordinates": [-2.0308875, 48.6253322]}, "properties": {"id": "auto03910", "nom": "A3910", "auto": true, "z": 5.28, "saillie": 7.07}}, {"type": "Feature", "geometry": {"type": "Point", "coordinates": [-2.1702234, 48.6252704]}, "properties": {"id": "auto03911", "nom": "A3911", "auto": true, "z": 2.18, "saillie": 2.72}}, {"type": "Feature", "geometry": {"type": "Point", "coordinates": [-2.1969828, 48.625258]}, "properties": {"id": "auto03912", "nom": "A3912", "auto": true, "z": 7.4, "saillie": 3.71}}, {"type": "Feature", "geometry": {"type": "Point", "coordinates": [-2.1541757, 48.6252457]}, "properties": {"id": "auto03913", "nom": "A3913", "auto": true, "z": 5.45, "saillie": 5.0}}, {"type": "Feature", "geometry": {"type": "Point", "coordinates": [-2.2933087, 48.6251929]}, "properties": {"id": "auto03914", "nom": "A3914", "auto": true, "z": 10.94, "saillie": 4.04}}, {"type": "Feature", "geometry": {"type": "Point", "coordinates": [-2.2460358, 48.6251599]}, "properties": {"id": "auto03915", "nom": "A3915", "auto": true, "z": 13.31, "saillie": 3.46}}, {"type": "Feature", "geometry": {"type": "Point", "coordinates": [-2.1529665, 48.6251178]}, "properties": {"id": "auto03916", "nom": "A3916", "auto": true, "z": 3.21, "saillie": 2.24}}, {"type": "Feature", "geometry": {"type": "Point", "coordinates": [-2.1978928, 48.6251101]}, "properties": {"id": "auto03917", "nom": "A3917", "auto": true, "z": 5.86, "saillie": 1.71}}, {"type": "Feature", "geometry": {"type": "Point", "coordinates": [-2.0489218, 48.6251089]}, "properties": {"id": "auto03918", "nom": "A3918", "auto": true, "z": 12.25, "saillie": 4.79}}, {"type": "Feature", "geometry": {"type": "Point", "coordinates": [-2.1575877, 48.6250978]}, "properties": {"id": "auto03919", "nom": "A3919", "auto": true, "z": -1.16, "saillie": 2.46}}, {"type": "Feature", "geometry": {"type": "Point", "coordinates": [-2.1940839, 48.6250962]}, "properties": {"id": "auto03920", "nom": "A3920", "auto": true, "z": 6.11, "saillie": 3.47}}, {"type": "Feature", "geometry": {"type": "Point", "coordinates": [-2.1542086, 48.625028]}, "properties": {"id": "auto03921", "nom": "A3921", "auto": true, "z": 3.82, "saillie": 3.49}}, {"type": "Feature", "geometry": {"type": "Point", "coordinates": [-2.1947267, 48.624996]}, "properties": {"id": "auto03922", "nom": "A3922", "auto": true, "z": 13.56, "saillie": 8.22}}, {"type": "Feature", "geometry": {"type": "Point", "coordinates": [-2.1997847, 48.6249913]}, "properties": {"id": "auto03923", "nom": "A3923", "auto": true, "z": 4.84, "saillie": 5.23}}, {"type": "Feature", "geometry": {"type": "Point", "coordinates": [-2.0476046, 48.6249845]}, "properties": {"id": "auto03924", "nom": "A3924", "auto": true, "z": 9.03, "saillie": 2.32}}, {"type": "Feature", "geometry": {"type": "Point", "coordinates": [-2.2369343, 48.624984]}, "properties": {"id": "auto03925", "nom": "A3925", "auto": true, "z": 1.34, "saillie": 1.92}}, {"type": "Feature", "geometry": {"type": "Point", "coordinates": [-2.1567576, 48.6249535]}, "properties": {"id": "auto03926", "nom": "A3926", "auto": true, "z": -1.39, "saillie": 1.03}}, {"type": "Feature", "geometry": {"type": "Point", "coordinates": [-2.1966799, 48.6249467]}, "properties": {"id": "auto03927", "nom": "A3927", "auto": true, "z": 6.65, "saillie": 3.56}}, {"type": "Feature", "geometry": {"type": "Point", "coordinates": [-2.171928, 48.6249078]}, "properties": {"id": "auto03928", "nom": "A3928", "auto": true, "z": 2.65, "saillie": 4.9}}, {"type": "Feature", "geometry": {"type": "Point", "coordinates": [-2.1972685, 48.6248489]}, "properties": {"id": "auto03929", "nom": "A3929", "auto": true, "z": 6.34, "saillie": 2.09}}, {"type": "Feature", "geometry": {"type": "Point", "coordinates": [-2.1603356, 48.6248344]}, "properties": {"id": "auto03930", "nom": "A3930", "auto": true, "z": -1.13, "saillie": 1.9}}, {"type": "Feature", "geometry": {"type": "Point", "coordinates": [-2.1531006, 48.6248236]}, "properties": {"id": "auto03931", "nom": "A3931", "auto": true, "z": 3.13, "saillie": 1.74}}, {"type": "Feature", "geometry": {"type": "Point", "coordinates": [-2.185463, 48.6248233]}, "properties": {"id": "auto03932", "nom": "A3932", "auto": true, "z": 1.77, "saillie": 2.7}}, {"type": "Feature", "geometry": {"type": "Point", "coordinates": [-2.1925319, 48.6248034]}, "properties": {"id": "auto03933", "nom": "A3933", "auto": true, "z": 5.27, "saillie": 1.63}}, {"type": "Feature", "geometry": {"type": "Point", "coordinates": [-2.1942179, 48.6248019]}, "properties": {"id": "auto03934", "nom": "A3934", "auto": true, "z": 9.04, "saillie": 5.0}}, {"type": "Feature", "geometry": {"type": "Point", "coordinates": [-2.1977488, 48.6247558]}, "properties": {"id": "auto03935", "nom": "A3935", "auto": true, "z": 5.33, "saillie": 1.34}}, {"type": "Feature", "geometry": {"type": "Point", "coordinates": [-2.195301, 48.6247546]}, "properties": {"id": "auto03936", "nom": "A3936", "auto": true, "z": 13.2, "saillie": 8.3}}, {"type": "Feature", "geometry": {"type": "Point", "coordinates": [-2.1704986, 48.6247536]}, "properties": {"id": "auto03937", "nom": "A3937", "auto": true, "z": 1.77, "saillie": 2.11}}, {"type": "Feature", "geometry": {"type": "Point", "coordinates": [-2.1980737, 48.6247416]}, "properties": {"id": "auto03938", "nom": "A3938", "auto": true, "z": 5.97, "saillie": 4.32}}, {"type": "Feature", "geometry": {"type": "Point", "coordinates": [-2.2376167, 48.6247376]}, "properties": {"id": "auto03939", "nom": "A3939", "auto": true, "z": 3.71, "saillie": 3.9}}, {"type": "Feature", "geometry": {"type": "Point", "coordinates": [-2.1723399, 48.6246735]}, "properties": {"id": "auto03940", "nom": "A3940", "auto": true, "z": 0.73, "saillie": 4.23}}, {"type": "Feature", "geometry": {"type": "Point", "coordinates": [-2.1597727, 48.6246425]}, "properties": {"id": "auto03941", "nom": "A3941", "auto": true, "z": -1.23, "saillie": 1.83}}, {"type": "Feature", "geometry": {"type": "Point", "coordinates": [-2.1592782, 48.6245918]}, "properties": {"id": "auto03942", "nom": "A3942", "auto": true, "z": -2.13, "saillie": 1.02}}, {"type": "Feature", "geometry": {"type": "Point", "coordinates": [-2.1572637, 48.624571]}, "properties": {"id": "auto03943", "nom": "A3943", "auto": true, "z": -0.22, "saillie": 2.67}}, {"type": "Feature", "geometry": {"type": "Point", "coordinates": [-2.1924528, 48.6245544]}, "properties": {"id": "auto03944", "nom": "A3944", "auto": true, "z": 5.79, "saillie": 1.31}}, {"type": "Feature", "geometry": {"type": "Point", "coordinates": [-2.1446966, 48.6245383]}, "properties": {"id": "auto03945", "nom": "A3945", "auto": true, "z": 5.79, "saillie": 2.24}}, {"type": "Feature", "geometry": {"type": "Point", "coordinates": [-2.1716652, 48.6244505]}, "properties": {"id": "auto03946", "nom": "A3946", "auto": true, "z": 4.17, "saillie": 3.96}}, {"type": "Feature", "geometry": {"type": "Point", "coordinates": [-2.1721526, 48.6244293]}, "properties": {"id": "auto03947", "nom": "A3947", "auto": true, "z": 2.89, "saillie": 5.05}}, {"type": "Feature", "geometry": {"type": "Point", "coordinates": [-2.1979332, 48.6244232]}, "properties": {"id": "auto03948", "nom": "A3948", "auto": true, "z": 7.13, "saillie": 5.07}}, {"type": "Feature", "geometry": {"type": "Point", "coordinates": [-2.1450109, 48.6244166]}, "properties": {"id": "auto03949", "nom": "A3949", "auto": true, "z": 4.33, "saillie": 1.06}}, {"type": "Feature", "geometry": {"type": "Point", "coordinates": [-2.1948862, 48.6244121]}, "properties": {"id": "auto03950", "nom": "A3950", "auto": true, "z": 13.29, "saillie": 5.23}}, {"type": "Feature", "geometry": {"type": "Point", "coordinates": [-2.1619213, 48.624369]}, "properties": {"id": "auto03951", "nom": "A3951", "auto": true, "z": -2.23, "saillie": 1.55}}, {"type": "Feature", "geometry": {"type": "Point", "coordinates": [-2.1957492, 48.6243383]}, "properties": {"id": "auto03952", "nom": "A3952", "auto": true, "z": 13.36, "saillie": 8.79}}, {"type": "Feature", "geometry": {"type": "Point", "coordinates": [-2.1568563, 48.6243002]}, "properties": {"id": "auto03953", "nom": "A3953", "auto": true, "z": -0.8, "saillie": 1.11}}, {"type": "Feature", "geometry": {"type": "Point", "coordinates": [-2.1937853, 48.6242799]}, "properties": {"id": "auto03954", "nom": "A3954", "auto": true, "z": 8.65, "saillie": 3.63}}, {"type": "Feature", "geometry": {"type": "Point", "coordinates": [-2.1532642, 48.6242756]}, "properties": {"id": "auto03955", "nom": "A3955", "auto": true, "z": 4.3, "saillie": 2.83}}, {"type": "Feature", "geometry": {"type": "Point", "coordinates": [-2.1510331, 48.6242641]}, "properties": {"id": "auto03956", "nom": "A3956", "auto": true, "z": 3.15, "saillie": 1.62}}, {"type": "Feature", "geometry": {"type": "Point", "coordinates": [-2.1449897, 48.6242012]}, "properties": {"id": "auto03957", "nom": "A3957", "auto": true, "z": 4.35, "saillie": 1.07}}, {"type": "Feature", "geometry": {"type": "Point", "coordinates": [-2.1980743, 48.6242007]}, "properties": {"id": "auto03958", "nom": "A3958", "auto": true, "z": 6.71, "saillie": 5.21}}, {"type": "Feature", "geometry": {"type": "Point", "coordinates": [-2.197475, 48.6241908]}, "properties": {"id": "auto03959", "nom": "A3959", "auto": true, "z": 13.28, "saillie": 9.51}}, {"type": "Feature", "geometry": {"type": "Point", "coordinates": [-2.2057317, 48.6240821]}, "properties": {"id": "auto03960", "nom": "A3960", "auto": true, "z": 13.28, "saillie": 10.26}}, {"type": "Feature", "geometry": {"type": "Point", "coordinates": [-2.1577593, 48.6240808]}, "properties": {"id": "auto03961", "nom": "A3961", "auto": true, "z": -0.04, "saillie": 2.79}}, {"type": "Feature", "geometry": {"type": "Point", "coordinates": [-2.1945256, 48.6240673]}, "properties": {"id": "auto03962", "nom": "A3962", "auto": true, "z": 13.06, "saillie": 3.93}}, {"type": "Feature", "geometry": {"type": "Point", "coordinates": [-2.1532429, 48.6240602]}, "properties": {"id": "auto03963", "nom": "A3963", "auto": true, "z": 5.53, "saillie": 3.54}}, {"type": "Feature", "geometry": {"type": "Point", "coordinates": [-2.162106, 48.6240364]}, "properties": {"id": "auto03964", "nom": "A3964", "auto": true, "z": -2.2, "saillie": 1.53}}, {"type": "Feature", "geometry": {"type": "Point", "coordinates": [-2.144806, 48.6239928]}, "properties": {"id": "auto03965", "nom": "A3965", "auto": true, "z": 5.14, "saillie": 1.79}}, {"type": "Feature", "geometry": {"type": "Point", "coordinates": [-2.1936448, 48.6239615]}, "properties": {"id": "auto03966", "nom": "A3966", "auto": true, "z": 12.75, "saillie": 6.14}}, {"type": "Feature", "geometry": {"type": "Point", "coordinates": [-2.028471, 48.6239562]}, "properties": {"id": "auto03967", "nom": "A3967", "auto": true, "z": -2.1, "saillie": 4.17}}, {"type": "Feature", "geometry": {"type": "Point", "coordinates": [-2.1514922, 48.6239558]}, "properties": {"id": "auto03968", "nom": "A3968", "auto": true, "z": 2.78, "saillie": 1.31}}, {"type": "Feature", "geometry": {"type": "Point", "coordinates": [-2.1858649, 48.6239404]}, "properties": {"id": "auto03969", "nom": "A3969", "auto": true, "z": 8.97, "saillie": 9.14}}, {"type": "Feature", "geometry": {"type": "Point", "coordinates": [-2.1586693, 48.6239331]}, "properties": {"id": "auto03970", "nom": "A3970", "auto": true, "z": -2.01, "saillie": 1.06}}, {"type": "Feature", "geometry": {"type": "Point", "coordinates": [-2.152792, 48.6238995]}, "properties": {"id": "auto03971", "nom": "A3971", "auto": true, "z": 6.03, "saillie": 4.69}}, {"type": "Feature", "geometry": {"type": "Point", "coordinates": [-2.1571423, 48.6238912]}, "properties": {"id": "auto03972", "nom": "A3972", "auto": true, "z": 0.19, "saillie": 1.88}}, {"type": "Feature", "geometry": {"type": "Point", "coordinates": [-2.15094, 48.6238715]}, "properties": {"id": "auto03973", "nom": "A3973", "auto": true, "z": 2.94, "saillie": 1.36}}, {"type": "Feature", "geometry": {"type": "Point", "coordinates": [-2.1503407, 48.6238614]}, "properties": {"id": "auto03974", "nom": "A3974", "auto": true, "z": 2.59, "saillie": 1.01}}, {"type": "Feature", "geometry": {"type": "Point", "coordinates": [-2.1728033, 48.6238601]}, "properties": {"id": "auto03975", "nom": "A3975", "auto": true, "z": -2.06, "saillie": 1.71}}, {"type": "Feature", "geometry": {"type": "Point", "coordinates": [-2.205981, 48.6238549]}, "properties": {"id": "auto03976", "nom": "A3976", "auto": true, "z": 10.86, "saillie": 5.78}}, {"type": "Feature", "geometry": {"type": "Point", "coordinates": [-2.1731824, 48.6238436]}, "properties": {"id": "auto03977", "nom": "A3977", "auto": true, "z": -1.65, "saillie": 2.38}}, {"type": "Feature", "geometry": {"type": "Point", "coordinates": [-2.1577309, 48.6237936]}, "properties": {"id": "auto03978", "nom": "A3978", "auto": true, "z": -1.43, "saillie": 1.25}}, {"type": "Feature", "geometry": {"type": "Point", "coordinates": [-2.1971072, 48.6237742]}, "properties": {"id": "auto03979", "nom": "A3979", "auto": true, "z": 13.0, "saillie": 8.27}}, {"type": "Feature", "geometry": {"type": "Point", "coordinates": [-2.2431768, 48.6237715]}, "properties": {"id": "auto03980", "nom": "A3980", "auto": true, "z": 13.18, "saillie": 3.21}}, {"type": "Feature", "geometry": {"type": "Point", "coordinates": [-2.1607744, 48.6237697]}, "properties": {"id": "auto03981", "nom": "A3981", "auto": true, "z": -0.7, "saillie": 1.85}}, {"type": "Feature", "geometry": {"type": "Point", "coordinates": [-2.1957968, 48.6237233]}, "properties": {"id": "auto03982", "nom": "A3982", "auto": true, "z": 7.88, "saillie": 2.76}}, {"type": "Feature", "geometry": {"type": "Point", "coordinates": [-2.1552726, 48.6236838]}, "properties": {"id": "auto03983", "nom": "A3983", "auto": true, "z": 0.51, "saillie": 1.0}}, {"type": "Feature", "geometry": {"type": "Point", "coordinates": [-2.1613088, 48.6236744]}, "properties": {"id": "auto03984", "nom": "A3984", "auto": true, "z": -0.64, "saillie": 1.89}}, {"type": "Feature", "geometry": {"type": "Point", "coordinates": [-2.1558648, 48.6236221]}, "properties": {"id": "auto03985", "nom": "A3985", "auto": true, "z": 0.11, "saillie": 1.42}}, {"type": "Feature", "geometry": {"type": "Point", "coordinates": [-2.1522186, 48.6235998]}, "properties": {"id": "auto03986", "nom": "A3986", "auto": true, "z": 5.41, "saillie": 3.6}}, {"type": "Feature", "geometry": {"type": "Point", "coordinates": [-2.160374, 48.6235707]}, "properties": {"id": "auto03987", "nom": "A3987", "auto": true, "z": -0.7, "saillie": 1.57}}, {"type": "Feature", "geometry": {"type": "Point", "coordinates": [-2.1546627, 48.623566]}, "properties": {"id": "auto03988", "nom": "A3988", "auto": true, "z": 1.63, "saillie": 1.37}}, {"type": "Feature", "geometry": {"type": "Point", "coordinates": [-2.1515616, 48.6235561]}, "properties": {"id": "auto03989", "nom": "A3989", "auto": true, "z": 4.26, "saillie": 2.42}}, {"type": "Feature", "geometry": {"type": "Point", "coordinates": [-2.1617856, 48.6235455]}, "properties": {"id": "auto03990", "nom": "A3990", "auto": true, "z": -1.37, "saillie": 2.12}}, {"type": "Feature", "geometry": {"type": "Point", "coordinates": [-2.0288663, 48.6235429]}, "properties": {"id": "auto03991", "nom": "A3991", "auto": true, "z": 0.64, "saillie": 4.2}}, {"type": "Feature", "geometry": {"type": "Point", "coordinates": [-2.1539516, 48.6235247]}, "properties": {"id": "auto03992", "nom": "A3992", "auto": true, "z": 5.07, "saillie": 3.88}}, {"type": "Feature", "geometry": {"type": "Point", "coordinates": [-2.1971364, 48.6235205]}, "properties": {"id": "auto03993", "nom": "A3993", "auto": true, "z": 13.17, "saillie": 9.38}}, {"type": "Feature", "geometry": {"type": "Point", "coordinates": [-2.1525329, 48.623478]}, "properties": {"id": "auto03994", "nom": "A3994", "auto": true, "z": 5.21, "saillie": 2.81}}, {"type": "Feature", "geometry": {"type": "Point", "coordinates": [-2.1534571, 48.623474]}, "properties": {"id": "auto03995", "nom": "A3995", "auto": true, "z": 5.27, "saillie": 2.4}}, {"type": "Feature", "geometry": {"type": "Point", "coordinates": [-2.144753, 48.6234542]}, "properties": {"id": "auto03996", "nom": "A3996", "auto": true, "z": 6.45, "saillie": 2.48}}, {"type": "Feature", "geometry": {"type": "Point", "coordinates": [-2.1574247, 48.6234463]}, "properties": {"id": "auto03997", "nom": "A3997", "auto": true, "z": -0.61, "saillie": 1.75}}, {"type": "Feature", "geometry": {"type": "Point", "coordinates": [-2.1947899, 48.6234427]}, "properties": {"id": "auto03998", "nom": "A3998", "auto": true, "z": 9.78, "saillie": 4.2}}, {"type": "Feature", "geometry": {"type": "Point", "coordinates": [-2.1939163, 48.6234088]}, "properties": {"id": "auto03999", "nom": "A3999", "auto": true, "z": 11.39, "saillie": 2.41}}, {"type": "Feature", "geometry": {"type": "Point", "coordinates": [-2.1608472, 48.623406]}, "properties": {"id": "auto04000", "nom": "A4000", "auto": true, "z": -0.45, "saillie": 1.24}}, {"type": "Feature", "geometry": {"type": "Point", "coordinates": [-2.1935336, 48.6233894]}, "properties": {"id": "auto04001", "nom": "A4001", "auto": true, "z": 11.05, "saillie": 2.57}}, {"type": "Feature", "geometry": {"type": "Point", "coordinates": [-2.1521432, 48.6233867]}, "properties": {"id": "auto04002", "nom": "A4002", "auto": true, "z": 5.03, "saillie": 2.03}}, {"type": "Feature", "geometry": {"type": "Point", "coordinates": [-2.1452875, 48.623359]}, "properties": {"id": "auto04003", "nom": "A4003", "auto": true, "z": 6.43, "saillie": 3.4}}, {"type": "Feature", "geometry": {"type": "Point", "coordinates": [-2.1848802, 48.6233343]}, "properties": {"id": "auto04004", "nom": "A4004", "auto": true, "z": 0.98, "saillie": 2.2}}, {"type": "Feature", "geometry": {"type": "Point", "coordinates": [-2.1991294, 48.6233252]}, "properties": {"id": "auto04005", "nom": "A4005", "auto": true, "z": 1.78, "saillie": 1.2}}, {"type": "Feature", "geometry": {"type": "Point", "coordinates": [-2.155508, 48.623313]}, "properties": {"id": "auto04006", "nom": "A4006", "auto": true, "z": 0.32, "saillie": 1.31}}, {"type": "Feature", "geometry": {"type": "Point", "coordinates": [-2.1585514, 48.6232892]}, "properties": {"id": "auto04007", "nom": "A4007", "auto": true, "z": -1.26, "saillie": 1.24}}, {"type": "Feature", "geometry": {"type": "Point", "coordinates": [-2.1538185, 48.6232781]}, "properties": {"id": "auto04008", "nom": "A4008", "auto": true, "z": 6.29, "saillie": 3.71}}, {"type": "Feature", "geometry": {"type": "Point", "coordinates": [-2.1531109, 48.6232727]}, "properties": {"id": "auto04009", "nom": "A4009", "auto": true, "z": 5.52, "saillie": 2.28}}, {"type": "Feature", "geometry": {"type": "Point", "coordinates": [-2.1600101, 48.6231899]}, "properties": {"id": "auto04010", "nom": "A4010", "auto": true, "z": -1.01, "saillie": 1.38}}, {"type": "Feature", "geometry": {"type": "Point", "coordinates": [-2.161696, 48.6231889]}, "properties": {"id": "auto04011", "nom": "A4011", "auto": true, "z": -1.99, "saillie": 1.19}}, {"type": "Feature", "geometry": {"type": "Point", "coordinates": [-2.1461399, 48.6231779]}, "properties": {"id": "auto04012", "nom": "A4012", "auto": true, "z": 4.39, "saillie": 2.12}}, {"type": "Feature", "geometry": {"type": "Point", "coordinates": [-2.1522303, 48.6231666]}, "properties": {"id": "auto04013", "nom": "A4013", "auto": true, "z": 4.94, "saillie": 2.19}}, {"type": "Feature", "geometry": {"type": "Point", "coordinates": [-2.0290991, 48.6231365]}, "properties": {"id": "auto04014", "nom": "A4014", "auto": true, "z": 0.45, "saillie": 3.98}}, {"type": "Feature", "geometry": {"type": "Point", "coordinates": [-2.1589128, 48.6230933]}, "properties": {"id": "auto04015", "nom": "A4015", "auto": true, "z": -0.06, "saillie": 2.57}}, {"type": "Feature", "geometry": {"type": "Point", "coordinates": [-2.143956, 48.6230921]}, "properties": {"id": "auto04016", "nom": "A4016", "auto": true, "z": 12.36, "saillie": 6.35}}, {"type": "Feature", "geometry": {"type": "Point", "coordinates": [-2.1626096, 48.6230771]}, "properties": {"id": "auto04017", "nom": "A4017", "auto": true, "z": 0.24, "saillie": 3.01}}, {"type": "Feature", "geometry": {"type": "Point", "coordinates": [-2.1445517, 48.6230663]}, "properties": {"id": "auto04018", "nom": "A4018", "auto": true, "z": 7.07, "saillie": 2.68}}, {"type": "Feature", "geometry": {"type": "Point", "coordinates": [-2.1633678, 48.6230442]}, "properties": {"id": "auto04019", "nom": "A4019", "auto": true, "z": -0.31, "saillie": 2.16}}, {"type": "Feature", "geometry": {"type": "Point", "coordinates": [-2.1526529, 48.6230401]}, "properties": {"id": "auto04020", "nom": "A4020", "auto": true, "z": 5.02, "saillie": 1.45}}, {"type": "Feature", "geometry": {"type": "Point", "coordinates": [-2.1938735, 48.6229779]}, "properties": {"id": "auto04021", "nom": "A4021", "auto": true, "z": 11.69, "saillie": 2.79}}, {"type": "Feature", "geometry": {"type": "Point", "coordinates": [-2.1547108, 48.6229509]}, "properties": {"id": "auto04022", "nom": "A4022", "auto": true, "z": 4.9, "saillie": 4.25}}, {"type": "Feature", "geometry": {"type": "Point", "coordinates": [-2.1539456, 48.622912]}, "properties": {"id": "auto04023", "nom": "A4023", "auto": true, "z": 5.78, "saillie": 2.09}}, {"type": "Feature", "geometry": {"type": "Point", "coordinates": [-2.145895, 48.6229]}, "properties": {"id": "auto04024", "nom": "A4024", "auto": true, "z": 5.0, "saillie": 2.48}}, {"type": "Feature", "geometry": {"type": "Point", "coordinates": [-2.1513284, 48.6228451]}, "properties": {"id": "auto04025", "nom": "A4025", "auto": true, "z": 3.9, "saillie": 1.82}}, {"type": "Feature", "geometry": {"type": "Point", "coordinates": [-2.1534475, 48.6228254]}, "properties": {"id": "auto04026", "nom": "A4026", "auto": true, "z": 6.38, "saillie": 2.45}}, {"type": "Feature", "geometry": {"type": "Point", "coordinates": [-2.1603537, 48.6228144]}, "properties": {"id": "auto04027", "nom": "A4027", "auto": true, "z": -1.44, "saillie": 1.65}}, {"type": "Feature", "geometry": {"type": "Point", "coordinates": [-2.1976066, 48.6227788]}, "properties": {"id": "auto04028", "nom": "A4028", "auto": true, "z": 3.99, "saillie": 1.02}}, {"type": "Feature", "geometry": {"type": "Point", "coordinates": [-2.1432166, 48.6227635]}, "properties": {"id": "auto04029", "nom": "A4029", "auto": true, "z": 9.79, "saillie": 5.02}}, {"type": "Feature", "geometry": {"type": "Point", "coordinates": [-2.1545813, 48.6227402]}, "properties": {"id": "auto04030", "nom": "A4030", "auto": true, "z": 6.63, "saillie": 4.84}}, {"type": "Feature", "geometry": {"type": "Point", "coordinates": [-2.1630109, 48.6227352]}, "properties": {"id": "auto04031", "nom": "A4031", "auto": true, "z": 0.1, "saillie": 1.71}}, {"type": "Feature", "geometry": {"type": "Point", "coordinates": [-2.1538702, 48.6226989]}, "properties": {"id": "auto04032", "nom": "A4032", "auto": true, "z": 5.58, "saillie": 2.12}}, {"type": "Feature", "geometry": {"type": "Point", "coordinates": [-2.1964009, 48.6226872]}, "properties": {"id": "auto04033", "nom": "A4033", "auto": true, "z": 5.48, "saillie": 1.16}}, {"type": "Feature", "geometry": {"type": "Point", "coordinates": [-2.1854118, 48.6226621]}, "properties": {"id": "auto04034", "nom": "A4034", "auto": true, "z": 0.28, "saillie": 1.17}}, {"type": "Feature", "geometry": {"type": "Point", "coordinates": [-2.1971555, 48.6226182]}, "properties": {"id": "auto04035", "nom": "A4035", "auto": true, "z": 7.5, "saillie": 4.04}}, {"type": "Feature", "geometry": {"type": "Point", "coordinates": [-2.2006356, 48.6226103]}, "properties": {"id": "auto04036", "nom": "A4036", "auto": true, "z": 5.6, "saillie": 4.15}}, {"type": "Feature", "geometry": {"type": "Point", "coordinates": [-2.1521195, 48.6225945]}, "properties": {"id": "auto04037", "nom": "A4037", "auto": true, "z": 4.22, "saillie": 1.29}}, {"type": "Feature", "geometry": {"type": "Point", "coordinates": [-2.1530401, 48.6225546]}, "properties": {"id": "auto04038", "nom": "A4038", "auto": true, "z": 5.08, "saillie": 1.44}}, {"type": "Feature", "geometry": {"type": "Point", "coordinates": [-2.1498849, 48.622547]}, "properties": {"id": "auto04039", "nom": "A4039", "auto": true, "z": 3.23, "saillie": 1.18}}, {"type": "Feature", "geometry": {"type": "Point", "coordinates": [-2.1615745, 48.622509]}, "properties": {"id": "auto04040", "nom": "A4040", "auto": true, "z": 0.16, "saillie": 2.76}}, {"type": "Feature", "geometry": {"type": "Point", "coordinates": [-2.1618994, 48.6224949]}, "properties": {"id": "auto04041", "nom": "A4041", "auto": true, "z": -0.68, "saillie": 1.51}}, {"type": "Feature", "geometry": {"type": "Point", "coordinates": [-2.1473725, 48.6224395]}, "properties": {"id": "auto04042", "nom": "A4042", "auto": true, "z": 5.73, "saillie": 2.56}}, {"type": "Feature", "geometry": {"type": "Point", "coordinates": [-2.1979535, 48.6224391]}, "properties": {"id": "auto04043", "nom": "A4043", "auto": true, "z": 4.05, "saillie": 1.5}}, {"type": "Feature", "geometry": {"type": "Point", "coordinates": [-2.1582497, 48.6224369]}, "properties": {"id": "auto04044", "nom": "A4044", "auto": true, "z": -0.84, "saillie": 1.56}}, {"type": "Feature", "geometry": {"type": "Point", "coordinates": [-2.1511776, 48.6224189]}, "properties": {"id": "auto04045", "nom": "A4045", "auto": true, "z": 4.61, "saillie": 1.35}}, {"type": "Feature", "geometry": {"type": "Point", "coordinates": [-2.1406795, 48.6224044]}, "properties": {"id": "auto04046", "nom": "A4046", "auto": true, "z": 4.83, "saillie": 1.52}}, {"type": "Feature", "geometry": {"type": "Point", "coordinates": [-2.2006142, 48.6223949]}, "properties": {"id": "auto04047", "nom": "A4047", "auto": true, "z": 6.21, "saillie": 4.76}}, {"type": "Feature", "geometry": {"type": "Point", "coordinates": [-2.162813, 48.6223832]}, "properties": {"id": "auto04048", "nom": "A4048", "auto": true, "z": -0.02, "saillie": 1.82}}, {"type": "Feature", "geometry": {"type": "Point", "coordinates": [-2.1507373, 48.6223659]}, "properties": {"id": "auto04049", "nom": "A4049", "auto": true, "z": 6.33, "saillie": 2.69}}, {"type": "Feature", "geometry": {"type": "Point", "coordinates": [-2.1533474, 48.622361]}, "properties": {"id": "auto04050", "nom": "A4050", "auto": true, "z": 4.76, "saillie": 1.17}}, {"type": "Feature", "geometry": {"type": "Point", "coordinates": [-2.1952714, 48.6222678]}, "properties": {"id": "auto04051", "nom": "A4051", "auto": true, "z": 7.38, "saillie": 2.1}}, {"type": "Feature", "geometry": {"type": "Point", "coordinates": [-2.1994014, 48.6222316]}, "properties": {"id": "auto04052", "nom": "A4052", "auto": true, "z": 3.35, "saillie": 1.16}}, {"type": "Feature", "geometry": {"type": "Point", "coordinates": [-2.1988021, 48.6222217]}, "properties": {"id": "auto04053", "nom": "A4053", "auto": true, "z": 4.23, "saillie": 1.84}}, {"type": "Feature", "geometry": {"type": "Point", "coordinates": [-2.2014122, 48.6222158]}, "properties": {"id": "auto04054", "nom": "A4054", "auto": true, "z": 3.23, "saillie": 1.79}}, {"type": "Feature", "geometry": {"type": "Point", "coordinates": [-2.1537594, 48.6221268]}, "properties": {"id": "auto04055", "nom": "A4055", "auto": true, "z": 5.77, "saillie": 2.32}}, {"type": "Feature", "geometry": {"type": "Point", "coordinates": [-2.1630589, 48.6221201]}, "properties": {"id": "auto04056", "nom": "A4056", "auto": true, "z": -1.31, "saillie": 1.62}}, {"type": "Feature", "geometry": {"type": "Point", "coordinates": [-2.2069502, 48.6221177]}, "properties": {"id": "auto04057", "nom": "A4057", "auto": true, "z": 11.71, "saillie": 7.51}}, {"type": "Feature", "geometry": {"type": "Point", "coordinates": [-2.1498966, 48.6221138]}, "properties": {"id": "auto04058", "nom": "A4058", "auto": true, "z": 3.5, "saillie": 1.03}}, {"type": "Feature", "geometry": {"type": "Point", "coordinates": [-2.2001345, 48.6219471]}, "properties": {"id": "auto04059", "nom": "A4059", "auto": true, "z": 4.74, "saillie": 1.79}}, {"type": "Feature", "geometry": {"type": "Point", "coordinates": [-2.1448754, 48.6219345]}, "properties": {"id": "auto04060", "nom": "A4060", "auto": true, "z": 7.07, "saillie": 4.37}}, {"type": "Feature", "geometry": {"type": "Point", "coordinates": [-2.1965967, 48.6219215]}, "properties": {"id": "auto04061", "nom": "A4061", "auto": true, "z": 9.19, "saillie": 4.63}}, {"type": "Feature", "geometry": {"type": "Point", "coordinates": [-2.1444928, 48.621915]}, "properties": {"id": "auto04062", "nom": "A4062", "auto": true, "z": 5.23, "saillie": 2.43}}, {"type": "Feature", "geometry": {"type": "Point", "coordinates": [-2.1511822, 48.6219139]}, "properties": {"id": "auto04063", "nom": "A4063", "auto": true, "z": 5.78, "saillie": 1.08}}, {"type": "Feature", "geometry": {"type": "Point", "coordinates": [-2.1997989, 48.6218536]}, "properties": {"id": "auto04064", "nom": "A4064", "auto": true, "z": 4.39, "saillie": 1.51}}, {"type": "Feature", "geometry": {"type": "Point", "coordinates": [-2.1547529, 48.6217232]}, "properties": {"id": "auto04065", "nom": "A4065", "auto": true, "z": 5.97, "saillie": 3.95}}, {"type": "Feature", "geometry": {"type": "Point", "coordinates": [-2.1541537, 48.6217131]}, "properties": {"id": "auto04066", "nom": "A4066", "auto": true, "z": 12.96, "saillie": 9.02}}, {"type": "Feature", "geometry": {"type": "Point", "coordinates": [-2.1949977, 48.6217029]}, "properties": {"id": "auto04067", "nom": "A4067", "auto": true, "z": 8.96, "saillie": 2.78}}, {"type": "Feature", "geometry": {"type": "Point", "coordinates": [-2.1512152, 48.6216962]}, "properties": {"id": "auto04068", "nom": "A4068", "auto": true, "z": 5.8, "saillie": 1.58}}, {"type": "Feature", "geometry": {"type": "Point", "coordinates": [-2.1602945, 48.6216632]}, "properties": {"id": "auto04069", "nom": "A4069", "auto": true, "z": 2.46, "saillie": 4.48}}, {"type": "Feature", "geometry": {"type": "Point", "coordinates": [-2.2069037, 48.621651]}, "properties": {"id": "auto04070", "nom": "A4070", "auto": true, "z": 9.14, "saillie": 5.33}}, {"type": "Feature", "geometry": {"type": "Point", "coordinates": [-2.1974382, 48.6216323]}, "properties": {"id": "auto04071", "nom": "A4071", "auto": true, "z": 11.97, "saillie": 7.23}}, {"type": "Feature", "geometry": {"type": "Point", "coordinates": [-2.1524572, 48.6216063]}, "properties": {"id": "auto04072", "nom": "A4072", "auto": true, "z": 7.64, "saillie": 3.04}}, {"type": "Feature", "geometry": {"type": "Point", "coordinates": [-2.1992217, 48.6215183]}, "properties": {"id": "auto04073", "nom": "A4073", "auto": true, "z": 5.25, "saillie": 2.09}}, {"type": "Feature", "geometry": {"type": "Point", "coordinates": [-2.1471688, 48.6214747]}, "properties": {"id": "auto04074", "nom": "A4074", "auto": true, "z": 4.18, "saillie": 2.26}}, {"type": "Feature", "geometry": {"type": "Point", "coordinates": [-2.1997019, 48.6214252]}, "properties": {"id": "auto04075", "nom": "A4075", "auto": true, "z": 5.35, "saillie": 1.81}}, {"type": "Feature", "geometry": {"type": "Point", "coordinates": [-2.1616306, 48.6214249]}, "properties": {"id": "auto04076", "nom": "A4076", "auto": true, "z": 0.58, "saillie": 2.96}}, {"type": "Feature", "geometry": {"type": "Point", "coordinates": [-2.1517319, 48.6214214]}, "properties": {"id": "auto04077", "nom": "A4077", "auto": true, "z": 10.09, "saillie": 5.06}}, {"type": "Feature", "geometry": {"type": "Point", "coordinates": [-2.1609231, 48.6214195]}, "properties": {"id": "auto04078", "nom": "A4078", "auto": true, "z": 0.88, "saillie": 2.32}}, {"type": "Feature", "geometry": {"type": "Point", "coordinates": [-2.1394905, 48.6213741]}, "properties": {"id": "auto04079", "nom": "A4079", "auto": true, "z": 5.56, "saillie": 1.93}}, {"type": "Feature", "geometry": {"type": "Point", "coordinates": [-2.1536851, 48.6213728]}, "properties": {"id": "auto04080", "nom": "A4080", "auto": true, "z": 12.5, "saillie": 5.16}}, {"type": "Feature", "geometry": {"type": "Point", "coordinates": [-2.2004565, 48.6213561]}, "properties": {"id": "auto04081", "nom": "A4081", "auto": true, "z": 10.35, "saillie": 7.54}}, {"type": "Feature", "geometry": {"type": "Point", "coordinates": [-2.1612409, 48.6213336]}, "properties": {"id": "auto04082", "nom": "A4082", "auto": true, "z": 0.42, "saillie": 2.41}}, {"type": "Feature", "geometry": {"type": "Point", "coordinates": [-2.2071892, 48.6212418]}, "properties": {"id": "auto04083", "nom": "A4083", "auto": true, "z": 7.95, "saillie": 4.58}}, {"type": "Feature", "geometry": {"type": "Point", "coordinates": [-2.1601436, 48.621237]}, "properties": {"id": "auto04084", "nom": "A4084", "auto": true, "z": 2.05, "saillie": 2.47}}, {"type": "Feature", "geometry": {"type": "Point", "coordinates": [-2.2000631, 48.6212291]}, "properties": {"id": "auto04085", "nom": "A4085", "auto": true, "z": 8.56, "saillie": 4.85}}, {"type": "Feature", "geometry": {"type": "Point", "coordinates": [-2.1463246, 48.6211868]}, "properties": {"id": "auto04086", "nom": "A4086", "auto": true, "z": 7.75, "saillie": 5.39}}, {"type": "Feature", "geometry": {"type": "Point", "coordinates": [-2.153718, 48.6211551]}, "properties": {"id": "auto04087", "nom": "A4087", "auto": true, "z": 12.64, "saillie": 4.37}}, {"type": "Feature", "geometry": {"type": "Point", "coordinates": [-2.1469709, 48.6211227]}, "properties": {"id": "auto04088", "nom": "A4088", "auto": true, "z": 5.45, "saillie": 3.53}}, {"type": "Feature", "geometry": {"type": "Point", "coordinates": [-2.1594796, 48.6211216]}, "properties": {"id": "auto04089", "nom": "A4089", "auto": true, "z": 2.14, "saillie": 3.11}}, {"type": "Feature", "geometry": {"type": "Point", "coordinates": [-2.2078248, 48.6210698]}, "properties": {"id": "auto04090", "nom": "A4090", "auto": true, "z": 8.99, "saillie": 5.91}}, {"type": "Feature", "geometry": {"type": "Point", "coordinates": [-2.1552849, 48.6210511]}, "properties": {"id": "auto04091", "nom": "A4091", "auto": true, "z": 6.55, "saillie": 4.98}}, {"type": "Feature", "geometry": {"type": "Point", "coordinates": [-2.1519673, 48.6210506]}, "properties": {"id": "auto04092", "nom": "A4092", "auto": true, "z": 11.64, "saillie": 5.15}}, {"type": "Feature", "geometry": {"type": "Point", "coordinates": [-2.1547398, 48.6210387]}, "properties": {"id": "auto04093", "nom": "A4093", "auto": true, "z": 12.92, "saillie": 8.72}}, {"type": "Feature", "geometry": {"type": "Point", "coordinates": [-2.1994424, 48.6210038]}, "properties": {"id": "auto04094", "nom": "A4094", "auto": true, "z": 6.13, "saillie": 1.94}}, {"type": "Feature", "geometry": {"type": "Point", "coordinates": [-2.1480434, 48.6209681]}, "properties": {"id": "auto04095", "nom": "A4095", "auto": true, "z": 5.66, "saillie": 2.42}}, {"type": "Feature", "geometry": {"type": "Point", "coordinates": [-2.1453757, 48.6209394]}, "properties": {"id": "auto04096", "nom": "A4096", "auto": true, "z": 9.22, "saillie": 6.62}}, {"type": "Feature", "geometry": {"type": "Point", "coordinates": [-2.0310006, 48.6208568]}, "properties": {"id": "auto04097", "nom": "A4097", "auto": true, "z": 8.04, "saillie": 2.57}}, {"type": "Feature", "geometry": {"type": "Point", "coordinates": [-2.1596643, 48.6207891]}, "properties": {"id": "auto04098", "nom": "A4098", "auto": true, "z": 2.23, "saillie": 2.04}}, {"type": "Feature", "geometry": {"type": "Point", "coordinates": [-2.1995293, 48.6207837]}, "properties": {"id": "auto04099", "nom": "A4099", "auto": true, "z": 6.24, "saillie": 2.19}}, {"type": "Feature", "geometry": {"type": "Point", "coordinates": [-2.0300661, 48.6207521]}, "properties": {"id": "auto04100", "nom": "A4100", "auto": true, "z": 7.25, "saillie": 4.68}}, {"type": "Feature", "geometry": {"type": "Point", "coordinates": [-2.1589497, 48.6207119]}, "properties": {"id": "auto04101", "nom": "A4101", "auto": true, "z": 1.08, "saillie": 1.35}}, {"type": "Feature", "geometry": {"type": "Point", "coordinates": [-2.1440477, 48.6207084]}, "properties": {"id": "auto04102", "nom": "A4102", "auto": true, "z": 4.88, "saillie": 1.38}}, {"type": "Feature", "geometry": {"type": "Point", "coordinates": [-2.0283157, 48.6206459]}, "properties": {"id": "auto04103", "nom": "A4103", "auto": true, "z": -2.44, "saillie": 2.24}}, {"type": "Feature", "geometry": {"type": "Point", "coordinates": [-2.197775, 48.620644]}, "properties": {"id": "auto04104", "nom": "A4104", "auto": true, "z": 12.48, "saillie": 6.64}}, {"type": "Feature", "geometry": {"type": "Point", "coordinates": [-2.200923, 48.6205785]}, "properties": {"id": "auto04105", "nom": "A4105", "auto": true, "z": 6.06, "saillie": 4.36}}, {"type": "Feature", "geometry": {"type": "Point", "coordinates": [-2.1556721, 48.6205656]}, "properties": {"id": "auto04106", "nom": "A4106", "auto": true, "z": 3.76, "saillie": 2.72}}, {"type": "Feature", "geometry": {"type": "Point", "coordinates": [-2.148001, 48.6205373]}, "properties": {"id": "auto04107", "nom": "A4107", "auto": true, "z": 5.64, "saillie": 2.02}}, {"type": "Feature", "geometry": {"type": "Point", "coordinates": [-2.1984141, 48.6205079]}, "properties": {"id": "auto04108", "nom": "A4108", "auto": true, "z": 7.29, "saillie": 3.19}}, {"type": "Feature", "geometry": {"type": "Point", "coordinates": [-2.159636, 48.6205018]}, "properties": {"id": "auto04109", "nom": "A4109", "auto": true, "z": 1.15, "saillie": 1.38}}, {"type": "Feature", "geometry": {"type": "Point", "coordinates": [-2.1469615, 48.6204741]}, "properties": {"id": "auto04110", "nom": "A4110", "auto": true, "z": 6.67, "saillie": 2.57}}, {"type": "Feature", "geometry": {"type": "Point", "coordinates": [-2.1591957, 48.6204488]}, "properties": {"id": "auto04111", "nom": "A4111", "auto": true, "z": 0.58, "saillie": 1.46}}, {"type": "Feature", "geometry": {"type": "Point", "coordinates": [-2.0283491, 48.6204281]}, "properties": {"id": "auto04112", "nom": "A4112", "auto": true, "z": -1.51, "saillie": 2.21}}, {"type": "Feature", "geometry": {"type": "Point", "coordinates": [-2.20036, 48.6203868]}, "properties": {"id": "auto04113", "nom": "A4113", "auto": true, "z": 8.84, "saillie": 6.57}}, {"type": "Feature", "geometry": {"type": "Point", "coordinates": [-2.1969848, 48.620354]}, "properties": {"id": "auto04114", "nom": "A4114", "auto": true, "z": 7.34, "saillie": 2.08}}, {"type": "Feature", "geometry": {"type": "Point", "coordinates": [-2.0304037, 48.6203052]}, "properties": {"id": "auto04115", "nom": "A4115", "auto": true, "z": 7.92, "saillie": 3.23}}, {"type": "Feature", "geometry": {"type": "Point", "coordinates": [-2.1521061, 48.6202514]}, "properties": {"id": "auto04116", "nom": "A4116", "auto": true, "z": 9.91, "saillie": 3.89}}, {"type": "Feature", "geometry": {"type": "Point", "coordinates": [-2.161297, 48.6202495]}, "properties": {"id": "auto04117", "nom": "A4117", "auto": true, "z": 1.93, "saillie": 1.99}}, {"type": "Feature", "geometry": {"type": "Point", "coordinates": [-2.1996382, 48.620238]}, "properties": {"id": "auto04118", "nom": "A4118", "auto": true, "z": 5.42, "saillie": 2.54}}, {"type": "Feature", "geometry": {"type": "Point", "coordinates": [-2.1481823, 48.6201689]}, "properties": {"id": "auto04119", "nom": "A4119", "auto": true, "z": 5.75, "saillie": 1.84}}, {"type": "Feature", "geometry": {"type": "Point", "coordinates": [-2.1592756, 48.6201569]}, "properties": {"id": "auto04120", "nom": "A4120", "auto": true, "z": 0.76, "saillie": 1.97}}, {"type": "Feature", "geometry": {"type": "Point", "coordinates": [-2.159763, 48.6201358]}, "properties": {"id": "auto04121", "nom": "A4121", "auto": true, "z": 0.59, "saillie": 1.1}}, {"type": "Feature", "geometry": {"type": "Point", "coordinates": [-2.1533987, 48.6201233]}, "properties": {"id": "auto04122", "nom": "A4122", "auto": true, "z": 13.0, "saillie": 5.37}}, {"type": "Feature", "geometry": {"type": "Point", "coordinates": [-2.0280473, 48.6201164]}, "properties": {"id": "auto04123", "nom": "A4123", "auto": true, "z": -2.44, "saillie": 1.6}}, {"type": "Feature", "geometry": {"type": "Point", "coordinates": [-2.1977072, 48.6199619]}, "properties": {"id": "auto04124", "nom": "A4124", "auto": true, "z": 5.43, "saillie": 1.12}}, {"type": "Feature", "geometry": {"type": "Point", "coordinates": [-2.1519624, 48.619897]}, "properties": {"id": "auto04125", "nom": "A4125", "auto": true, "z": 9.61, "saillie": 3.41}}, {"type": "Feature", "geometry": {"type": "Point", "coordinates": [-2.1621857, 48.6198864]}, "properties": {"id": "auto04126", "nom": "A4126", "auto": true, "z": 3.25, "saillie": 3.85}}, {"type": "Feature", "geometry": {"type": "Point", "coordinates": [-2.1615323, 48.6198787]}, "properties": {"id": "auto04127", "nom": "A4127", "auto": true, "z": 2.61, "saillie": 2.93}}, {"type": "Feature", "geometry": {"type": "Point", "coordinates": [-2.0305789, 48.6198652]}, "properties": {"id": "auto04128", "nom": "A4128", "auto": true, "z": 8.54, "saillie": 2.66}}, {"type": "Feature", "geometry": {"type": "Point", "coordinates": [-2.1607671, 48.6198398]}, "properties": {"id": "auto04129", "nom": "A4129", "auto": true, "z": 3.31, "saillie": 2.15}}, {"type": "Feature", "geometry": {"type": "Point", "coordinates": [-2.1536412, 48.6198243]}, "properties": {"id": "auto04130", "nom": "A4130", "auto": true, "z": 9.26, "saillie": 3.94}}, {"type": "Feature", "geometry": {"type": "Point", "coordinates": [-2.1481469, 48.6198099]}, "properties": {"id": "auto04131", "nom": "A4131", "auto": true, "z": 7.67, "saillie": 3.43}}, {"type": "Feature", "geometry": {"type": "Point", "coordinates": [-2.1639728, 48.6198088]}, "properties": {"id": "auto04132", "nom": "A4132", "auto": true, "z": 0.95, "saillie": 2.12}}, {"type": "Feature", "geometry": {"type": "Point", "coordinates": [-2.1443385, 48.6197944]}, "properties": {"id": "auto04133", "nom": "A4133", "auto": true, "z": 8.88, "saillie": 3.21}}, {"type": "Feature", "geometry": {"type": "Point", "coordinates": [-2.1966027, 48.6197938]}, "properties": {"id": "auto04134", "nom": "A4134", "auto": true, "z": 6.45, "saillie": 1.64}}, {"type": "Feature", "geometry": {"type": "Point", "coordinates": [-2.1631534, 48.6197723]}, "properties": {"id": "auto04135", "nom": "A4135", "auto": true, "z": 0.74, "saillie": 1.37}}, {"type": "Feature", "geometry": {"type": "Point", "coordinates": [-2.0280127, 48.6197574]}, "properties": {"id": "auto04136", "nom": "A4136", "auto": true, "z": -1.33, "saillie": 2.93}}, {"type": "Feature", "geometry": {"type": "Point", "coordinates": [-2.1976858, 48.6197464]}, "properties": {"id": "auto04137", "nom": "A4137", "auto": true, "z": 6.7, "saillie": 2.47}}, {"type": "Feature", "geometry": {"type": "Point", "coordinates": [-2.170377, 48.6196748]}, "properties": {"id": "auto04138", "nom": "A4138", "auto": true, "z": 0.68, "saillie": 1.19}}, {"type": "Feature", "geometry": {"type": "Point", "coordinates": [-2.0301249, 48.619668]}, "properties": {"id": "auto04139", "nom": "A4139", "auto": true, "z": 7.45, "saillie": 2.61}}, {"type": "Feature", "geometry": {"type": "Point", "coordinates": [-2.1551468, 48.6196509]}, "properties": {"id": "auto04140", "nom": "A4140", "auto": true, "z": 3.45, "saillie": 2.19}}, {"type": "Feature", "geometry": {"type": "Point", "coordinates": [-2.1547101, 48.6196337]}, "properties": {"id": "auto04141", "nom": "A4141", "auto": true, "z": 4.29, "saillie": 2.31}}, {"type": "Feature", "geometry": {"type": "Point", "coordinates": [-2.1849466, 48.6196174]}, "properties": {"id": "auto04142", "nom": "A4142", "auto": true, "z": 0.64, "saillie": 1.64}}, {"type": "Feature", "geometry": {"type": "Point", "coordinates": [-2.1480645, 48.619525]}, "properties": {"id": "auto04143", "nom": "A4143", "auto": true, "z": 8.97, "saillie": 3.75}}, {"type": "Feature", "geometry": {"type": "Point", "coordinates": [-2.1524686, 48.6195145]}, "properties": {"id": "auto04144", "nom": "A4144", "auto": true, "z": 12.05, "saillie": 4.02}}, {"type": "Feature", "geometry": {"type": "Point", "coordinates": [-2.1558908, 48.6194744]}, "properties": {"id": "auto04145", "nom": "A4145", "auto": true, "z": 2.43, "saillie": 1.3}}, {"type": "Feature", "geometry": {"type": "Point", "coordinates": [-2.1520824, 48.6194591]}, "properties": {"id": "auto04146", "nom": "A4146", "auto": true, "z": 12.84, "saillie": 6.4}}, {"type": "Feature", "geometry": {"type": "Point", "coordinates": [-2.156483, 48.6194127]}, "properties": {"id": "auto04147", "nom": "A4147", "auto": true, "z": 1.26, "saillie": 1.35}}, {"type": "Feature", "geometry": {"type": "Point", "coordinates": [-2.1548442, 48.6193395]}, "properties": {"id": "auto04148", "nom": "A4148", "auto": true, "z": 6.57, "saillie": 4.3}}, {"type": "Feature", "geometry": {"type": "Point", "coordinates": [-2.0286788, 48.6193326]}, "properties": {"id": "auto04149", "nom": "A4149", "auto": true, "z": 1.63, "saillie": 2.0}}, {"type": "Feature", "geometry": {"type": "Point", "coordinates": [-2.0299279, 48.6193158]}, "properties": {"id": "auto04150", "nom": "A4150", "auto": true, "z": 10.26, "saillie": 7.06}}, {"type": "Feature", "geometry": {"type": "Point", "coordinates": [-2.1535881, 48.6192857]}, "properties": {"id": "auto04151", "nom": "A4151", "auto": true, "z": 12.34, "saillie": 7.65}}, {"type": "Feature", "geometry": {"type": "Point", "coordinates": [-2.161093, 48.6192848]}, "properties": {"id": "auto04152", "nom": "A4152", "auto": true, "z": 0.95, "saillie": 1.67}}, {"type": "Feature", "geometry": {"type": "Point", "coordinates": [-2.0278526, 48.6192233]}, "properties": {"id": "auto04153", "nom": "A4153", "auto": true, "z": -1.59, "saillie": 3.48}}, {"type": "Feature", "geometry": {"type": "Point", "coordinates": [-2.1532525, 48.6191921]}, "properties": {"id": "auto04154", "nom": "A4154", "auto": true, "z": 12.43, "saillie": 6.87}}, {"type": "Feature", "geometry": {"type": "Point", "coordinates": [-2.1600499, 48.6191858]}, "properties": {"id": "auto04155", "nom": "A4155", "auto": true, "z": 1.0, "saillie": 1.36}}, {"type": "Feature", "geometry": {"type": "Point", "coordinates": [-2.159393, 48.6191422]}, "properties": {"id": "auto04156", "nom": "A4156", "auto": true, "z": 1.11, "saillie": 2.13}}, {"type": "Feature", "geometry": {"type": "Point", "coordinates": [-2.1495454, 48.6191003]}, "properties": {"id": "auto04157", "nom": "A4157", "auto": true, "z": 7.52, "saillie": 2.48}}, {"type": "Feature", "geometry": {"type": "Point", "coordinates": [-2.1523143, 48.6190525]}, "properties": {"id": "auto04158", "nom": "A4158", "auto": true, "z": 9.29, "saillie": 2.57}}, {"type": "Feature", "geometry": {"type": "Point", "coordinates": [-2.1518233, 48.6190377]}, "properties": {"id": "auto04159", "nom": "A4159", "auto": true, "z": 8.33, "saillie": 2.33}}, {"type": "Feature", "geometry": {"type": "Point", "coordinates": [-2.1570432, 48.6190278]}, "properties": {"id": "auto04160", "nom": "A4160", "auto": true, "z": 0.81, "saillie": 1.15}}, {"type": "Feature", "geometry": {"type": "Point", "coordinates": [-2.1551373, 48.6190023]}, "properties": {"id": "auto04161", "nom": "A4161", "auto": true, "z": 5.28, "saillie": 2.19}}, {"type": "Feature", "geometry": {"type": "Point", "coordinates": [-2.0272834, 48.618959]}, "properties": {"id": "auto04162", "nom": "A4162", "auto": true, "z": -0.03, "saillie": 5.33}}, {"type": "Feature", "geometry": {"type": "Point", "coordinates": [-2.1559966, 48.6188929]}, "properties": {"id": "auto04163", "nom": "A4163", "auto": true, "z": 5.39, "saillie": 4.19}}, {"type": "Feature", "geometry": {"type": "Point", "coordinates": [-2.1556105, 48.6188375]}, "properties": {"id": "auto04164", "nom": "A4164", "auto": true, "z": 5.91, "saillie": 2.9}}, {"type": "Feature", "geometry": {"type": "Point", "coordinates": [-2.1391857, 48.6188273]}, "properties": {"id": "auto04165", "nom": "A4165", "auto": true, "z": 5.42, "saillie": 1.26}}, {"type": "Feature", "geometry": {"type": "Point", "coordinates": [-2.1537587, 48.6188096]}, "properties": {"id": "auto04166", "nom": "A4166", "auto": true, "z": 5.61, "saillie": 1.55}}, {"type": "Feature", "geometry": {"type": "Point", "coordinates": [-2.1697431, 48.6187649]}, "properties": {"id": "auto04167", "nom": "A4167", "auto": true, "z": 0.98, "saillie": 1.06}}, {"type": "Feature", "geometry": {"type": "Point", "coordinates": [-2.1374387, 48.6187585]}, "properties": {"id": "auto04168", "nom": "A4168", "auto": true, "z": 12.22, "saillie": 7.44}}, {"type": "Feature", "geometry": {"type": "Point", "coordinates": [-2.0273606, 48.6186312]}, "properties": {"id": "auto04169", "nom": "A4169", "auto": true, "z": 0.42, "saillie": 4.85}}, {"type": "Feature", "geometry": {"type": "Point", "coordinates": [-2.1392151, 48.6185736]}, "properties": {"id": "auto04170", "nom": "A4170", "auto": true, "z": 5.48, "saillie": 1.31}}, {"type": "Feature", "geometry": {"type": "Point", "coordinates": [-2.0280071, 48.6185678]}, "properties": {"id": "auto04171", "nom": "A4171", "auto": true, "z": 5.21, "saillie": 7.29}}, {"type": "Feature", "geometry": {"type": "Point", "coordinates": [-2.1553114, 48.618562]}, "properties": {"id": "auto04172", "nom": "A4172", "auto": true, "z": 6.85, "saillie": 2.77}}, {"type": "Feature", "geometry": {"type": "Point", "coordinates": [-2.1523189, 48.6185475]}, "properties": {"id": "auto04173", "nom": "A4173", "auto": true, "z": 6.94, "saillie": 1.95}}, {"type": "Feature", "geometry": {"type": "Point", "coordinates": [-2.243521, 48.6185276]}, "properties": {"id": "auto04174", "nom": "A4174", "auto": true, "z": 8.01, "saillie": 5.34}}, {"type": "Feature", "geometry": {"type": "Point", "coordinates": [-2.1951675, 48.6184863]}, "properties": {"id": "auto04175", "nom": "A4175", "auto": true, "z": 12.08, "saillie": 6.75}}, {"type": "Feature", "geometry": {"type": "Point", "coordinates": [-2.1559, 48.6184644]}, "properties": {"id": "auto04176", "nom": "A4176", "auto": true, "z": 6.51, "saillie": 5.14}}, {"type": "Feature", "geometry": {"type": "Point", "coordinates": [-2.0231525, 48.6184124]}, "properties": {"id": "auto04177", "nom": "A4177", "auto": true, "z": 7.04, "saillie": 6.79}}, {"type": "Feature", "geometry": {"type": "Point", "coordinates": [-2.1948319, 48.6183927]}, "properties": {"id": "auto04178", "nom": "A4178", "auto": true, "z": 10.77, "saillie": 4.34}}, {"type": "Feature", "geometry": {"type": "Point", "coordinates": [-2.0234706, 48.6183269]}, "properties": {"id": "auto04179", "nom": "A4179", "auto": true, "z": 7.04, "saillie": 6.88}}, {"type": "Feature", "geometry": {"type": "Point", "coordinates": [-2.1555574, 48.618299]}, "properties": {"id": "auto04180", "nom": "A4180", "auto": true, "z": 7.24, "saillie": 3.64}}, {"type": "Feature", "geometry": {"type": "Point", "coordinates": [-2.1548969, 48.6182194]}, "properties": {"id": "auto04181", "nom": "A4181", "auto": true, "z": 4.66, "saillie": 1.09}}, {"type": "Feature", "geometry": {"type": "Point", "coordinates": [-2.0231318, 48.618197]}, "properties": {"id": "auto04182", "nom": "A4182", "auto": true, "z": 7.04, "saillie": 6.76}}, {"type": "Feature", "geometry": {"type": "Point", "coordinates": [-2.1908398, 48.6181704]}, "properties": {"id": "auto04183", "nom": "A4183", "auto": true, "z": 6.97, "saillie": 4.75}}, {"type": "Feature", "geometry": {"type": "Point", "coordinates": [-2.1901864, 48.6181629]}, "properties": {"id": "auto04184", "nom": "A4184", "auto": true, "z": 9.3, "saillie": 8.42}}, {"type": "Feature", "geometry": {"type": "Point", "coordinates": [-2.0242657, 48.618113]}, "properties": {"id": "auto04185", "nom": "A4185", "auto": true, "z": 7.04, "saillie": 6.96}}, {"type": "Feature", "geometry": {"type": "Point", "coordinates": [-2.0234499, 48.6181114]}, "properties": {"id": "auto04186", "nom": "A4186", "auto": true, "z": 7.04, "saillie": 2.88}}, {"type": "Feature", "geometry": {"type": "Point", "coordinates": [-2.0237748, 48.6180977]}, "properties": {"id": "auto04187", "nom": "A4187", "auto": true, "z": 7.04, "saillie": 6.91}}, {"type": "Feature", "geometry": {"type": "Point", "coordinates": [-2.0251288, 48.6180405]}, "properties": {"id": "auto04188", "nom": "A4188", "auto": true, "z": 7.04, "saillie": 10.86}}, {"type": "Feature", "geometry": {"type": "Point", "coordinates": [-2.1393788, 48.6180257]}, "properties": {"id": "auto04189", "nom": "A4189", "auto": true, "z": 5.4, "saillie": 1.06}}, {"type": "Feature", "geometry": {"type": "Point", "coordinates": [-2.0254503, 48.6179909]}, "properties": {"id": "auto04190", "nom": "A4190", "auto": true, "z": 7.04, "saillie": 10.86}}, {"type": "Feature", "geometry": {"type": "Point", "coordinates": [-2.0247935, 48.6179465]}, "properties": {"id": "auto04191", "nom": "A4191", "auto": true, "z": 7.04, "saillie": 7.0}}, {"type": "Feature", "geometry": {"type": "Point", "coordinates": [-2.2432396, 48.617891]}, "properties": {"id": "auto04192", "nom": "A4192", "auto": true, "z": 3.87, "saillie": 1.05}}, {"type": "Feature", "geometry": {"type": "Point", "coordinates": [-2.1901579, 48.6178757]}, "properties": {"id": "auto04193", "nom": "A4193", "auto": true, "z": 7.78, "saillie": 6.84}}, {"type": "Feature", "geometry": {"type": "Point", "coordinates": [-2.1554607, 48.6178705]}, "properties": {"id": "auto04194", "nom": "A4194", "auto": true, "z": 3.97, "saillie": 1.21}}, {"type": "Feature", "geometry": {"type": "Point", "coordinates": [-2.1946701, 48.6178589]}, "properties": {"id": "auto04195", "nom": "A4195", "auto": true, "z": 8.03, "saillie": 1.97}}, {"type": "Feature", "geometry": {"type": "Point", "coordinates": [-2.1589876, 48.6177896]}, "properties": {"id": "auto04196", "nom": "A4196", "auto": true, "z": 0.85, "saillie": 1.62}}, {"type": "Feature", "geometry": {"type": "Point", "coordinates": [-2.0251588, 48.6177869]}, "properties": {"id": "auto04197", "nom": "A4197", "auto": true, "z": 7.04, "saillie": 2.88}}, {"type": "Feature", "geometry": {"type": "Point", "coordinates": [-2.0254837, 48.6177732]}, "properties": {"id": "auto04198", "nom": "A4198", "auto": true, "z": 7.04, "saillie": 6.93}}, {"type": "Feature", "geometry": {"type": "Point", "coordinates": [-2.0259711, 48.6177526]}, "properties": {"id": "auto04199", "nom": "A4199", "auto": true, "z": 7.04, "saillie": 16.7}}, {"type": "Feature", "geometry": {"type": "Point", "coordinates": [-2.1563707, 48.6177228]}, "properties": {"id": "auto04200", "nom": "A4200", "auto": true, "z": 2.74, "saillie": 1.85}}, {"type": "Feature", "geometry": {"type": "Point", "coordinates": [-2.0264009, 48.6176983]}, "properties": {"id": "auto04201", "nom": "A4201", "auto": true, "z": 7.04, "saillie": 16.85}}, {"type": "Feature", "geometry": {"type": "Point", "coordinates": [-2.1403253, 48.6176963]}, "properties": {"id": "auto04202", "nom": "A4202", "auto": true, "z": 7.83, "saillie": 1.34}}, {"type": "Feature", "geometry": {"type": "Point", "coordinates": [-2.1603378, 48.617695]}, "properties": {"id": "auto04203", "nom": "A4203", "auto": true, "z": 2.56, "saillie": 2.54}}, {"type": "Feature", "geometry": {"type": "Point", "coordinates": [-2.1547355, 48.6176856]}, "properties": {"id": "auto04204", "nom": "A4204", "auto": true, "z": 4.7, "saillie": 1.42}}, {"type": "Feature", "geometry": {"type": "Point", "coordinates": [-2.0267259, 48.6176846]}, "properties": {"id": "auto04205", "nom": "A4205", "auto": true, "z": 7.04, "saillie": 16.85}}, {"type": "Feature", "geometry": {"type": "Point", "coordinates": [-2.027105, 48.6176686]}, "properties": {"id": "auto04206", "nom": "A4206", "auto": true, "z": 7.04, "saillie": 16.71}}, {"type": "Feature", "geometry": {"type": "Point", "coordinates": [-2.151902, 48.6176281]}, "properties": {"id": "auto04207", "nom": "A4207", "auto": true, "z": 10.09, "saillie": 4.38}}, {"type": "Feature", "geometry": {"type": "Point", "coordinates": [-2.1955115, 48.6175698]}, "properties": {"id": "auto04208", "nom": "A4208", "auto": true, "z": 11.55, "saillie": 6.94}}, {"type": "Feature", "geometry": {"type": "Point", "coordinates": [-2.1553205, 48.617552]}, "properties": {"id": "auto04209", "nom": "A4209", "auto": true, "z": 4.13, "saillie": 1.53}}, {"type": "Feature", "geometry": {"type": "Point", "coordinates": [-2.0274161, 48.6175112]}, "properties": {"id": "auto04210", "nom": "A4210", "auto": true, "z": 7.04, "saillie": 6.97}}, {"type": "Feature", "geometry": {"type": "Point", "coordinates": [-2.027741, 48.6174975]}, "properties": {"id": "auto04211", "nom": "A4211", "auto": true, "z": 7.04, "saillie": 5.39}}, {"type": "Feature", "geometry": {"type": "Point", "coordinates": [-2.0269759, 48.6174577]}, "properties": {"id": "auto04212", "nom": "A4212", "auto": true, "z": 7.04, "saillie": 3.78}}, {"type": "Feature", "geometry": {"type": "Point", "coordinates": [-2.1401923, 48.6174497]}, "properties": {"id": "auto04213", "nom": "A4213", "auto": true, "z": 8.34, "saillie": 1.36}}, {"type": "Feature", "geometry": {"type": "Point", "coordinates": [-2.1394848, 48.6174442]}, "properties": {"id": "auto04214", "nom": "A4214", "auto": true, "z": 6.95, "saillie": 2.56}}, {"type": "Feature", "geometry": {"type": "Point", "coordinates": [-2.1562811, 48.6173662]}, "properties": {"id": "auto04215", "nom": "A4215", "auto": true, "z": 2.48, "saillie": 1.05}}, {"type": "Feature", "geometry": {"type": "Point", "coordinates": [-2.1923352, 48.6173479]}, "properties": {"id": "auto04216", "nom": "A4216", "auto": true, "z": 9.94, "saillie": 7.22}}, {"type": "Feature", "geometry": {"type": "Point", "coordinates": [-2.1956454, 48.6172755]}, "properties": {"id": "auto04217", "nom": "A4217", "auto": true, "z": 10.67, "saillie": 6.08}}, {"type": "Feature", "geometry": {"type": "Point", "coordinates": [-2.1372905, 48.6172506]}, "properties": {"id": "auto04218", "nom": "A4218", "auto": true, "z": 8.18, "saillie": 2.63}}, {"type": "Feature", "geometry": {"type": "Point", "coordinates": [-2.1406549, 48.6171773]}, "properties": {"id": "auto04219", "nom": "A4219", "auto": true, "z": 9.18, "saillie": 1.72}}, {"type": "Feature", "geometry": {"type": "Point", "coordinates": [-2.1933462, 48.6171235]}, "properties": {"id": "auto04220", "nom": "A4220", "auto": true, "z": 13.17, "saillie": 5.76}}, {"type": "Feature", "geometry": {"type": "Point", "coordinates": [-2.2048179, 48.6170907]}, "properties": {"id": "auto04221", "nom": "A4221", "auto": true, "z": 7.16, "saillie": 3.43}}, {"type": "Feature", "geometry": {"type": "Point", "coordinates": [-2.1542927, 48.6170557]}, "properties": {"id": "auto04222", "nom": "A4222", "auto": true, "z": 4.3, "saillie": 1.38}}, {"type": "Feature", "geometry": {"type": "Point", "coordinates": [-2.2044175, 48.6168919]}, "properties": {"id": "auto04223", "nom": "A4223", "auto": true, "z": 6.52, "saillie": 3.05}}, {"type": "Feature", "geometry": {"type": "Point", "coordinates": [-2.1525316, 48.6168436]}, "properties": {"id": "auto04224", "nom": "A4224", "auto": true, "z": 8.93, "saillie": 2.45}}, {"type": "Feature", "geometry": {"type": "Point", "coordinates": [-2.1531273, 48.6168178]}, "properties": {"id": "auto04225", "nom": "A4225", "auto": true, "z": 7.55, "saillie": 1.66}}, {"type": "Feature", "geometry": {"type": "Point", "coordinates": [-2.1543186, 48.6167661]}, "properties": {"id": "auto04226", "nom": "A4226", "auto": true, "z": 4.58, "saillie": 1.71}}, {"type": "Feature", "geometry": {"type": "Point", "coordinates": [-2.2083054, 48.6166135]}, "properties": {"id": "auto04227", "nom": "A4227", "auto": true, "z": 6.83, "saillie": 2.86}}, {"type": "Feature", "geometry": {"type": "Point", "coordinates": [-2.1538135, 48.6166077]}, "properties": {"id": "auto04228", "nom": "A4228", "auto": true, "z": 6.24, "saillie": 2.32}}, {"type": "Feature", "geometry": {"type": "Point", "coordinates": [-2.1396132, 48.6165372]}, "properties": {"id": "auto04229", "nom": "A4229", "auto": true, "z": 6.27, "saillie": 1.06}}, {"type": "Feature", "geometry": {"type": "Point", "coordinates": [-2.2442976, 48.6165101]}, "properties": {"id": "auto04230", "nom": "A4230", "auto": true, "z": 9.73, "saillie": 4.0}}, {"type": "Feature", "geometry": {"type": "Point", "coordinates": [-2.2448391, 48.6164862]}, "properties": {"id": "auto04231", "nom": "A4231", "auto": true, "z": 9.25, "saillie": 2.24}}, {"type": "Feature", "geometry": {"type": "Point", "coordinates": [-2.2081756, 48.6164028]}, "properties": {"id": "auto04232", "nom": "A4232", "auto": true, "z": 6.08, "saillie": 2.19}}, {"type": "Feature", "geometry": {"type": "Point", "coordinates": [-2.153684, 48.616397]}, "properties": {"id": "auto04233", "nom": "A4233", "auto": true, "z": 7.36, "saillie": 2.94}}, {"type": "Feature", "geometry": {"type": "Point", "coordinates": [-2.1398015, 48.6162406]}, "properties": {"id": "auto04234", "nom": "A4234", "auto": true, "z": 6.26, "saillie": 1.05}}, {"type": "Feature", "geometry": {"type": "Point", "coordinates": [-2.195542, 48.6162343]}, "properties": {"id": "auto04235", "nom": "A4235", "auto": true, "z": 6.78, "saillie": 2.27}}, {"type": "Feature", "geometry": {"type": "Point", "coordinates": [-2.1980976, 48.6162308]}, "properties": {"id": "auto04236", "nom": "A4236", "auto": true, "z": 6.63, "saillie": 3.18}}, {"type": "Feature", "geometry": {"type": "Point", "coordinates": [-2.1558394, 48.6161954]}, "properties": {"id": "auto04237", "nom": "A4237", "auto": true, "z": 2.44, "saillie": 1.0}}, {"type": "Feature", "geometry": {"type": "Point", "coordinates": [-2.2046167, 48.616162]}, "properties": {"id": "auto04238", "nom": "A4238", "auto": true, "z": 5.26, "saillie": 1.58}}, {"type": "Feature", "geometry": {"type": "Point", "coordinates": [-2.1383148, 48.6160525]}, "properties": {"id": "auto04239", "nom": "A4239", "auto": true, "z": 10.08, "saillie": 5.43}}, {"type": "Feature", "geometry": {"type": "Point", "coordinates": [-2.1948166, 48.6160496]}, "properties": {"id": "auto04240", "nom": "A4240", "auto": true, "z": 7.25, "saillie": 2.09}}, {"type": "Feature", "geometry": {"type": "Point", "coordinates": [-2.1572366, 48.6160267]}, "properties": {"id": "auto04241", "nom": "A4241", "auto": true, "z": 2.32, "saillie": 1.46}}, {"type": "Feature", "geometry": {"type": "Point", "coordinates": [-2.1942609, 48.6159297]}, "properties": {"id": "auto04242", "nom": "A4242", "auto": true, "z": 9.1, "saillie": 4.98}}, {"type": "Feature", "geometry": {"type": "Point", "coordinates": [-2.1954016, 48.6159159]}, "properties": {"id": "auto04243", "nom": "A4243", "auto": true, "z": 9.71, "saillie": 5.0}}, {"type": "Feature", "geometry": {"type": "Point", "coordinates": [-2.1549952, 48.6159075]}, "properties": {"id": "auto04244", "nom": "A4244", "auto": true, "z": 4.88, "saillie": 2.46}}, {"type": "Feature", "geometry": {"type": "Point", "coordinates": [-2.2038842, 48.6159056]}, "properties": {"id": "auto04245", "nom": "A4245", "auto": true, "z": 4.74, "saillie": 1.03}}, {"type": "Feature", "geometry": {"type": "Point", "coordinates": [-2.1377521, 48.6158605]}, "properties": {"id": "auto04246", "nom": "A4246", "auto": true, "z": 9.55, "saillie": 3.9}}, {"type": "Feature", "geometry": {"type": "Point", "coordinates": [-2.1950118, 48.6158248]}, "properties": {"id": "auto04247", "nom": "A4247", "auto": true, "z": 7.65, "saillie": 1.72}}, {"type": "Feature", "geometry": {"type": "Point", "coordinates": [-2.1546056, 48.6158162]}, "properties": {"id": "auto04248", "nom": "A4248", "auto": true, "z": 4.57, "saillie": 1.66}}, {"type": "Feature", "geometry": {"type": "Point", "coordinates": [-2.1979465, 48.6158047]}, "properties": {"id": "auto04249", "nom": "A4249", "auto": true, "z": 9.47, "saillie": 5.28}}, {"type": "Feature", "geometry": {"type": "Point", "coordinates": [-2.2019063, 48.6157037]}, "properties": {"id": "auto04250", "nom": "A4250", "auto": true, "z": 6.7, "saillie": 3.07}}, {"type": "Feature", "geometry": {"type": "Point", "coordinates": [-2.1557356, 48.6156951]}, "properties": {"id": "auto04251", "nom": "A4251", "auto": true, "z": 3.43, "saillie": 1.5}}, {"type": "Feature", "geometry": {"type": "Point", "coordinates": [-2.1570894, 48.6156364]}, "properties": {"id": "auto04252", "nom": "A4252", "auto": true, "z": 3.32, "saillie": 1.92}}, {"type": "Feature", "geometry": {"type": "Point", "coordinates": [-2.1943948, 48.6156354]}, "properties": {"id": "auto04253", "nom": "A4253", "auto": true, "z": 7.33, "saillie": 4.52}}, {"type": "Feature", "geometry": {"type": "Point", "coordinates": [-2.195207, 48.6155999]}, "properties": {"id": "auto04254", "nom": "A4254", "auto": true, "z": 8.31, "saillie": 3.24}}, {"type": "Feature", "geometry": {"type": "Point", "coordinates": [-2.203307, 48.6155703]}, "properties": {"id": "auto04255", "nom": "A4255", "auto": true, "z": 9.31, "saillie": 4.87}}, {"type": "Feature", "geometry": {"type": "Point", "coordinates": [-2.2079815, 48.6155459]}, "properties": {"id": "auto04256", "nom": "A4256", "auto": true, "z": 5.07, "saillie": 1.08}}, {"type": "Feature", "geometry": {"type": "Point", "coordinates": [-2.1583854, 48.6155442]}, "properties": {"id": "auto04257", "nom": "A4257", "auto": true, "z": 4.73, "saillie": 3.3}}, {"type": "Feature", "geometry": {"type": "Point", "coordinates": [-2.1791587, 48.6155427]}, "properties": {"id": "auto04258", "nom": "A4258", "auto": true, "z": 4.54, "saillie": 4.54}}, {"type": "Feature", "geometry": {"type": "Point", "coordinates": [-2.1992246, 48.6155325]}, "properties": {"id": "auto04259", "nom": "A4259", "auto": true, "z": 4.49, "saillie": 1.1}}, {"type": "Feature", "geometry": {"type": "Point", "coordinates": [-2.1980262, 48.6155127]}, "properties": {"id": "auto04260", "nom": "A4260", "auto": true, "z": 13.43, "saillie": 9.72}}, {"type": "Feature", "geometry": {"type": "Point", "coordinates": [-2.1975318, 48.6154622]}, "properties": {"id": "auto04261", "nom": "A4261", "auto": true, "z": 7.14, "saillie": 2.57}}, {"type": "Feature", "geometry": {"type": "Point", "coordinates": [-2.2024805, 48.6154622]}, "properties": {"id": "auto04262", "nom": "A4262", "auto": true, "z": 8.83, "saillie": 4.42}}, {"type": "Feature", "geometry": {"type": "Point", "coordinates": [-2.0286849, 48.6154386]}, "properties": {"id": "auto04263", "nom": "A4263", "auto": true, "z": 9.22, "saillie": 2.18}}, {"type": "Feature", "geometry": {"type": "Point", "coordinates": [-2.1566855, 48.6154015]}, "properties": {"id": "auto04264", "nom": "A4264", "auto": true, "z": 4.21, "saillie": 1.84}}, {"type": "Feature", "geometry": {"type": "Point", "coordinates": [-2.1574436, 48.6153687]}, "properties": {"id": "auto04265", "nom": "A4265", "auto": true, "z": 3.7, "saillie": 1.78}}, {"type": "Feature", "geometry": {"type": "Point", "coordinates": [-2.2020872, 48.6153352]}, "properties": {"id": "auto04266", "nom": "A4266", "auto": true, "z": 9.55, "saillie": 4.32}}, {"type": "Feature", "geometry": {"type": "Point", "coordinates": [-2.1599957, 48.6153301]}, "properties": {"id": "auto04267", "nom": "A4267", "auto": true, "z": 6.17, "saillie": 5.56}}, {"type": "Feature", "geometry": {"type": "Point", "coordinates": [-2.1554801, 48.6153096]}, "properties": {"id": "auto04268", "nom": "A4268", "auto": true, "z": 4.22, "saillie": 1.51}}, {"type": "Feature", "geometry": {"type": "Point", "coordinates": [-2.1985498, 48.6153096]}, "properties": {"id": "auto04269", "nom": "A4269", "auto": true, "z": 6.06, "saillie": 2.26}}, {"type": "Feature", "geometry": {"type": "Point", "coordinates": [-2.1589021, 48.6152693]}, "properties": {"id": "auto04270", "nom": "A4270", "auto": true, "z": 4.81, "saillie": 1.86}}, {"type": "Feature", "geometry": {"type": "Point", "coordinates": [-2.1972396, 48.6152587]}, "properties": {"id": "auto04271", "nom": "A4271", "auto": true, "z": 6.28, "saillie": 1.31}}, {"type": "Feature", "geometry": {"type": "Point", "coordinates": [-2.2024591, 48.6152468]}, "properties": {"id": "auto04272", "nom": "A4272", "auto": true, "z": 9.65, "saillie": 3.37}}, {"type": "Feature", "geometry": {"type": "Point", "coordinates": [-2.2078952, 48.6152252]}, "properties": {"id": "auto04273", "nom": "A4273", "auto": true, "z": 6.65, "saillie": 3.1}}, {"type": "Feature", "geometry": {"type": "Point", "coordinates": [-2.2002248, 48.6152003]}, "properties": {"id": "auto04274", "nom": "A4274", "auto": true, "z": 4.47, "saillie": 1.01}}, {"type": "Feature", "geometry": {"type": "Point", "coordinates": [-2.1582417, 48.6151898]}, "properties": {"id": "auto04275", "nom": "A4275", "auto": true, "z": 4.54, "saillie": 2.2}}, {"type": "Feature", "geometry": {"type": "Point", "coordinates": [-2.2009829, 48.6151671]}, "properties": {"id": "auto04276", "nom": "A4276", "auto": true, "z": 5.63, "saillie": 2.02}}, {"type": "Feature", "geometry": {"type": "Point", "coordinates": [-2.1595989, 48.615167]}, "properties": {"id": "auto04277", "nom": "A4277", "auto": true, "z": 7.04, "saillie": 3.39}}, {"type": "Feature", "geometry": {"type": "Point", "coordinates": [-2.1572058, 48.6151626]}, "properties": {"id": "auto04278", "nom": "A4278", "auto": true, "z": 4.64, "saillie": 2.04}}, {"type": "Feature", "geometry": {"type": "Point", "coordinates": [-2.1797729, 48.6151554]}, "properties": {"id": "auto04279", "nom": "A4279", "auto": true, "z": 1.81, "saillie": 1.92}}, {"type": "Feature", "geometry": {"type": "Point", "coordinates": [-2.1997845, 48.6151474]}, "properties": {"id": "auto04280", "nom": "A4280", "auto": true, "z": 4.75, "saillie": 1.29}}, {"type": "Feature", "geometry": {"type": "Point", "coordinates": [-2.2015207, 48.6151075]}, "properties": {"id": "auto04281", "nom": "A4281", "auto": true, "z": 6.98, "saillie": 3.14}}, {"type": "Feature", "geometry": {"type": "Point", "coordinates": [-2.2066861, 48.6150978]}, "properties": {"id": "auto04282", "nom": "A4282", "auto": true, "z": 5.44, "saillie": 1.17}}, {"type": "Feature", "geometry": {"type": "Point", "coordinates": [-2.1993442, 48.6150945]}, "properties": {"id": "auto04283", "nom": "A4283", "auto": true, "z": 4.62, "saillie": 1.06}}, {"type": "Feature", "geometry": {"type": "Point", "coordinates": [-2.155015, 48.6150052]}, "properties": {"id": "auto04284", "nom": "A4284", "auto": true, "z": 4.84, "saillie": 1.44}}, {"type": "Feature", "geometry": {"type": "Point", "coordinates": [-2.1401618, 48.614927]}, "properties": {"id": "auto04285", "nom": "A4285", "auto": true, "z": 6.4, "saillie": 1.2}}, {"type": "Feature", "geometry": {"type": "Point", "coordinates": [-2.15952, 48.614918]}, "properties": {"id": "auto04286", "nom": "A4286", "auto": true, "z": 6.51, "saillie": 3.02}}, {"type": "Feature", "geometry": {"type": "Point", "coordinates": [-2.1981785, 48.614857]}, "properties": {"id": "auto04287", "nom": "A4287", "auto": true, "z": 10.07, "saillie": 5.64}}, {"type": "Feature", "geometry": {"type": "Point", "coordinates": [-2.160112, 48.6148563]}, "properties": {"id": "auto04288", "nom": "A4288", "auto": true, "z": 6.91, "saillie": 3.8}}, {"type": "Feature", "geometry": {"type": "Point", "coordinates": [-2.1580438, 48.6148378]}, "properties": {"id": "auto04289", "nom": "A4289", "auto": true, "z": 4.17, "saillie": 1.66}}, {"type": "Feature", "geometry": {"type": "Point", "coordinates": [-2.1587442, 48.6147714]}, "properties": {"id": "auto04290", "nom": "A4290", "auto": true, "z": 5.15, "saillie": 1.99}}, {"type": "Feature", "geometry": {"type": "Point", "coordinates": [-2.1995251, 48.614726]}, "properties": {"id": "auto04291", "nom": "A4291", "auto": true, "z": 4.98, "saillie": 1.29}}, {"type": "Feature", "geometry": {"type": "Point", "coordinates": [-2.2020265, 48.6147248]}, "properties": {"id": "auto04292", "nom": "A4292", "auto": true, "z": 11.66, "saillie": 5.52}}, {"type": "Feature", "geometry": {"type": "Point", "coordinates": [-2.157806, 48.6146318]}, "properties": {"id": "auto04293", "nom": "A4293", "auto": true, "z": 4.18, "saillie": 1.43}}, {"type": "Feature", "geometry": {"type": "Point", "coordinates": [-2.2070728, 48.6146121]}, "properties": {"id": "auto04294", "nom": "A4294", "auto": true, "z": 10.56, "saillie": 4.76}}, {"type": "Feature", "geometry": {"type": "Point", "coordinates": [-2.1601955, 48.6146002]}, "properties": {"id": "auto04295", "nom": "A4295", "auto": true, "z": 6.46, "saillie": 2.82}}, {"type": "Feature", "geometry": {"type": "Point", "coordinates": [-2.1605204, 48.6145861]}, "properties": {"id": "auto04296", "nom": "A4296", "auto": true, "z": 6.71, "saillie": 4.07}}, {"type": "Feature", "geometry": {"type": "Point", "coordinates": [-2.1402889, 48.614561]}, "properties": {"id": "auto04297", "nom": "A4297", "auto": true, "z": 6.49, "saillie": 1.05}}, {"type": "Feature", "geometry": {"type": "Point", "coordinates": [-2.1581238, 48.6145459]}, "properties": {"id": "auto04298", "nom": "A4298", "auto": true, "z": 4.3, "saillie": 1.44}}, {"type": "Feature", "geometry": {"type": "Point", "coordinates": [-2.1584486, 48.6145318]}, "properties": {"id": "auto04299", "nom": "A4299", "auto": true, "z": 4.07, "saillie": 1.41}}, {"type": "Feature", "geometry": {"type": "Point", "coordinates": [-2.1592067, 48.6144989]}, "properties": {"id": "auto04300", "nom": "A4300", "auto": true, "z": 5.45, "saillie": 3.05}}, {"type": "Feature", "geometry": {"type": "Point", "coordinates": [-2.1996084, 48.61447]}, "properties": {"id": "auto04301", "nom": "A4301", "auto": true, "z": 5.02, "saillie": 1.29}}, {"type": "Feature", "geometry": {"type": "Point", "coordinates": [-2.1985183, 48.6144455]}, "properties": {"id": "auto04302", "nom": "A4302", "auto": true, "z": 13.46, "saillie": 8.16}}, {"type": "Feature", "geometry": {"type": "Point", "coordinates": [-2.2031927, 48.6144214]}, "properties": {"id": "auto04303", "nom": "A4303", "auto": true, "z": 10.31, "saillie": 6.33}}, {"type": "Feature", "geometry": {"type": "Point", "coordinates": [-2.2018248, 48.614337]}, "properties": {"id": "auto04304", "nom": "A4304", "auto": true, "z": 7.96, "saillie": 3.21}}, {"type": "Feature", "geometry": {"type": "Point", "coordinates": [-2.1607122, 48.6143254]}, "properties": {"id": "auto04305", "nom": "A4305", "auto": true, "z": 5.63, "saillie": 3.52}}, {"type": "Feature", "geometry": {"type": "Point", "coordinates": [-2.1584274, 48.6143164]}, "properties": {"id": "auto04306", "nom": "A4306", "auto": true, "z": 4.15, "saillie": 1.82}}, {"type": "Feature", "geometry": {"type": "Point", "coordinates": [-2.1535329, 48.6143123]}, "properties": {"id": "auto04307", "nom": "A4307", "auto": true, "z": 10.55, "saillie": 4.79}}, {"type": "Feature", "geometry": {"type": "Point", "coordinates": [-2.206492, 48.6142409]}, "properties": {"id": "auto04308", "nom": "A4308", "auto": true, "z": 10.67, "saillie": 5.98}}, {"type": "Feature", "geometry": {"type": "Point", "coordinates": [-2.1970278, 48.6142222]}, "properties": {"id": "auto04309", "nom": "A4309", "auto": true, "z": 7.55, "saillie": 2.53}}, {"type": "Feature", "geometry": {"type": "Point", "coordinates": [-2.2025721, 48.6141961]}, "properties": {"id": "auto04310", "nom": "A4310", "auto": true, "z": 6.23, "saillie": 2.29}}, {"type": "Feature", "geometry": {"type": "Point", "coordinates": [-2.1944651, 48.6141539]}, "properties": {"id": "auto04311", "nom": "A4311", "auto": true, "z": 4.29, "saillie": 1.72}}, {"type": "Feature", "geometry": {"type": "Point", "coordinates": [-2.1613478, 48.6141536]}, "properties": {"id": "auto04312", "nom": "A4312", "auto": true, "z": 3.32, "saillie": 2.29}}, {"type": "Feature", "geometry": {"type": "Point", "coordinates": [-2.1977787, 48.6141173]}, "properties": {"id": "auto04313", "nom": "A4313", "auto": true, "z": 9.97, "saillie": 4.57}}, {"type": "Feature", "geometry": {"type": "Point", "coordinates": [-2.2016373, 48.6140928]}, "properties": {"id": "auto04314", "nom": "A4314", "auto": true, "z": 5.84, "saillie": 1.42}}, {"type": "Feature", "geometry": {"type": "Point", "coordinates": [-2.0312141, 48.6140337]}, "properties": {"id": "auto04315", "nom": "A4315", "auto": true, "z": 13.6, "saillie": 5.35}}, {"type": "Feature", "geometry": {"type": "Point", "coordinates": [-2.1977573, 48.6139019]}, "properties": {"id": "auto04316", "nom": "A4316", "auto": true, "z": 8.12, "saillie": 2.87}}, {"type": "Feature", "geometry": {"type": "Point", "coordinates": [-2.1578257, 48.6137295]}, "properties": {"id": "auto04317", "nom": "A4317", "auto": true, "z": 3.13, "saillie": 1.27}}, {"type": "Feature", "geometry": {"type": "Point", "coordinates": [-2.1986093, 48.6137204]}, "properties": {"id": "auto04318", "nom": "A4318", "auto": true, "z": 7.18, "saillie": 2.39}}, {"type": "Feature", "geometry": {"type": "Point", "coordinates": [-2.1982773, 48.6136628]}, "properties": {"id": "auto04319", "nom": "A4319", "auto": true, "z": 7.07, "saillie": 1.36}}, {"type": "Feature", "geometry": {"type": "Point", "coordinates": [-2.2063157, 48.6135635]}, "properties": {"id": "auto04320", "nom": "A4320", "auto": true, "z": 9.56, "saillie": 5.47}}, {"type": "Feature", "geometry": {"type": "Point", "coordinates": [-2.1642256, 48.6135599]}, "properties": {"id": "auto04321", "nom": "A4321", "auto": true, "z": 2.26, "saillie": 1.43}}, {"type": "Feature", "geometry": {"type": "Point", "coordinates": [-2.2002771, 48.6135393]}, "properties": {"id": "auto04322", "nom": "A4322", "auto": true, "z": 5.55, "saillie": 1.39}}, {"type": "Feature", "geometry": {"type": "Point", "coordinates": [-2.2013636, 48.6135278]}, "properties": {"id": "auto04323", "nom": "A4323", "auto": true, "z": 5.42, "saillie": 1.34}}, {"type": "Feature", "geometry": {"type": "Point", "coordinates": [-2.1401866, 48.6135197]}, "properties": {"id": "auto04324", "nom": "A4324", "auto": true, "z": 6.26, "saillie": 1.22}}, {"type": "Feature", "geometry": {"type": "Point", "coordinates": [-2.1633451, 48.6134539]}, "properties": {"id": "auto04325", "nom": "A4325", "auto": true, "z": 5.38, "saillie": 4.47}}, {"type": "Feature", "geometry": {"type": "Point", "coordinates": [-2.196841, 48.6134371]}, "properties": {"id": "auto04326", "nom": "A4326", "auto": true, "z": 8.36, "saillie": 3.62}}, {"type": "Feature", "geometry": {"type": "Point", "coordinates": [-2.0287081, 48.6134186]}, "properties": {"id": "auto04327", "nom": "A4327", "auto": true, "z": 9.52, "saillie": 2.48}}, {"type": "Feature", "geometry": {"type": "Point", "coordinates": [-2.1374474, 48.6133136]}, "properties": {"id": "auto04328", "nom": "A4328", "auto": true, "z": 10.47, "saillie": 2.97}}, {"type": "Feature", "geometry": {"type": "Point", "coordinates": [-2.0292934, 48.6132857]}, "properties": {"id": "auto04329", "nom": "A4329", "auto": true, "z": 10.15, "saillie": 3.11}}, {"type": "Feature", "geometry": {"type": "Point", "coordinates": [-2.1408658, 48.613238]}, "properties": {"id": "auto04330", "nom": "A4330", "auto": true, "z": 7.61, "saillie": 1.47}}, {"type": "Feature", "geometry": {"type": "Point", "coordinates": [-2.1401042, 48.6132348]}, "properties": {"id": "auto04331", "nom": "A4331", "auto": true, "z": 6.27, "saillie": 1.15}}, {"type": "Feature", "geometry": {"type": "Point", "coordinates": [-2.1983934, 48.6131889]}, "properties": {"id": "auto04332", "nom": "A4332", "auto": true, "z": 7.07, "saillie": 1.73}}, {"type": "Feature", "geometry": {"type": "Point", "coordinates": [-2.2011583, 48.6131041]}, "properties": {"id": "auto04333", "nom": "A4333", "auto": true, "z": 5.18, "saillie": 1.16}}, {"type": "Feature", "geometry": {"type": "Point", "coordinates": [-2.1627105, 48.6130848]}, "properties": {"id": "auto04334", "nom": "A4334", "auto": true, "z": 2.18, "saillie": 1.0}}, {"type": "Feature", "geometry": {"type": "Point", "coordinates": [-2.1636887, 48.6130784]}, "properties": {"id": "auto04335", "nom": "A4335", "auto": true, "z": 5.04, "saillie": 3.79}}, {"type": "Feature", "geometry": {"type": "Point", "coordinates": [-2.196246, 48.6129222]}, "properties": {"id": "auto04336", "nom": "A4336", "auto": true, "z": 8.09, "saillie": 4.08}}, {"type": "Feature", "geometry": {"type": "Point", "coordinates": [-2.1985272, 48.6128946]}, "properties": {"id": "auto04337", "nom": "A4337", "auto": true, "z": 7.99, "saillie": 2.11}}, {"type": "Feature", "geometry": {"type": "Point", "coordinates": [-2.1538786, 48.612855]}, "properties": {"id": "auto04338", "nom": "A4338", "auto": true, "z": 9.9, "saillie": 5.71}}, {"type": "Feature", "geometry": {"type": "Point", "coordinates": [-2.0318075, 48.6128549]}, "properties": {"id": "auto04339", "nom": "A4339", "auto": true, "z": 8.39, "saillie": 1.04}}, {"type": "Feature", "geometry": {"type": "Point", "coordinates": [-2.1990615, 48.6127991]}, "properties": {"id": "auto04340", "nom": "A4340", "auto": true, "z": 7.96, "saillie": 2.58}}, {"type": "Feature", "geometry": {"type": "Point", "coordinates": [-2.1406033, 48.6127806]}, "properties": {"id": "auto04341", "nom": "A4341", "auto": true, "z": 7.77, "saillie": 1.06}}, {"type": "Feature", "geometry": {"type": "Point", "coordinates": [-2.2056849, 48.6126897]}, "properties": {"id": "auto04342", "nom": "A4342", "auto": true, "z": 6.02, "saillie": 2.06}}, {"type": "Feature", "geometry": {"type": "Point", "coordinates": [-2.1997511, 48.6126248]}, "properties": {"id": "auto04343", "nom": "A4343", "auto": true, "z": 6.1, "saillie": 1.45}}, {"type": "Feature", "geometry": {"type": "Point", "coordinates": [-2.2006103, 48.6125151]}, "properties": {"id": "auto04344", "nom": "A4344", "auto": true, "z": 9.31, "saillie": 4.89}}, {"type": "Feature", "geometry": {"type": "Point", "coordinates": [-2.0305205, 48.6124767]}, "properties": {"id": "auto04345", "nom": "A4345", "auto": true, "z": 8.15, "saillie": 1.11}}, {"type": "Feature", "geometry": {"type": "Point", "coordinates": [-2.20505, 48.6123208]}, "properties": {"id": "auto04346", "nom": "A4346", "auto": true, "z": 7.92, "saillie": 4.12}}, {"type": "Feature", "geometry": {"type": "Point", "coordinates": [-2.1313644, 48.6122782]}, "properties": {"id": "auto04347", "nom": "A4347", "auto": true, "z": 9.88, "saillie": 1.24}}, {"type": "Feature", "geometry": {"type": "Point", "coordinates": [-2.1399512, 48.6122319]}, "properties": {"id": "auto04348", "nom": "A4348", "auto": true, "z": 7.98, "saillie": 1.47}}, {"type": "Feature", "geometry": {"type": "Point", "coordinates": [-2.2016033, 48.6121111]}, "properties": {"id": "auto04349", "nom": "A4349", "auto": true, "z": 5.27, "saillie": 1.51}}, {"type": "Feature", "geometry": {"type": "Point", "coordinates": [-2.1995244, 48.6119856]}, "properties": {"id": "auto04350", "nom": "A4350", "auto": true, "z": 6.63, "saillie": 1.01}}, {"type": "Feature", "geometry": {"type": "Point", "coordinates": [-2.1317152, 48.6119746]}, "properties": {"id": "auto04351", "nom": "A4351", "auto": true, "z": 9.78, "saillie": 1.48}}, {"type": "Feature", "geometry": {"type": "Point", "coordinates": [-2.2262663, 48.611859]}, "properties": {"id": "auto04352", "nom": "A4352", "auto": true, "z": 7.15, "saillie": 7.08}}, {"type": "Feature", "geometry": {"type": "Point", "coordinates": [-2.2266417, 48.6118064]}, "properties": {"id": "auto04353", "nom": "A4353", "auto": true, "z": 13.18, "saillie": 10.87}}, {"type": "Feature", "geometry": {"type": "Point", "coordinates": [-2.1317988, 48.6117186]}, "properties": {"id": "auto04354", "nom": "A4354", "auto": true, "z": 9.57, "saillie": 2.11}}, {"type": "Feature", "geometry": {"type": "Point", "coordinates": [-2.1394616, 48.6116761]}, "properties": {"id": "auto04355", "nom": "A4355", "auto": true, "z": 8.19, "saillie": 1.13}}, {"type": "Feature", "geometry": {"type": "Point", "coordinates": [-2.2076423, 48.6115943]}, "properties": {"id": "auto04356", "nom": "A4356", "auto": true, "z": 7.52, "saillie": 3.9}}, {"type": "Feature", "geometry": {"type": "Point", "coordinates": [-2.1943095, 48.6114924]}, "properties": {"id": "auto04357", "nom": "A4357", "auto": true, "z": 5.26, "saillie": 1.99}}, {"type": "Feature", "geometry": {"type": "Point", "coordinates": [-2.2279088, 48.6114262]}, "properties": {"id": "auto04358", "nom": "A4358", "auto": true, "z": 8.36, "saillie": 5.72}}, {"type": "Feature", "geometry": {"type": "Point", "coordinates": [-2.162219, 48.6114115]}, "properties": {"id": "auto04359", "nom": "A4359", "auto": true, "z": 3.99, "saillie": 1.83}}, {"type": "Feature", "geometry": {"type": "Point", "coordinates": [-2.2072382, 48.6113596]}, "properties": {"id": "auto04360", "nom": "A4360", "auto": true, "z": 7.8, "saillie": 4.29}}, {"type": "Feature", "geometry": {"type": "Point", "coordinates": [-2.2283889, 48.6113329]}, "properties": {"id": "auto04361", "nom": "A4361", "auto": true, "z": 10.57, "saillie": 7.07}}, {"type": "Feature", "geometry": {"type": "Point", "coordinates": [-2.1617175, 48.611289]}, "properties": {"id": "auto04362", "nom": "A4362", "auto": true, "z": 5.98, "saillie": 3.64}}, {"type": "Feature", "geometry": {"type": "Point", "coordinates": [-2.1321897, 48.6112691]}, "properties": {"id": "auto04363", "nom": "A4363", "auto": true, "z": 9.29, "saillie": 2.24}}, {"type": "Feature", "geometry": {"type": "Point", "coordinates": [-2.1395817, 48.6112383]}, "properties": {"id": "auto04364", "nom": "A4364", "auto": true, "z": 8.95, "saillie": 1.08}}, {"type": "Feature", "geometry": {"type": "Point", "coordinates": [-2.1946094, 48.6112269]}, "properties": {"id": "auto04365", "nom": "A4365", "auto": true, "z": 4.85, "saillie": 1.5}}, {"type": "Feature", "geometry": {"type": "Point", "coordinates": [-2.1414803, 48.6111922]}, "properties": {"id": "auto04366", "nom": "A4366", "auto": true, "z": 9.72, "saillie": 1.15}}, {"type": "Feature", "geometry": {"type": "Point", "coordinates": [-2.2000956, 48.6111674]}, "properties": {"id": "auto04367", "nom": "A4367", "auto": true, "z": 6.39, "saillie": 1.67}}, {"type": "Feature", "geometry": {"type": "Point", "coordinates": [-2.2067295, 48.6111655]}, "properties": {"id": "auto04368", "nom": "A4368", "auto": true, "z": 7.5, "saillie": 4.0}}, {"type": "Feature", "geometry": {"type": "Point", "coordinates": [-2.1400584, 48.6111095]}, "properties": {"id": "auto04369", "nom": "A4369", "auto": true, "z": 9.35, "saillie": 1.1}}, {"type": "Feature", "geometry": {"type": "Point", "coordinates": [-2.1327712, 48.6110997]}, "properties": {"id": "auto04370", "nom": "A4370", "auto": true, "z": 8.79, "saillie": 2.03}}, {"type": "Feature", "geometry": {"type": "Point", "coordinates": [-2.1619093, 48.6110283]}, "properties": {"id": "auto04371", "nom": "A4371", "auto": true, "z": 4.81, "saillie": 2.37}}, {"type": "Feature", "geometry": {"type": "Point", "coordinates": [-2.1622848, 48.6109759]}, "properties": {"id": "auto04372", "nom": "A4372", "auto": true, "z": 3.63, "saillie": 1.36}}, {"type": "Feature", "geometry": {"type": "Point", "coordinates": [-2.2071412, 48.6109311]}, "properties": {"id": "auto04373", "nom": "A4373", "auto": true, "z": 5.7, "saillie": 2.26}}, {"type": "Feature", "geometry": {"type": "Point", "coordinates": [-2.139225, 48.6109292]}, "properties": {"id": "auto04374", "nom": "A4374", "auto": true, "z": 9.21, "saillie": 1.87}}, {"type": "Feature", "geometry": {"type": "Point", "coordinates": [-2.1993632, 48.6109109]}, "properties": {"id": "auto04375", "nom": "A4375", "auto": true, "z": 6.65, "saillie": 1.23}}, {"type": "Feature", "geometry": {"type": "Point", "coordinates": [-2.1322051, 48.6108718]}, "properties": {"id": "auto04376", "nom": "A4376", "auto": true, "z": 9.25, "saillie": 2.34}}, {"type": "Feature", "geometry": {"type": "Point", "coordinates": [-2.2056615, 48.6108156]}, "properties": {"id": "auto04377", "nom": "A4377", "auto": true, "z": 5.6, "saillie": 1.98}}, {"type": "Feature", "geometry": {"type": "Point", "coordinates": [-2.1943899, 48.6106595]}, "properties": {"id": "auto04378", "nom": "A4378", "auto": true, "z": 11.03, "saillie": 7.44}}, {"type": "Feature", "geometry": {"type": "Point", "coordinates": [-2.1621339, 48.6105498]}, "properties": {"id": "auto04379", "nom": "A4379", "auto": true, "z": 7.04, "saillie": 3.77}}, {"type": "Feature", "geometry": {"type": "Point", "coordinates": [-2.1615171, 48.6103602]}, "properties": {"id": "auto04380", "nom": "A4380", "auto": true, "z": 5.36, "saillie": 2.21}}, {"type": "Feature", "geometry": {"type": "Point", "coordinates": [-2.1347617, 48.6103287]}, "properties": {"id": "auto04381", "nom": "A4381", "auto": true, "z": 6.95, "saillie": 1.07}}, {"type": "Feature", "geometry": {"type": "Point", "coordinates": [-2.1996238, 48.6102505]}, "properties": {"id": "auto04382", "nom": "A4382", "auto": true, "z": 6.67, "saillie": 1.11}}, {"type": "Feature", "geometry": {"type": "Point", "coordinates": [-2.2015728, 48.6101652]}, "properties": {"id": "auto04383", "nom": "A4383", "auto": true, "z": 5.83, "saillie": 1.92}}, {"type": "Feature", "geometry": {"type": "Point", "coordinates": [-2.2008583, 48.6100883]}, "properties": {"id": "auto04384", "nom": "A4384", "auto": true, "z": 6.57, "saillie": 2.04}}, {"type": "Feature", "geometry": {"type": "Point", "coordinates": [-2.1619689, 48.60998]}, "properties": {"id": "auto04385", "nom": "A4385", "auto": true, "z": 4.77, "saillie": 1.34}}, {"type": "Feature", "geometry": {"type": "Point", "coordinates": [-2.2010499, 48.6098275]}, "properties": {"id": "auto04386", "nom": "A4386", "auto": true, "z": 7.18, "saillie": 1.32}}, {"type": "Feature", "geometry": {"type": "Point", "coordinates": [-2.0272153, 48.6097682]}, "properties": {"id": "auto04387", "nom": "A4387", "auto": true, "z": 8.14, "saillie": 1.1}}, {"type": "Feature", "geometry": {"type": "Point", "coordinates": [-2.1335648, 48.6097674]}, "properties": {"id": "auto04388", "nom": "A4388", "auto": true, "z": 8.87, "saillie": 3.02}}, {"type": "Feature", "geometry": {"type": "Point", "coordinates": [-2.1338896, 48.6097534]}, "properties": {"id": "auto04389", "nom": "A4389", "auto": true, "z": 8.81, "saillie": 2.96}}, {"type": "Feature", "geometry": {"type": "Point", "coordinates": [-2.0262776, 48.6096276]}, "properties": {"id": "auto04390", "nom": "A4390", "auto": true, "z": 8.61, "saillie": 1.57}}, {"type": "Feature", "geometry": {"type": "Point", "coordinates": [-2.1797018, 48.6094974]}, "properties": {"id": "auto04391", "nom": "A4391", "auto": true, "z": 4.32, "saillie": 1.47}}, {"type": "Feature", "geometry": {"type": "Point", "coordinates": [-2.0260403, 48.6094213]}, "properties": {"id": "auto04392", "nom": "A4392", "auto": true, "z": 8.46, "saillie": 1.42}}, {"type": "Feature", "geometry": {"type": "Point", "coordinates": [-2.1326562, 48.609374]}, "properties": {"id": "auto04393", "nom": "A4393", "auto": true, "z": 8.97, "saillie": 2.92}}, {"type": "Feature", "geometry": {"type": "Point", "coordinates": [-2.0260196, 48.6092059]}, "properties": {"id": "auto04394", "nom": "A4394", "auto": true, "z": 8.48, "saillie": 1.44}}, {"type": "Feature", "geometry": {"type": "Point", "coordinates": [-2.2018554, 48.6091793]}, "properties": {"id": "auto04395", "nom": "A4395", "auto": true, "z": 11.7, "saillie": 6.87}}, {"type": "Feature", "geometry": {"type": "Point", "coordinates": [-2.1967269, 48.6090069]}, "properties": {"id": "auto04396", "nom": "A4396", "auto": true, "z": 9.16, "saillie": 2.36}}, {"type": "Feature", "geometry": {"type": "Point", "coordinates": [-2.132834, 48.6089697]}, "properties": {"id": "auto04397", "nom": "A4397", "auto": true, "z": 8.95, "saillie": 1.34}}, {"type": "Feature", "geometry": {"type": "Point", "coordinates": [-2.0261578, 48.6089476]}, "properties": {"id": "auto04398", "nom": "A4398", "auto": true, "z": 8.48, "saillie": 1.44}}, {"type": "Feature", "geometry": {"type": "Point", "coordinates": [-2.0257754, 48.6089278]}, "properties": {"id": "auto04399", "nom": "A4399", "auto": true, "z": 8.54, "saillie": 1.5}}, {"type": "Feature", "geometry": {"type": "Point", "coordinates": [-2.201715, 48.6088609]}, "properties": {"id": "auto04400", "nom": "A4400", "auto": true, "z": 8.78, "saillie": 3.76}}, {"type": "Feature", "geometry": {"type": "Point", "coordinates": [-2.1348267, 48.6087755]}, "properties": {"id": "auto04401", "nom": "A4401", "auto": true, "z": 11.84, "saillie": 2.72}}, {"type": "Feature", "geometry": {"type": "Point", "coordinates": [-2.132322, 48.6087394]}, "properties": {"id": "auto04402", "nom": "A4402", "auto": true, "z": 8.01, "saillie": 1.4}}, {"type": "Feature", "geometry": {"type": "Point", "coordinates": [-2.1825614, 48.6087237]}, "properties": {"id": "auto04403", "nom": "A4403", "auto": true, "z": 4.32, "saillie": 1.16}}, {"type": "Feature", "geometry": {"type": "Point", "coordinates": [-2.1296408, 48.6085666]}, "properties": {"id": "auto04404", "nom": "A4404", "auto": true, "z": 7.75, "saillie": 1.43}}, {"type": "Feature", "geometry": {"type": "Point", "coordinates": [-2.0254125, 48.6085465]}, "properties": {"id": "auto04405", "nom": "A4405", "auto": true, "z": 8.65, "saillie": 1.61}}, {"type": "Feature", "geometry": {"type": "Point", "coordinates": [-2.1828072, 48.6084606]}, "properties": {"id": "auto04406", "nom": "A4406", "auto": true, "z": 8.92, "saillie": 5.02}}, {"type": "Feature", "geometry": {"type": "Point", "coordinates": [-2.1822045, 48.6084147]}, "properties": {"id": "auto04407", "nom": "A4407", "auto": true, "z": 5.01, "saillie": 1.32}}, {"type": "Feature", "geometry": {"type": "Point", "coordinates": [-2.1833415, 48.6083652]}, "properties": {"id": "auto04408", "nom": "A4408", "auto": true, "z": 6.68, "saillie": 3.05}}, {"type": "Feature", "geometry": {"type": "Point", "coordinates": [-2.1319007, 48.6083249]}, "properties": {"id": "auto04409", "nom": "A4409", "auto": true, "z": 7.82, "saillie": 1.06}}, {"type": "Feature", "geometry": {"type": "Point", "coordinates": [-2.1827858, 48.6082452]}, "properties": {"id": "auto04410", "nom": "A4410", "auto": true, "z": 8.87, "saillie": 4.97}}, {"type": "Feature", "geometry": {"type": "Point", "coordinates": [-2.0273883, 48.6081746]}, "properties": {"id": "auto04411", "nom": "A4411", "auto": true, "z": 13.08, "saillie": 4.5}}, {"type": "Feature", "geometry": {"type": "Point", "coordinates": [-2.191206, 48.6081663]}, "properties": {"id": "auto04412", "nom": "A4412", "auto": true, "z": 8.18, "saillie": 2.59}}, {"type": "Feature", "geometry": {"type": "Point", "coordinates": [-2.0250497, 48.6081652]}, "properties": {"id": "auto04413", "nom": "A4413", "auto": true, "z": 8.6, "saillie": 1.56}}, {"type": "Feature", "geometry": {"type": "Point", "coordinates": [-2.1290937, 48.6079773]}, "properties": {"id": "auto04414", "nom": "A4414", "auto": true, "z": 8.79, "saillie": 2.38}}, {"type": "Feature", "geometry": {"type": "Point", "coordinates": [-2.1621494, 48.607953]}, "properties": {"id": "auto04415", "nom": "A4415", "auto": true, "z": 9.87, "saillie": 4.74}}, {"type": "Feature", "geometry": {"type": "Point", "coordinates": [-2.2010807, 48.6079511]}, "properties": {"id": "auto04416", "nom": "A4416", "auto": true, "z": 6.99, "saillie": 1.62}}, {"type": "Feature", "geometry": {"type": "Point", "coordinates": [-2.1625284, 48.6079365]}, "properties": {"id": "auto04417", "nom": "A4417", "auto": true, "z": 8.9, "saillie": 4.09}}, {"type": "Feature", "geometry": {"type": "Point", "coordinates": [-2.1824254, 48.6079003]}, "properties": {"id": "auto04418", "nom": "A4418", "auto": true, "z": 9.03, "saillie": 5.24}}, {"type": "Feature", "geometry": {"type": "Point", "coordinates": [-2.0247917, 48.6077435]}, "properties": {"id": "auto04419", "nom": "A4419", "auto": true, "z": 8.66, "saillie": 1.62}}, {"type": "Feature", "geometry": {"type": "Point", "coordinates": [-2.1640302, 48.6077271]}, "properties": {"id": "auto04420", "nom": "A4420", "auto": true, "z": 9.06, "saillie": 4.93}}, {"type": "Feature", "geometry": {"type": "Point", "coordinates": [-2.1324941, 48.6077224]}, "properties": {"id": "auto04421", "nom": "A4421", "auto": true, "z": 11.51, "saillie": 2.02}}, {"type": "Feature", "geometry": {"type": "Point", "coordinates": [-2.1825665, 48.6076778]}, "properties": {"id": "auto04422", "nom": "A4422", "auto": true, "z": 6.59, "saillie": 2.16}}, {"type": "Feature", "geometry": {"type": "Point", "coordinates": [-2.1821839, 48.6076584]}, "properties": {"id": "auto04423", "nom": "A4423", "auto": true, "z": 7.43, "saillie": 3.87}}, {"type": "Feature", "geometry": {"type": "Point", "coordinates": [-2.1266045, 48.6075438]}, "properties": {"id": "auto04424", "nom": "A4424", "auto": true, "z": 11.09, "saillie": 4.34}}, {"type": "Feature", "geometry": {"type": "Point", "coordinates": [-2.1307333, 48.6075099]}, "properties": {"id": "auto04425", "nom": "A4425", "auto": true, "z": 7.82, "saillie": 1.47}}, {"type": "Feature", "geometry": {"type": "Point", "coordinates": [-2.1321375, 48.6074133]}, "properties": {"id": "auto04426", "nom": "A4426", "auto": true, "z": 11.13, "saillie": 2.99}}, {"type": "Feature", "geometry": {"type": "Point", "coordinates": [-2.1848154, 48.6073273]}, "properties": {"id": "auto04427", "nom": "A4427", "auto": true, "z": 7.28, "saillie": 3.41}}, {"type": "Feature", "geometry": {"type": "Point", "coordinates": [-2.184108, 48.6073221]}, "properties": {"id": "auto04428", "nom": "A4428", "auto": true, "z": 5.82, "saillie": 1.55}}, {"type": "Feature", "geometry": {"type": "Point", "coordinates": [-2.1303768, 48.6072008]}, "properties": {"id": "auto04429", "nom": "A4429", "auto": true, "z": 7.81, "saillie": 1.44}}, {"type": "Feature", "geometry": {"type": "Point", "coordinates": [-2.0260936, 48.6071477]}, "properties": {"id": "auto04430", "nom": "A4430", "auto": true, "z": 8.31, "saillie": 1.27}}, {"type": "Feature", "geometry": {"type": "Point", "coordinates": [-2.1254218, 48.607126]}, "properties": {"id": "auto04431", "nom": "A4431", "auto": true, "z": 11.18, "saillie": 1.84}}, {"type": "Feature", "geometry": {"type": "Point", "coordinates": [-2.1321093, 48.607126]}, "properties": {"id": "auto04432", "nom": "A4432", "auto": true, "z": 11.23, "saillie": 2.84}}, {"type": "Feature", "geometry": {"type": "Point", "coordinates": [-2.1850106, 48.6071025]}, "properties": {"id": "auto04433", "nom": "A4433", "auto": true, "z": 8.23, "saillie": 3.33}}, {"type": "Feature", "geometry": {"type": "Point", "coordinates": [-2.1260173, 48.6071004]}, "properties": {"id": "auto04434", "nom": "A4434", "auto": true, "z": 11.37, "saillie": 4.94}}, {"type": "Feature", "geometry": {"type": "Point", "coordinates": [-2.1836464, 48.6070538]}, "properties": {"id": "auto04435", "nom": "A4435", "auto": true, "z": 6.17, "saillie": 1.51}}, {"type": "Feature", "geometry": {"type": "Point", "coordinates": [-2.1307958, 48.6070385]}, "properties": {"id": "auto04436", "nom": "A4436", "auto": true, "z": 8.49, "saillie": 1.26}}, {"type": "Feature", "geometry": {"type": "Point", "coordinates": [-2.1300308, 48.6069994]}, "properties": {"id": "auto04437", "nom": "A4437", "auto": true, "z": 8.13, "saillie": 1.75}}, {"type": "Feature", "geometry": {"type": "Point", "coordinates": [-2.1846138, 48.6069395]}, "properties": {"id": "auto04438", "nom": "A4438", "auto": true, "z": 7.13, "saillie": 1.42}}, {"type": "Feature", "geometry": {"type": "Point", "coordinates": [-2.1245815, 48.6068738]}, "properties": {"id": "auto04439", "nom": "A4439", "auto": true, "z": 11.27, "saillie": 1.7}}, {"type": "Feature", "geometry": {"type": "Point", "coordinates": [-2.1315938, 48.6068598]}, "properties": {"id": "auto04440", "nom": "A4440", "auto": true, "z": 11.38, "saillie": 2.5}}, {"type": "Feature", "geometry": {"type": "Point", "coordinates": [-2.1257726, 48.6068225]}, "properties": {"id": "auto04441", "nom": "A4441", "auto": true, "z": 11.59, "saillie": 5.08}}, {"type": "Feature", "geometry": {"type": "Point", "coordinates": [-2.1319116, 48.606774]}, "properties": {"id": "auto04442", "nom": "A4442", "auto": true, "z": 11.32, "saillie": 2.58}}, {"type": "Feature", "geometry": {"type": "Point", "coordinates": [-2.1300532, 48.6066739]}, "properties": {"id": "auto04443", "nom": "A4443", "auto": true, "z": 7.9, "saillie": 1.47}}, {"type": "Feature", "geometry": {"type": "Point", "coordinates": [-2.1271156, 48.6066564]}, "properties": {"id": "auto04444", "nom": "A4444", "auto": true, "z": 9.45, "saillie": 2.93}}, {"type": "Feature", "geometry": {"type": "Point", "coordinates": [-2.0292536, 48.6066535]}, "properties": {"id": "auto04445", "nom": "A4445", "auto": true, "z": 9.02, "saillie": 1.98}}, {"type": "Feature", "geometry": {"type": "Point", "coordinates": [-2.1280324, 48.6065808]}, "properties": {"id": "auto04446", "nom": "A4446", "auto": true, "z": 7.99, "saillie": 1.44}}, {"type": "Feature", "geometry": {"type": "Point", "coordinates": [-2.13075, 48.6065717]}, "properties": {"id": "auto04447", "nom": "A4447", "auto": true, "z": 11.24, "saillie": 3.66}}, {"type": "Feature", "geometry": {"type": "Point", "coordinates": [-2.131508, 48.606539]}, "properties": {"id": "auto04448", "nom": "A4448", "auto": true, "z": 11.26, "saillie": 1.35}}, {"type": "Feature", "geometry": {"type": "Point", "coordinates": [-2.1249794, 48.6064961]}, "properties": {"id": "auto04449", "nom": "A4449", "auto": true, "z": 11.56, "saillie": 4.86}}, {"type": "Feature", "geometry": {"type": "Point", "coordinates": [-2.0287387, 48.6063869]}, "properties": {"id": "auto04450", "nom": "A4450", "auto": true, "z": 8.79, "saillie": 1.07}}, {"type": "Feature", "geometry": {"type": "Point", "coordinates": [-2.1254561, 48.6063674]}, "properties": {"id": "auto04451", "nom": "A4451", "auto": true, "z": 11.51, "saillie": 4.81}}, {"type": "Feature", "geometry": {"type": "Point", "coordinates": [-2.1305559, 48.6062556]}, "properties": {"id": "auto04452", "nom": "A4452", "auto": true, "z": 11.13, "saillie": 3.11}}, {"type": "Feature", "geometry": {"type": "Point", "coordinates": [-2.1243487, 48.6061627]}, "properties": {"id": "auto04453", "nom": "A4453", "auto": true, "z": 11.58, "saillie": 4.75}}, {"type": "Feature", "geometry": {"type": "Point", "coordinates": [-2.1279902, 48.6061499]}, "properties": {"id": "auto04454", "nom": "A4454", "auto": true, "z": 10.66, "saillie": 3.0}}, {"type": "Feature", "geometry": {"type": "Point", "coordinates": [-2.1262471, 48.6061169]}, "properties": {"id": "auto04455", "nom": "A4455", "auto": true, "z": 7.52, "saillie": 1.05}}, {"type": "Feature", "geometry": {"type": "Point", "coordinates": [-2.1287411, 48.6060454]}, "properties": {"id": "auto04456", "nom": "A4456", "auto": true, "z": 10.45, "saillie": 2.14}}, {"type": "Feature", "geometry": {"type": "Point", "coordinates": [-2.1267238, 48.6059882]}, "properties": {"id": "auto04457", "nom": "A4457", "auto": true, "z": 8.64, "saillie": 2.17}}, {"type": "Feature", "geometry": {"type": "Point", "coordinates": [-2.0221723, 48.6059433]}, "properties": {"id": "auto04458", "nom": "A4458", "auto": true, "z": 10.77, "saillie": 3.73}}, {"type": "Feature", "geometry": {"type": "Point", "coordinates": [-2.1275324, 48.6059173]}, "properties": {"id": "auto04459", "nom": "A4459", "auto": true, "z": 9.71, "saillie": 1.02}}, {"type": "Feature", "geometry": {"type": "Point", "coordinates": [-2.1253021, 48.6059053]}, "properties": {"id": "auto04460", "nom": "A4460", "auto": true, "z": 9.99, "saillie": 3.21}}, {"type": "Feature", "geometry": {"type": "Point", "coordinates": [-2.1650439, 48.6058802]}, "properties": {"id": "auto04461", "nom": "A4461", "auto": true, "z": 8.07, "saillie": 2.63}}, {"type": "Feature", "geometry": {"type": "Point", "coordinates": [-2.1282292, 48.6058151]}, "properties": {"id": "auto04462", "nom": "A4462", "auto": true, "z": 10.37, "saillie": 1.56}}, {"type": "Feature", "geometry": {"type": "Point", "coordinates": [-2.1293661, 48.6057661]}, "properties": {"id": "auto04463", "nom": "A4463", "auto": true, "z": 11.07, "saillie": 1.5}}, {"type": "Feature", "geometry": {"type": "Point", "coordinates": [-2.1934575, 48.6056521]}, "properties": {"id": "auto04464", "nom": "A4464", "auto": true, "z": 10.68, "saillie": 2.9}}, {"type": "Feature", "geometry": {"type": "Point", "coordinates": [-2.1276125, 48.6056254]}, "properties": {"id": "auto04465", "nom": "A4465", "auto": true, "z": 9.65, "saillie": 1.1}}, {"type": "Feature", "geometry": {"type": "Point", "coordinates": [-2.1271759, 48.6056081]}, "properties": {"id": "auto04466", "nom": "A4466", "auto": true, "z": 9.98, "saillie": 1.84}}, {"type": "Feature", "geometry": {"type": "Point", "coordinates": [-2.1264685, 48.6056026]}, "properties": {"id": "auto04467", "nom": "A4467", "auto": true, "z": 9.17, "saillie": 1.4}}, {"type": "Feature", "geometry": {"type": "Point", "coordinates": [-2.0262124, 48.6055563]}, "properties": {"id": "auto04468", "nom": "A4468", "auto": true, "z": 8.21, "saillie": 1.17}}, {"type": "Feature", "geometry": {"type": "Point", "coordinates": [-2.1246102, 48.6055024]}, "properties": {"id": "auto04469", "nom": "A4469", "auto": true, "z": 9.6, "saillie": 2.75}}, {"type": "Feature", "geometry": {"type": "Point", "coordinates": [-2.1249892, 48.6054861]}, "properties": {"id": "auto04470", "nom": "A4470", "auto": true, "z": 9.72, "saillie": 1.94}}, {"type": "Feature", "geometry": {"type": "Point", "coordinates": [-2.1287389, 48.6054686]}, "properties": {"id": "auto04471", "nom": "A4471", "auto": true, "z": 11.23, "saillie": 1.27}}, {"type": "Feature", "geometry": {"type": "Point", "coordinates": [-2.1256389, 48.6054581]}, "properties": {"id": "auto04472", "nom": "A4472", "auto": true, "z": 10.44, "saillie": 2.56}}, {"type": "Feature", "geometry": {"type": "Point", "coordinates": [-2.1647813, 48.6054228]}, "properties": {"id": "auto04473", "nom": "A4473", "auto": true, "z": 8.03, "saillie": 2.3}}, {"type": "Feature", "geometry": {"type": "Point", "coordinates": [-2.1238923, 48.6053891]}, "properties": {"id": "auto04474", "nom": "A4474", "auto": true, "z": 10.81, "saillie": 3.98}}, {"type": "Feature", "geometry": {"type": "Point", "coordinates": [-2.1294357, 48.6053665]}, "properties": {"id": "auto04475", "nom": "A4475", "auto": true, "z": 11.14, "saillie": 1.26}}, {"type": "Feature", "geometry": {"type": "Point", "coordinates": [-2.0263, 48.6053363]}, "properties": {"id": "auto04476", "nom": "A4476", "auto": true, "z": 8.13, "saillie": 1.09}}, {"type": "Feature", "geometry": {"type": "Point", "coordinates": [-2.1258308, 48.6051974]}, "properties": {"id": "auto04477", "nom": "A4477", "auto": true, "z": 10.4, "saillie": 2.41}}, {"type": "Feature", "geometry": {"type": "Point", "coordinates": [-2.1254483, 48.6051778]}, "properties": {"id": "auto04478", "nom": "A4478", "auto": true, "z": 10.7, "saillie": 2.6}}, {"type": "Feature", "geometry": {"type": "Point", "coordinates": [-2.1290356, 48.6051674]}, "properties": {"id": "auto04479", "nom": "A4479", "auto": true, "z": 11.24, "saillie": 1.31}}, {"type": "Feature", "geometry": {"type": "Point", "coordinates": [-2.1842734, 48.6051514]}, "properties": {"id": "auto04480", "nom": "A4480", "auto": true, "z": 12.75, "saillie": 6.45}}, {"type": "Feature", "geometry": {"type": "Point", "coordinates": [-2.1264699, 48.6050617]}, "properties": {"id": "auto04481", "nom": "A4481", "auto": true, "z": 10.43, "saillie": 2.45}}, {"type": "Feature", "geometry": {"type": "Point", "coordinates": [-2.1283177, 48.6050541]}, "properties": {"id": "auto04482", "nom": "A4482", "auto": true, "z": 11.22, "saillie": 1.86}}, {"type": "Feature", "geometry": {"type": "Point", "coordinates": [-2.1240666, 48.6049489]}, "properties": {"id": "auto04483", "nom": "A4483", "auto": true, "z": 10.65, "saillie": 3.77}}, {"type": "Feature", "geometry": {"type": "Point", "coordinates": [-2.2261657, 48.6048678]}, "properties": {"id": "auto04484", "nom": "A4484", "auto": true, "z": 9.68, "saillie": 4.96}}, {"type": "Feature", "geometry": {"type": "Point", "coordinates": [-2.1254131, 48.6048188]}, "properties": {"id": "auto04485", "nom": "A4485", "auto": true, "z": 10.59, "saillie": 1.53}}, {"type": "Feature", "geometry": {"type": "Point", "coordinates": [-2.1249765, 48.6048016]}, "properties": {"id": "auto04486", "nom": "A4486", "auto": true, "z": 10.65, "saillie": 2.45}}, {"type": "Feature", "geometry": {"type": "Point", "coordinates": [-2.0280753, 48.6045762]}, "properties": {"id": "auto04487", "nom": "A4487", "auto": true, "z": 8.29, "saillie": 1.25}}, {"type": "Feature", "geometry": {"type": "Point", "coordinates": [-2.0285085, 48.6045579]}, "properties": {"id": "auto04488", "nom": "A4488", "auto": true, "z": 8.29, "saillie": 1.25}}, {"type": "Feature", "geometry": {"type": "Point", "coordinates": [-2.1248435, 48.6045549]}, "properties": {"id": "auto04489", "nom": "A4489", "auto": true, "z": 10.82, "saillie": 2.65}}, {"type": "Feature", "geometry": {"type": "Point", "coordinates": [-2.1666522, 48.6045483]}, "properties": {"id": "auto04490", "nom": "A4490", "auto": true, "z": 7.81, "saillie": 2.65}}, {"type": "Feature", "geometry": {"type": "Point", "coordinates": [-2.1256556, 48.6045199]}, "properties": {"id": "auto04491", "nom": "A4491", "auto": true, "z": 10.49, "saillie": 1.06}}, {"type": "Feature", "geometry": {"type": "Point", "coordinates": [-2.1251613, 48.6044691]}, "properties": {"id": "auto04492", "nom": "A4492", "auto": true, "z": 10.82, "saillie": 1.73}}, {"type": "Feature", "geometry": {"type": "Point", "coordinates": [-2.2246574, 48.6044654]}, "properties": {"id": "auto04493", "nom": "A4493", "auto": true, "z": 8.33, "saillie": 4.25}}, {"type": "Feature", "geometry": {"type": "Point", "coordinates": [-2.16723, 48.6043429]}, "properties": {"id": "auto04494", "nom": "A4494", "auto": true, "z": 11.83, "saillie": 6.41}}, {"type": "Feature", "geometry": {"type": "Point", "coordinates": [-2.2238816, 48.6043192]}, "properties": {"id": "auto04495", "nom": "A4495", "auto": true, "z": 9.09, "saillie": 5.34}}, {"type": "Feature", "geometry": {"type": "Point", "coordinates": [-2.1575769, 48.6040409]}, "properties": {"id": "auto04496", "nom": "A4496", "auto": true, "z": 13.51, "saillie": 1.3}}, {"type": "Feature", "geometry": {"type": "Point", "coordinates": [-2.1248343, 48.6039063]}, "properties": {"id": "auto04497", "nom": "A4497", "auto": true, "z": 11.78, "saillie": 3.05}}, {"type": "Feature", "geometry": {"type": "Point", "coordinates": [-2.1244743, 48.6035612]}, "properties": {"id": "auto04498", "nom": "A4498", "auto": true, "z": 11.7, "saillie": 3.06}}, {"type": "Feature", "geometry": {"type": "Point", "coordinates": [-2.1568129, 48.603461]}, "properties": {"id": "auto04499", "nom": "A4499", "auto": true, "z": 12.95, "saillie": 1.26}}, {"type": "Feature", "geometry": {"type": "Point", "coordinates": [-2.1581628, 48.6033664]}, "properties": {"id": "auto04500", "nom": "A4500", "auto": true, "z": 12.48, "saillie": 1.52}}, {"type": "Feature", "geometry": {"type": "Point", "coordinates": [-2.1581415, 48.603151]}, "properties": {"id": "auto04501", "nom": "A4501", "auto": true, "z": 12.38, "saillie": 1.42}}, {"type": "Feature", "geometry": {"type": "Point", "coordinates": [-2.1586829, 48.6031275]}, "properties": {"id": "auto04502", "nom": "A4502", "auto": true, "z": 12.31, "saillie": 1.3}}, {"type": "Feature", "geometry": {"type": "Point", "coordinates": [-2.2225003, 48.6030096]}, "properties": {"id": "auto04503", "nom": "A4503", "auto": true, "z": 8.2, "saillie": 4.54}}, {"type": "Feature", "geometry": {"type": "Point", "coordinates": [-2.1241368, 48.6028907]}, "properties": {"id": "auto04504", "nom": "A4504", "auto": true, "z": 11.28, "saillie": 1.91}}, {"type": "Feature", "geometry": {"type": "Point", "coordinates": [-2.2218869, 48.6028562]}, "properties": {"id": "auto04505", "nom": "A4505", "auto": true, "z": 5.53, "saillie": 2.01}}, {"type": "Feature", "geometry": {"type": "Point", "coordinates": [-2.1576988, 48.6025212]}, "properties": {"id": "auto04506", "nom": "A4506", "auto": true, "z": 12.52, "saillie": 1.11}}, {"type": "Feature", "geometry": {"type": "Point", "coordinates": [-2.1674644, 48.6023134]}, "properties": {"id": "auto04507", "nom": "A4507", "auto": true, "z": 10.71, "saillie": 4.92}}, {"type": "Feature", "geometry": {"type": "Point", "coordinates": [-2.1243512, 48.6023045]}, "properties": {"id": "auto04508", "nom": "A4508", "auto": true, "z": 10.95, "saillie": 1.75}}, {"type": "Feature", "geometry": {"type": "Point", "coordinates": [-2.1240229, 48.6022826]}, "properties": {"id": "auto04509", "nom": "A4509", "auto": true, "z": 11.32, "saillie": 2.57}}, {"type": "Feature", "geometry": {"type": "Point", "coordinates": [-2.1676561, 48.6020527]}, "properties": {"id": "auto04510", "nom": "A4510", "auto": true, "z": 10.43, "saillie": 4.62}}, {"type": "Feature", "geometry": {"type": "Point", "coordinates": [-2.1247456, 48.6018909]}, "properties": {"id": "auto04511", "nom": "A4511", "auto": true, "z": 11.53, "saillie": 2.84}}, {"type": "Feature", "geometry": {"type": "Point", "coordinates": [-2.0345505, 48.6018145]}, "properties": {"id": "auto04512", "nom": "A4512", "auto": true, "z": 11.38, "saillie": 4.34}}, {"type": "Feature", "geometry": {"type": "Point", "coordinates": [-2.1246633, 48.601606]}, "properties": {"id": "auto04513", "nom": "A4513", "auto": true, "z": 11.58, "saillie": 2.89}}, {"type": "Feature", "geometry": {"type": "Point", "coordinates": [-2.0345229, 48.6015272]}, "properties": {"id": "auto04514", "nom": "A4514", "auto": true, "z": 10.24, "saillie": 1.9}}, {"type": "Feature", "geometry": {"type": "Point", "coordinates": [-2.1248587, 48.6013813]}, "properties": {"id": "auto04515", "nom": "A4515", "auto": true, "z": 11.49, "saillie": 2.71}}, {"type": "Feature", "geometry": {"type": "Point", "coordinates": [-2.1254001, 48.6013579]}, "properties": {"id": "auto04516", "nom": "A4516", "auto": true, "z": 11.99, "saillie": 1.05}}, {"type": "Feature", "geometry": {"type": "Point", "coordinates": [-2.1606276, 48.6013484]}, "properties": {"id": "auto04517", "nom": "A4517", "auto": true, "z": 12.4, "saillie": 1.5}}, {"type": "Feature", "geometry": {"type": "Point", "coordinates": [-2.1823014, 48.6011628]}, "properties": {"id": "auto04518", "nom": "A4518", "auto": true, "z": 9.24, "saillie": 3.12}}, {"type": "Feature", "geometry": {"type": "Point", "coordinates": [-2.1605523, 48.6011353]}, "properties": {"id": "auto04519", "nom": "A4519", "auto": true, "z": 12.11, "saillie": 1.21}}, {"type": "Feature", "geometry": {"type": "Point", "coordinates": [-2.1944591, 48.6009567]}, "properties": {"id": "auto04520", "nom": "A4520", "auto": true, "z": 11.48, "saillie": 4.21}}, {"type": "Feature", "geometry": {"type": "Point", "coordinates": [-2.1241563, 48.6008707]}, "properties": {"id": "auto04521", "nom": "A4521", "auto": true, "z": 11.13, "saillie": 2.4}}, {"type": "Feature", "geometry": {"type": "Point", "coordinates": [-2.1813384, 48.6007721]}, "properties": {"id": "auto04522", "nom": "A4522", "auto": true, "z": 9.21, "saillie": 3.56}}, {"type": "Feature", "geometry": {"type": "Point", "coordinates": [-2.1236515, 48.6007122]}, "properties": {"id": "auto04523", "nom": "A4523", "auto": true, "z": 11.33, "saillie": 1.95}}, {"type": "Feature", "geometry": {"type": "Point", "coordinates": [-2.1215227, 48.6006236]}, "properties": {"id": "auto04524", "nom": "A4524", "auto": true, "z": 13.46, "saillie": 1.24}}, {"type": "Feature", "geometry": {"type": "Point", "coordinates": [-2.1226595, 48.6005746]}, "properties": {"id": "auto04525", "nom": "A4525", "auto": true, "z": 12.65, "saillie": 1.05}}, {"type": "Feature", "geometry": {"type": "Point", "coordinates": [-2.1243989, 48.6005718]}, "properties": {"id": "auto04526", "nom": "A4526", "auto": true, "z": 11.04, "saillie": 2.38}}, {"type": "Feature", "geometry": {"type": "Point", "coordinates": [-2.1250309, 48.6003642]}, "properties": {"id": "auto04527", "nom": "A4527", "auto": true, "z": 11.37, "saillie": 2.69}}, {"type": "Feature", "geometry": {"type": "Point", "coordinates": [-2.1562671, 48.6001313]}, "properties": {"id": "auto04528", "nom": "A4528", "auto": true, "z": 12.5, "saillie": 1.04}}, {"type": "Feature", "geometry": {"type": "Point", "coordinates": [-2.1258218, 48.6001138]}, "properties": {"id": "auto04529", "nom": "A4529", "auto": true, "z": 11.47, "saillie": 2.76}}, {"type": "Feature", "geometry": {"type": "Point", "coordinates": [-2.1565813, 48.6000095]}, "properties": {"id": "auto04530", "nom": "A4530", "auto": true, "z": 12.84, "saillie": 1.44}}, {"type": "Feature", "geometry": {"type": "Point", "coordinates": [-2.1585736, 48.5998149]}, "properties": {"id": "auto04531", "nom": "A4531", "auto": true, "z": 12.67, "saillie": 1.03}}, {"type": "Feature", "geometry": {"type": "Point", "coordinates": [-2.1256819, 48.5997953]}, "properties": {"id": "auto04532", "nom": "A4532", "auto": true, "z": 11.31, "saillie": 2.62}}, {"type": "Feature", "geometry": {"type": "Point", "coordinates": [-2.1562859, 48.59977]}, "properties": {"id": "auto04533", "nom": "A4533", "auto": true, "z": 12.73, "saillie": 1.33}}, {"type": "Feature", "geometry": {"type": "Point", "coordinates": [-2.1566107, 48.5997559]}, "properties": {"id": "auto04534", "nom": "A4534", "auto": true, "z": 12.79, "saillie": 1.39}}, {"type": "Feature", "geometry": {"type": "Point", "coordinates": [-2.1625794, 48.599641]}, "properties": {"id": "auto04535", "nom": "A4535", "auto": true, "z": 13.01, "saillie": 1.32}}, {"type": "Feature", "geometry": {"type": "Point", "coordinates": [-2.1251771, 48.5996368]}, "properties": {"id": "auto04536", "nom": "A4536", "auto": true, "z": 11.21, "saillie": 2.55}}, {"type": "Feature", "geometry": {"type": "Point", "coordinates": [-2.1619804, 48.599631]}, "properties": {"id": "auto04537", "nom": "A4537", "auto": true, "z": 13.1, "saillie": 1.36}}, {"type": "Feature", "geometry": {"type": "Point", "coordinates": [-2.1244121, 48.5995977]}, "properties": {"id": "auto04538", "nom": "A4538", "auto": true, "z": 11.42, "saillie": 2.16}}, {"type": "Feature", "geometry": {"type": "Point", "coordinates": [-2.1614249, 48.5995109]}, "properties": {"id": "auto04539", "nom": "A4539", "auto": true, "z": 13.4, "saillie": 1.68}}, {"type": "Feature", "geometry": {"type": "Point", "coordinates": [-2.1255925, 48.5994386]}, "properties": {"id": "auto04540", "nom": "A4540", "auto": true, "z": 11.51, "saillie": 2.85}}, {"type": "Feature", "geometry": {"type": "Point", "coordinates": [-2.1576579, 48.5993499]}, "properties": {"id": "auto04541", "nom": "A4541", "auto": true, "z": 13.22, "saillie": 1.37}}, {"type": "Feature", "geometry": {"type": "Point", "coordinates": [-2.1963556, 48.5992512]}, "properties": {"id": "auto04542", "nom": "A4542", "auto": true, "z": 7.54, "saillie": 1.08}}, {"type": "Feature", "geometry": {"type": "Point", "coordinates": [-2.1566117, 48.599215]}, "properties": {"id": "auto04543", "nom": "A4543", "auto": true, "z": 12.4, "saillie": 1.2}}, {"type": "Feature", "geometry": {"type": "Point", "coordinates": [-2.1691692, 48.5992105]}, "properties": {"id": "auto04544", "nom": "A4544", "auto": true, "z": 8.09, "saillie": 2.02}}, {"type": "Feature", "geometry": {"type": "Point", "coordinates": [-2.1252431, 48.5992013]}, "properties": {"id": "auto04545", "nom": "A4545", "auto": true, "z": 11.4, "saillie": 2.73}}, {"type": "Feature", "geometry": {"type": "Point", "coordinates": [-2.1605127, 48.5990817]}, "properties": {"id": "auto04546", "nom": "A4546", "auto": true, "z": 13.01, "saillie": 1.56}}, {"type": "Feature", "geometry": {"type": "Point", "coordinates": [-2.1247418, 48.5990787]}, "properties": {"id": "auto04547", "nom": "A4547", "auto": true, "z": 11.53, "saillie": 2.82}}, {"type": "Feature", "geometry": {"type": "Point", "coordinates": [-2.2137812, 48.598993]}, "properties": {"id": "auto04548", "nom": "A4548", "auto": true, "z": 4.42, "saillie": 1.54}}, {"type": "Feature", "geometry": {"type": "Point", "coordinates": [-2.2131245, 48.5989497]}, "properties": {"id": "auto04549", "nom": "A4549", "auto": true, "z": 3.93, "saillie": 1.03}}, {"type": "Feature", "geometry": {"type": "Point", "coordinates": [-2.1250526, 48.598921]}, "properties": {"id": "auto04550", "nom": "A4550", "auto": true, "z": 11.58, "saillie": 2.86}}, {"type": "Feature", "geometry": {"type": "Point", "coordinates": [-2.1565222, 48.5988583]}, "properties": {"id": "auto04551", "nom": "A4551", "auto": true, "z": 13.59, "saillie": 2.13}}, {"type": "Feature", "geometry": {"type": "Point", "coordinates": [-2.1256986, 48.5988571]}, "properties": {"id": "auto04552", "nom": "A4552", "auto": true, "z": 11.29, "saillie": 2.54}}, {"type": "Feature", "geometry": {"type": "Point", "coordinates": [-2.1954901, 48.5987481]}, "properties": {"id": "auto04553", "nom": "A4553", "auto": true, "z": 12.11, "saillie": 3.98}}, {"type": "Feature", "geometry": {"type": "Point", "coordinates": [-2.2138644, 48.598737]}, "properties": {"id": "auto04554", "nom": "A4554", "auto": true, "z": 4.41, "saillie": 1.52}}, {"type": "Feature", "geometry": {"type": "Point", "coordinates": [-2.1600948, 48.5987032]}, "properties": {"id": "auto04555", "nom": "A4555", "auto": true, "z": 12.53, "saillie": 1.31}}, {"type": "Feature", "geometry": {"type": "Point", "coordinates": [-2.2215793, 48.5986868]}, "properties": {"id": "auto04556", "nom": "A4556", "auto": true, "z": 7.36, "saillie": 1.16}}, {"type": "Feature", "geometry": {"type": "Point", "coordinates": [-2.2129876, 48.5986673]}, "properties": {"id": "auto04557", "nom": "A4557", "auto": true, "z": 3.92, "saillie": 1.05}}, {"type": "Feature", "geometry": {"type": "Point", "coordinates": [-2.1965114, 48.5986314]}, "properties": {"id": "auto04558", "nom": "A4558", "auto": true, "z": 7.44, "saillie": 1.06}}, {"type": "Feature", "geometry": {"type": "Point", "coordinates": [-2.1252951, 48.5986221]}, "properties": {"id": "auto04559", "nom": "A4559", "auto": true, "z": 11.16, "saillie": 2.41}}, {"type": "Feature", "geometry": {"type": "Point", "coordinates": [-2.1591569, 48.5985637]}, "properties": {"id": "auto04560", "nom": "A4560", "auto": true, "z": 12.37, "saillie": 1.12}}, {"type": "Feature", "geometry": {"type": "Point", "coordinates": [-2.1957394, 48.5985209]}, "properties": {"id": "auto04561", "nom": "A4561", "auto": true, "z": 10.53, "saillie": 3.43}}, {"type": "Feature", "geometry": {"type": "Point", "coordinates": [-2.1256634, 48.5984981]}, "properties": {"id": "auto04562", "nom": "A4562", "auto": true, "z": 11.91, "saillie": 3.16}}, {"type": "Feature", "geometry": {"type": "Point", "coordinates": [-2.1583308, 48.5984553]}, "properties": {"id": "auto04563", "nom": "A4563", "auto": true, "z": 12.95, "saillie": 1.53}}, {"type": "Feature", "geometry": {"type": "Point", "coordinates": [-2.2147054, 48.5984477]}, "properties": {"id": "auto04564", "nom": "A4564", "auto": true, "z": 4.39, "saillie": 1.03}}, {"type": "Feature", "geometry": {"type": "Point", "coordinates": [-2.214377, 48.598426]}, "properties": {"id": "auto04565", "nom": "A4565", "auto": true, "z": 4.37, "saillie": 1.01}}, {"type": "Feature", "geometry": {"type": "Point", "coordinates": [-2.1689829, 48.5984253]}, "properties": {"id": "auto04566", "nom": "A4566", "auto": true, "z": 13.3, "saillie": 5.52}}, {"type": "Feature", "geometry": {"type": "Point", "coordinates": [-2.1685863, 48.5982622]}, "properties": {"id": "auto04567", "nom": "A4567", "auto": true, "z": 13.35, "saillie": 3.02}}, {"type": "Feature", "geometry": {"type": "Point", "coordinates": [-2.1264508, 48.5982117]}, "properties": {"id": "auto04568", "nom": "A4568", "auto": true, "z": 11.38, "saillie": 2.31}}, {"type": "Feature", "geometry": {"type": "Point", "coordinates": [-2.1274287, 48.5982056]}, "properties": {"id": "auto04569", "nom": "A4569", "auto": true, "z": 11.87, "saillie": 2.83}}, {"type": "Feature", "geometry": {"type": "Point", "coordinates": [-2.1260978, 48.5979385]}, "properties": {"id": "auto04570", "nom": "A4570", "auto": true, "z": 11.68, "saillie": 2.79}}, {"type": "Feature", "geometry": {"type": "Point", "coordinates": [-2.2128547, 48.5978798]}, "properties": {"id": "auto04571", "nom": "A4571", "auto": true, "z": 4.5, "saillie": 1.4}}, {"type": "Feature", "geometry": {"type": "Point", "coordinates": [-2.1583788, 48.5978402]}, "properties": {"id": "auto04572", "nom": "A4572", "auto": true, "z": 12.05, "saillie": 1.03}}, {"type": "Feature", "geometry": {"type": "Point", "coordinates": [-2.1272782, 48.5977794]}, "properties": {"id": "auto04573", "nom": "A4573", "auto": true, "z": 11.72, "saillie": 2.94}}, {"type": "Feature", "geometry": {"type": "Point", "coordinates": [-2.1266251, 48.5977715]}, "properties": {"id": "auto04574", "nom": "A4574", "auto": true, "z": 11.99, "saillie": 3.11}}, {"type": "Feature", "geometry": {"type": "Point", "coordinates": [-2.1260767, 48.5977231]}, "properties": {"id": "auto04575", "nom": "A4575", "auto": true, "z": 11.77, "saillie": 2.33}}, {"type": "Feature", "geometry": {"type": "Point", "coordinates": [-2.1249294, 48.5976644]}, "properties": {"id": "auto04576", "nom": "A4576", "auto": true, "z": 11.89, "saillie": 2.79}}, {"type": "Feature", "geometry": {"type": "Point", "coordinates": [-2.1552615, 48.5976509]}, "properties": {"id": "auto04577", "nom": "A4577", "auto": true, "z": 12.45, "saillie": 1.35}}, {"type": "Feature", "geometry": {"type": "Point", "coordinates": [-2.1547531, 48.5974566]}, "properties": {"id": "auto04578", "nom": "A4578", "auto": true, "z": 12.97, "saillie": 2.07}}, {"type": "Feature", "geometry": {"type": "Point", "coordinates": [-2.1259944, 48.5974382]}, "properties": {"id": "auto04579", "nom": "A4579", "auto": true, "z": 11.56, "saillie": 2.52}}, {"type": "Feature", "geometry": {"type": "Point", "coordinates": [-2.1546778, 48.5972435]}, "properties": {"id": "auto04580", "nom": "A4580", "auto": true, "z": 13.18, "saillie": 2.21}}, {"type": "Feature", "geometry": {"type": "Point", "coordinates": [-2.1283657, 48.5972277]}, "properties": {"id": "auto04581", "nom": "A4581", "auto": true, "z": 13.41, "saillie": 1.43}}, {"type": "Feature", "geometry": {"type": "Point", "coordinates": [-2.1259698, 48.5971868]}, "properties": {"id": "auto04582", "nom": "A4582", "auto": true, "z": 11.77, "saillie": 2.73}}, {"type": "Feature", "geometry": {"type": "Point", "coordinates": [-2.1264029, 48.5971682]}, "properties": {"id": "auto04583", "nom": "A4583", "auto": true, "z": 11.88, "saillie": 2.84}}, {"type": "Feature", "geometry": {"type": "Point", "coordinates": [-2.1553744, 48.5971412]}, "properties": {"id": "auto04584", "nom": "A4584", "auto": true, "z": 12.1, "saillie": 1.14}}, {"type": "Feature", "geometry": {"type": "Point", "coordinates": [-2.1621618, 48.597063]}, "properties": {"id": "auto04585", "nom": "A4585", "auto": true, "z": 12.1, "saillie": 1.2}}, {"type": "Feature", "geometry": {"type": "Point", "coordinates": [-2.1545989, 48.5969946]}, "properties": {"id": "auto04586", "nom": "A4586", "auto": true, "z": 13.04, "saillie": 2.01}}, {"type": "Feature", "geometry": {"type": "Point", "coordinates": [-2.155299, 48.5969281]}, "properties": {"id": "auto04587", "nom": "A4587", "auto": true, "z": 12.11, "saillie": 1.0}}, {"type": "Feature", "geometry": {"type": "Point", "coordinates": [-2.1260935, 48.5967849]}, "properties": {"id": "auto04588", "nom": "A4588", "auto": true, "z": 11.91, "saillie": 2.57}}, {"type": "Feature", "geometry": {"type": "Point", "coordinates": [-2.2142052, 48.5967027]}, "properties": {"id": "auto04589", "nom": "A4589", "auto": true, "z": 4.94, "saillie": 1.02}}, {"type": "Feature", "geometry": {"type": "Point", "coordinates": [-2.2138697, 48.5966092]}, "properties": {"id": "auto04590", "nom": "A4590", "auto": true, "z": 4.93, "saillie": 1.04}}, {"type": "Feature", "geometry": {"type": "Point", "coordinates": [-2.1252464, 48.5964608]}, "properties": {"id": "auto04591", "nom": "A4591", "auto": true, "z": 11.72, "saillie": 1.98}}, {"type": "Feature", "geometry": {"type": "Point", "coordinates": [-2.1247557, 48.5964459]}, "properties": {"id": "auto04592", "nom": "A4592", "auto": true, "z": 11.86, "saillie": 1.93}}, {"type": "Feature", "geometry": {"type": "Point", "coordinates": [-2.1258643, 48.5961097]}, "properties": {"id": "auto04593", "nom": "A4593", "auto": true, "z": 12.94, "saillie": 2.68}}, {"type": "Feature", "geometry": {"type": "Point", "coordinates": [-2.1244653, 48.5957013]}, "properties": {"id": "auto04594", "nom": "A4594", "auto": true, "z": 13.57, "saillie": 2.52}}, {"type": "Feature", "geometry": {"type": "Point", "coordinates": [-2.1250537, 48.5956038]}, "properties": {"id": "auto04595", "nom": "A4595", "auto": true, "z": 13.48, "saillie": 2.38}}, {"type": "Feature", "geometry": {"type": "Point", "coordinates": [-2.1656466, 48.5954693]}, "properties": {"id": "auto04596", "nom": "A4596", "auto": true, "z": 13.39, "saillie": 1.14}}, {"type": "Feature", "geometry": {"type": "Point", "coordinates": [-2.1567777, 48.5953856]}, "properties": {"id": "auto04597", "nom": "A4597", "auto": true, "z": 12.86, "saillie": 1.83}}, {"type": "Feature", "geometry": {"type": "Point", "coordinates": [-2.1254986, 48.5951519]}, "properties": {"id": "auto04598", "nom": "A4598", "auto": true, "z": 12.88, "saillie": 2.05}}, {"type": "Feature", "geometry": {"type": "Point", "coordinates": [-2.1574531, 48.5950679]}, "properties": {"id": "auto04599", "nom": "A4599", "auto": true, "z": 12.39, "saillie": 1.05}}, {"type": "Feature", "geometry": {"type": "Point", "coordinates": [-2.1634319, 48.5950607]}, "properties": {"id": "auto04600", "nom": "A4600", "auto": true, "z": 11.97, "saillie": 1.31}}, {"type": "Feature", "geometry": {"type": "Point", "coordinates": [-2.1249974, 48.5950293]}, "properties": {"id": "auto04601", "nom": "A4601", "auto": true, "z": 12.47, "saillie": 1.1}}, {"type": "Feature", "geometry": {"type": "Point", "coordinates": [-2.1620681, 48.5950118]}, "properties": {"id": "auto04602", "nom": "A4602", "auto": true, "z": 13.51, "saillie": 2.48}}, {"type": "Feature", "geometry": {"type": "Point", "coordinates": [-2.1625987, 48.5948806]}, "properties": {"id": "auto04603", "nom": "A4603", "auto": true, "z": 13.03, "saillie": 1.79}}, {"type": "Feature", "geometry": {"type": "Point", "coordinates": [-2.1569988, 48.5948712]}, "properties": {"id": "auto04604", "nom": "A4604", "auto": true, "z": 12.46, "saillie": 1.13}}, {"type": "Feature", "geometry": {"type": "Point", "coordinates": [-2.1632376, 48.5947446]}, "properties": {"id": "auto04605", "nom": "A4605", "auto": true, "z": 13.47, "saillie": 2.49}}, {"type": "Feature", "geometry": {"type": "Point", "coordinates": [-2.1607842, 48.5946709]}, "properties": {"id": "auto04606", "nom": "A4606", "auto": true, "z": 12.44, "saillie": 1.4}}, {"type": "Feature", "geometry": {"type": "Point", "coordinates": [-2.160384, 48.5944719]}, "properties": {"id": "auto04607", "nom": "A4607", "auto": true, "z": 12.38, "saillie": 1.29}}, {"type": "Feature", "geometry": {"type": "Point", "coordinates": [-2.1671782, 48.5944652]}, "properties": {"id": "auto04608", "nom": "A4608", "auto": true, "z": 13.26, "saillie": 1.01}}, {"type": "Feature", "geometry": {"type": "Point", "coordinates": [-2.1542288, 48.5943423]}, "properties": {"id": "auto04609", "nom": "A4609", "auto": true, "z": 13.39, "saillie": 1.85}}, {"type": "Feature", "geometry": {"type": "Point", "coordinates": [-2.1600309, 48.5941988]}, "properties": {"id": "auto04610", "nom": "A4610", "auto": true, "z": 12.19, "saillie": 1.1}}, {"type": "Feature", "geometry": {"type": "Point", "coordinates": [-2.1567009, 48.5940548]}, "properties": {"id": "auto04611", "nom": "A4611", "auto": true, "z": 12.64, "saillie": 2.25}}, {"type": "Feature", "geometry": {"type": "Point", "coordinates": [-2.159133, 48.5939132]}, "properties": {"id": "auto04612", "nom": "A4612", "auto": true, "z": 11.6, "saillie": 1.01}}, {"type": "Feature", "geometry": {"type": "Point", "coordinates": [-2.1595661, 48.5938944]}, "properties": {"id": "auto04613", "nom": "A4613", "auto": true, "z": 12.17, "saillie": 1.23}}, {"type": "Feature", "geometry": {"type": "Point", "coordinates": [-2.1567302, 48.5938012]}, "properties": {"id": "auto04614", "nom": "A4614", "auto": true, "z": 11.96, "saillie": 1.18}}, {"type": "Feature", "geometry": {"type": "Point", "coordinates": [-2.1595377, 48.5936072]}, "properties": {"id": "auto04615", "nom": "A4615", "auto": true, "z": 12.2, "saillie": 1.19}}, {"type": "Feature", "geometry": {"type": "Point", "coordinates": [-2.1585564, 48.5935777]}, "properties": {"id": "auto04616", "nom": "A4616", "auto": true, "z": 11.98, "saillie": 1.08}}, {"type": "Feature", "geometry": {"type": "Point", "coordinates": [-2.1591447, 48.59348]}, "properties": {"id": "auto04617", "nom": "A4617", "auto": true, "z": 12.06, "saillie": 1.1}}, {"type": "Feature", "geometry": {"type": "Point", "coordinates": [-2.1577303, 48.5934693]}, "properties": {"id": "auto04618", "nom": "A4618", "auto": true, "z": 11.91, "saillie": 1.1}}, {"type": "Feature", "geometry": {"type": "Point", "coordinates": [-2.1581633, 48.5934505]}, "properties": {"id": "auto04619", "nom": "A4619", "auto": true, "z": 11.82, "saillie": 1.01}}, {"type": "Feature", "geometry": {"type": "Point", "coordinates": [-2.1869675, 48.5928461]}, "properties": {"id": "auto04620", "nom": "A4620", "auto": true, "z": 13.24, "saillie": 1.62}}, {"type": "Feature", "geometry": {"type": "Point", "coordinates": [-2.1891076, 48.5925003]}, "properties": {"id": "auto04621", "nom": "A4621", "auto": true, "z": 13.29, "saillie": 1.46}}, {"type": "Feature", "geometry": {"type": "Point", "coordinates": [-2.1881084, 48.5922915]}, "properties": {"id": "auto04622", "nom": "A4622", "auto": true, "z": 12.46, "saillie": 1.03}}, {"type": "Feature", "geometry": {"type": "Point", "coordinates": [-2.1870658, 48.5921928]}, "properties": {"id": "auto04623", "nom": "A4623", "auto": true, "z": 13.09, "saillie": 1.69}}]}